utterance_id,year,month,speaker_display,speaker_party,primary_framing,speech_cluster,text
ParlaMint-NL_2022-03-23-tweedekamer-4.u120,2022,2022-03,Pieter Grinwis,Unknown,energy-general,2,"It is good if TNO's research is updated. It was then about 500,000 households, of which three quarters live in rental homes, with a risk of energy poverty or living in energy poverty. I have already seen estimates where this has increased to over 1 million households, with a larger share of home homes added, especially in rural areas. It's all known. It is good that this is updated quickly. This is precisely why the coalition agreement agreed firstly to remove the landlord's tax, to ensure that performance agreements are made and to promote the phasing out of poorly isolated housing. These are properties with labels E, F and G. Secondly, the national isolation programme has been agreed. My question is whether TNO can discuss action options in its analysis to quickly reduce the risk. I would also like to ask whether the government in its appreciation of the investigation, as soon as it comes to the Chamber, can address the question of how what has been agreed could possibly be intensified or accelerated, both in the case of housing corporations and other landlords, as well as in the case of the national isolation programme. Because if the budget is not sufficient next year, then of course until 2030 the climate and transition fund still has quite a bit of a budget. I know that the Minister for Climate and Energy is going to look favourably at whether there is sufficient budget to really reduce the risk of energy poverty in the short term."
ParlaMint-NL_2020-11-26-tweedekamer-2.u230,2020,2020-11,Kathalijne Buitenweg,Unknown,energy-general,0,"I hear a lot of different things, I must say. At the beginning, the Minister said that it is mainly a matter for the people there. Then there's some pressure put on it by D66, and then there's some more fire. I would say, above all, hold on to that, and don't be as shabby as at the beginning. The Minister now also says that they do say that it is also about clearing the case law. Then it's not just a case for there, it's a case for us as well. Minister Van Engelshoven recently said, I think a few weeks ago, in a debate: perhaps we should think about such a leading group of Member States; I am going to discuss this in the cabinet. Now I hope for a small explanation of what exactly has been the consideration following this conversation which, I presume, has actually taken place. The Minister now sees such a leading group primarily as undermining the strength of the European Commission; at least, it seems. But you can also see it as a reinforcement that we not only let the Commission take the coals out of the fire, but that we make it clear on several fronts that this is an issue for all of us. Then we can also see how we can work together with Member States, for example in Spain and Italy, to make it clear that this is a joint thing. I would like the possibility to be actively examined by this Minister for Legal Protection, including European legal protection."
ParlaMint-NL_2021-07-08-tweedekamer-8.u56,2021,2021-07,Dilan Yeşilgöz- Zegerius,Unknown,economic,2,"The motion in part No. 785 on the SDE++ I advise against. This concerns future CO-free capacity subsidies. It is not wise to limit this and exclude it for innovation subsidies. It has not yet been used, but the motion asks me to rule everything out. I wouldn't want to do that right now. The motion in part No. 786 by Mr Van der Lee and Mr Bontenbal, and calls for the roll-out of hybrid heat pumps. That seems to me to support policy; good idea, we are going to do it. We already did."
ParlaMint-NL_2019-11-20-tweedekamer-7.u192,2019,2019-11,Femke Merelvan Kooten- Arissen,Unknown,economic,0,"Thank you, Mr President. A cop who can do his or her best work is indispensable to your sense of safety and is vital. Anyone who has ever needed the police to protect themselves, another or an animal knows that this is true. Then you don't want to have to look for an internet form or a so-called pop-up police station, which is a name that disappeared as suddenly as it had come, but then you seek the familiarity of the familiar face of the district agent. Then you do not want to report it at a so-called 3D declaration counter, in an abandoned building or at your municipality with very limited opening hours. Then you really want to connect with a physical person, from person to person, that reassures you, listens to you and protects you. The president of the ACP police union says: we see that the problems are acute and that there are far too few agents in the streets, in the neighbourhood and in the neighbourhood; there are also too few people in the police department to solve criminal offences, and in society the need and expectation is that they will succeed. Mr. Chairman. This isn't new. After all the cuts, the minister had to be packed in efficiency strokes, and the transformation into a log national police force, the ageing population and the huge outflow within the police and the much too limited influx into the academy for many years, no, should have foreseen this. Even now, it's sticking patches. Already, the consequences of far too few agents are fully felt in society. But what does the Minister do? To really solve the many problems within the police, 75 to 100 million is needed, among other things for 17,000 new agents. This was argued by the ACP police union in May. How far do the police and the security of our society have to sink through the ice before the minister starts investing structurally in the police? I'd like a response. Mr. Chairman. The shortage of capacity creates problems everywhere. In society, citizens try to solve the capacity problems and the disappearance of the district agent themselves and keep their neighborhood safe by setting up WhatsApp groups, deploying civilian searches and by civilian surveillance in the neighborhood, armed with just a flashlight. Such initiatives are the result of a lack of peace on the part of the police and of delays in driving, particularly in rural areas. Does the Minister consider it his responsibility to end the need for such citizens' initiatives? Does the Minister agree with me that one district agent out of 5,000 citizens is far too little and that the breeding ground for even more violent incidents in which people or groups take the law into their own hands because they do not feel heard or because they see that no action is being taken against injustice and suffering can only be taken away if the police can do their job fully again and the citizens can rely on it? Mr. Chairman. Speaking of citizen's confidence, there are still expensive 0900 forwarding numbers that appear high on the internet search ""no urgency, but police"" and which, unlike the free number 0900-8844, cost a lot of money. How is it possible that this is still possible? Years ago, Parliament questions were asked about it. The Authority's Consumer & Market referred to the website as ""unwanted but not illegal'. Can't the Minister put an end to this? Mr. Chairman. For the police, the consequences of undercapacity are not easy either: enormous workload, hectic in roasting, disease breakdown, burn-outs, tensions within the corps, PTSD, insecurity for agents and citizens, reports and declarations that remain, animal welfare, environment and youth tasks that no longer need time because we need to maintain emergency aid with man and power, because we also need resuscitation. The basic team chiefs set priorities and the task holders no longer belong to their specialties. How can there be more attention to issues such as violence against Ibti's people when all energy is needed for emergency aid? How can more effective action be taken against child abuse, children who grow up in an unsafe home situation? How can there be more violence against animals if there is no longer time for task holders to tackle this issue? Now it is up to the Member to take over. It has been given many new tasks, while it also lacks capacity. How's the Minister gonna solve all this? Mr. Chairman. All kinds of unorthodox measures are being taken by the Minister. No proposal is really too crazy to continue to function more or less with less capacity, far too few agents. I would like to join with all the questions that have been asked about the extended powers of police and security services, about algorithms, additional camera surveillance including facial recognition, the drag law and privacy, and the civil rights of innocent citizens, which are seriously at risk. Mr. Chairman. Then the taser. We got a letter of inquiry. Does the Minister agree with me that resting agents with this taser is not a solution to the capacity problem either? You can't count on that to arrest fewer cops. At my request, the Minister took note of the advice of the UN Committee on Torture, for which he thanked. But can the Minister please go into the proportionality of the power-bulb weapon again? In the United Kingdom, 18 people have died since the arms were imported after it was used against them. Can the Minister respond to the risks clearly described in an analysis in the NRC last Saturday? There is no provision for studies to work in a controlled setting. The Minister wants to exempt weaker groups from using the taser. But how does a cop see if a woman is, for example, four months pregnant? And why aren't the elderly excluded? Mr. Chairman. We need an emergency plan for the police. Yesterday we received a letter of fire from the trade unions stating that in the very short term, now, choices must be made by this cabinet, by this minister. The only concrete plan available concerns the length of training of agents. Probably getting shorter, more practice, more on the street. Does the Minister agree with me that training is precisely the most valuable basis for a police force that has confidence in itself on the one hand and gives citizens confidence on the other? Does the Minister agree with me that the solution to the problems of capacity, the ageing population, the massive outflow of agents and the hole that creates this outflow should not be sought in the reduction of training? An organisation in charge of the monopoly of violence is in charge of the essential and not to be underestimated important task of keeping this country safe must seek the solution not in reducing training, but in investing in the educational organisation. It's already beeping and cracking in this organization, because it has to grow from 2,000 students to 2,700 students a year. Can the Minister reflect on this? Mr. Chairman. The trade unions have now decided to come up with their own contingency plan to deal with the problems. Shouldn't the minister have taken the lead here proactively? This is in view of the importance of an optimally functioning police force, for which the Minister is responsible. Instead, the Minister writes, a little ominous, that ""uncomfortable choices"" must be made in the coming years. What exactly does the Minister mean? Mr. Chairman. Thank you."
ParlaMint-NL_2020-07-02-tweedekamer-79.u1,2020,2020-07,Khadija Arib,Unknown,energy-general,0,"The next item is the VAO Climate and Energy, with Mr Van der Lee van GroenLinks as the first speaker. Welcome to the Minister."
ParlaMint-NL_2020-06-11-tweedekamer-9.u96,2020,2020-06,Mark Harbers,Unknown,energy-general,0,"I always think it should be as cheap as possible. If we do nothing, the coal plants will close by 2030 anyway. We don't have to spend any more money for that. Everything you do to speed up should be as cost-effective as possible. That is why I am so curious about the outcome of the discussions that the Minister is having. Thank you."
ParlaMint-NL_2020-11-04-tweedekamer-3.u138,2020,2020-11,Tomvander Lee,Unknown,climate,0,"Then we don't have to rush and I can take a breath. I'd like to move on to the Secretary of State. I don't really feel like she's thinking in transitions. That's partly because of what she says in the media. Even against the corona policy, she calls people to go shopping. But also in the major processes of change I miss the decisiveness of her when it comes to accelerating the transitions. I wonder if I'm wrong about that, or if the Secretary of State can convince me that she's going for it. She has a lot of heart for SMEs. I am curious to see what it has achieved sustainably for SMEs in this cabinet period. On the important subject of digitalisation, besides sustainability, there is not for nothing the second priority, which is also at the heart of all these European packages, and I also have a number of questions that relate to the long term. In itself, I welcome the action taken by the Secretary of State, together with her French colleague, who I believe is even the Minister of digitalization. I understand from the non-verbal reactions that this is not the case, so I am apparently misinformed; then he is also Secretary of State, Mr Delors, a non-paper on the digital service act, a very important subject. There are good things in it when it comes to data sharing, data portability and data interoperability. Kees Verhoeven can say that much better than I do. However, much less is written about structural measures, such as cutting up big tech companies, the frightening five, we know all of them, which have grown by 20% in this period of corona. They were already the largest companies in the world, but they've grown another fifth. The Secretary of State had a bit of a hint in the media that cutting up companies could be an ultimatum remedium. I find that interesting. I'd like to hear more about that. When has the Secretary of State come the moment when, as a political party, we cannot, as the Netherlands alone, but in a European context, build up the enormous market power of these companies, which not only have enormous value, but also with a huge amount of services in many markets at the same time with a huge amount of information, cannot cut back a little more structuralally, by cutting them up, or by banning them from offering too many services at the same time? I would like to hear her long-term thinking about digitisation on this point. Finally, I am finished, within my speaking time, I would like to say a word of thanks to all the members of the two governments. It is an unprecedentedly difficult time, also in the area of economic affairs and climate, because of the gas extraction, because of climate change, because of corona, and later on also because of brexit. A lot of work needs to be done. I think that more colleagues would actually have wanted and should have had to be able to handle all the work. I thank them very much for all the work that has been done."
ParlaMint-NL_2019-06-26-tweedekamer-6.u222,2019,2019-06,Eric Wiebes,Unknown,energy-general,0,"The motion in part No. 12, by Mr Van der Lee, asks the government to ensure that there is a guarantee that if the Amercentrale does not rely entirely on renewable biomass, there is a sustainable alternative. What they can be required to do is not about the Amercentrale but about the enforcement of a law will therefore never be coal, but if I may read'sustainable' as 'non-coal', then of course it is up to this operator himself. Because driving individual power stations as part of my task package really goes too far. So if I can read the motion like that, I'll leave that judgment room. Then we have the same intention."
ParlaMint-NL_2022-02-03-tweedekamer-12.u137,2022,2022-02,Don Ceder,Unknown,security,1,"Yes, Mr. Chairman. As indicated earlier, we need to keep the conversation going at the same time. That is why I welcome, for example, the Normandy Format, although it is at the advisory level. We must also continue to make it clear to Russia that NATO is not a threat in this respect. I am pleased to read in the Minister's letter that NATO is also willing to listen to any concerns of Russia and to engage in dialogue and so let it go that way. Mr. Chairman. Does the Minister see any possibility of restoring the links that Russia has broken between NATO and itself, without responding to all sorts of unreasonable demands of Russia? Could the Netherlands play its own role in this? I've got two seconds. That is why I am asking what is going on with our previous request for foreign gas. Think of America, Israel, Cyprus and so on. Thank you, Mr. Chairman."
ParlaMint-NL_2021-09-28-tweedekamer-12.u2,2021,2021-09,Tomvander Lee,Unknown,energy-general,0,"Thank you, Mr. Chairman. Nice to see you here in this role. There is a lot going on in the field of climate and energy in Europe and in the Netherlands. There are a lot of issues to discuss, but I would like to limit myself to three points, on which I have motions for resolutions. [[Motion]] [[The Chamber,]] [[heard the debate,]] [[Whereas industry, built environment and mobility require large-scale electrification in the coming years in order to maintain climate targets;]] [[noting that sufficient supply of green electricity is essential for this;]] [[Whereas the supply of energy regions is much higher than the current SDE++ ceiling of 35 TWh;]] [[calls on the Government to ask an independent party for an opinion on how to deal with renewable energy on land after 2025,]] [[and goes to the order of the day.]] [[This motion was tabled by Mr Van der Lee, Mr Thijssen and Mr Boucke.]] [[She's getting No. kst-32813-845]]"
ParlaMint-NL_2022-02-03-tweedekamer-12.u23,2022,2022-02,Jaspervan Dijk,Unknown,security,1,"I very much agree that you must support unity. Very. That is why I made a plea for the OSCE. That's the platform, that's the stage on which we need to talk. That is where European countries talk to each other about peace, democracy and security. That's where you have to get consensus. I agree that European countries should be as united as possible on a position in this regard. That is why I asked for the Germans' position to be followed, which also says: you must not deliver weapons to Ukraine, because that is oil on the fire."
ParlaMint-NL_2021-05-20-tweedekamer-23.u4,2021,2021-05,Alexander Kops,Unknown,energy-general,2,"Motion three. [[Motion]] [[The Chamber,]] [[heard the debate,]] [[noting that new buildings will no longer be connected to gas from 1 July 2018;]] [[noting that non-gas construction is pointless and leads to delays and higher costs;]] [[points out that there is nothing like a trusted gas connection on the best and most reliable gas network in the world;]] [[calls on the Government to reverse the abolition of the gas connection obligation,]] [[and goes to the order of the day.]] [[This motion has been proposed by the Member Kops.]] [[She's getting No. kst-32813-693]]"
ParlaMint-NL_2021-10-05-tweedekamer-23.u121,2021,2021-10,Wopke Hoekstra,Unknown,energy-general,0,"Thank you, Mr President. I'm gonna let the nuance of a moment's notice work on me. I would like to begin by thanking Mr Remkes very much for his knowledge, skill and enormous energy. I got to know him as a sober Groninger with Limburg's joie de vivre. That's two things that make me, especially in combination..."
ParlaMint-NL_2021-12-14-eerstekamer-4.u106,2021,2021-12,Ferd Crone,Unknown,energy-general,0,"I'm that mouse on that bridge that keeps pounding. It would have been much simpler with the rent allowance and then the people at the bottom would have been compensated, implicit, just for that gas disadvantage you call. I agree with you about your cause, but your solution would have been simpler in the context of your dilemma with the rent allowance instead of making up a new supplement through municipalities. Bureaucratic and individualistic."
ParlaMint-NL_2021-07-06-eerstekamer-11.u3,2021,2021-07,Kajsa Ollongren,Unknown,energy-general,0,"Thank you very much, Mr President. I have two debates here today, so I hope I can keep the two well apart. If I suddenly start talking about municipal reclassifications, you will know that something is not going well, because we are indeed talking about the Housing Act now. I'm glad we're dealing with them today, not long before the summer recess. The House Act is an important law. Reference has already been made to the history of the Housing Act and to how important that law has been, even in the past. I think we do have a special construction in the Netherlands, in which we have housing corporations that really make an indispensable contribution to housing in the Netherlands. And yes, in the recent past, there has also been some error in the housing corporations. That was also reason to tackle that and to really attract the reins. But if you look all over history and keep an eye on the goal, that is of course making sure that there are affordable rentals of good quality for people who need it, who otherwise could not find a good home with them. As I said, there was reason to change the law in 2015. At that time, the activities of corporations were highly regulated. This has led the corporations to focus more on what they actually exist for, namely: housing those people who really need it. That is the most important task they have. At that time, we had seen that housing corporations had actually strayed from their core task. They had sometimes strayed so far that it was also at the expense of that core task. That's not good. It is therefore perfectly understandable that this happened at the time. There was every reason to tighten up and amend that law. At the same time, we have found that the law leaves too little room for local customisation and that it has also led to relatively high administrative burdens. What do we want to achieve with this change of law? With this change of law, we want to enable corporations to play their role better. It's just about the core of the job they have in the housing market. I am really glad to hear in the Chamber today that this is supported here too, especially when it comes to the functioning, feasibility and future stability of the law. This is seen in cases such as local customization, less administrative burden, more risk-oriented supervision by removing detailed rules............................................................................................................................................................................................. In doing so, I believe that the strength of the corporations improves, so that they are even better able to provide those affordable, sustainable and high-quality homes for those who need them, people with lower incomes. The corporations are there to build houses and manage houses, we all know that, but of course they also have a very important role to play in making homes more sustainable. They also have a very important role when it comes to the viability of the neighbourhoods in the Netherlands. You will also have noticed that the changes were not just conceived in the Ministry, but that we are really working closely together with Aedes, but also with the Housing Union, the VNG and the Authority for Housing Corporations, for example. We do that in good cooperation. Mr President, I now turn to the specific questions. First of all, a few questions about sustainability. Mrs De Boer asked whether the housing vision and performance agreements could include an obligation to set sustainability requirements for new construction. So the bill also makes it easier for housing corporations to make it more sustainable. The corporations are obliged, on the basis of popular housing priorities, set by the responsible minister every four years, to make known their intentions for sustainability in their municipal housing vision. Municipalities and also the tenants just need to know what their plans are. Next, local performance agreements are made, as we always do, so that I can ensure that the discussion about sustainability is conducted locally, and that parties include this in their performance agreements. So you can see through that route that in by far the majority of performance agreements sustainability measures are agreed between local parties. Mr Van Hattem asked whether corporations could introduce land positions in energy cooperatives. He quoted from the explanatory memorandum the possibilities for cooperation with energy cooperatives. The bill offers corporations more opportunities to invest in energy generation, but it has to be about energy generation on or on their own buildings and the underlying land, just like other property owners can do. Energy generation at unbuilt land positions of housing corporations is not included. Windmill parks, solar fields, large-scale energy generation, that is not the domain of popular housing but is the domain of energy suppliers. That is not the job of the housing corporations either. The social capacity they have is therefore not intended for this purpose either."
ParlaMint-NL_2019-01-16-tweedekamer-7.u125,2019,2019-01,Stientjevan Veldhoven,Unknown,energy-general,0,"Mr. Chairman. Then I'll go to the source policy. Questions have been asked about this by D66, the VVD, GroenLinks, the SP; in fact, almost everyone of you has asked questions about this. A question from D66 was in which ways heaters can be further improved, next to Ecodesign. It's good to stoke and not to stoke at the wrong time. There are still varying experiences with filters at the moment. Mrs Van Eijs made specific reference to this. They can also be very expensive. In the context in which we try to keep people's energy bills from running out unnecessarily, you should also ask yourself whether the mandatory installation of a very expensive filter is proportional to the profit you make with it. But I think we should check it out. In the context of the Clean Air Agreement, we will, of course, also look at points of reference: what points do we consider to be cost-effective in achieving further improvements in air quality? TNO sets out the options for me; that report will come in the spring. I will therefore involve that knowledge again in the design of the Clean Air Agreement. Mr Ziengs asked how consultations with the industry had taken place. There have been several contacts. The industry itself has indicated that there is no problem in these trade stocks. Leaving this in effect by 2020 also means that there is another year to sell the already purchased stock under the old rules. The industry has indicated in a press release that it is also positive about this proposal. As regards minimum requirements for an existing installation: heaters that are already in use shall be replaced over time. By tightening the rules, they are replaced by cleaner heaters. Mrs Van Eijs asked whether we are also learning from neighbouring countries. Germany has a specific measure for this purpose. I will request, inform and evaluate that information to see if that would be a cost-effective measure. A number of members asked about installation requirements. That is one of the fifteen solutions that the Platform Houtstook and Health has sent to us. This is one of the solutions where I asked the platform to come up with further advice. We will then, of course, look at what it delivers, whether it is feasible and whether it is cost-effective. These are matters that must always be taken into account in each of these measures. Any adjustments should be made to the building regulations of the Ministry of Foreign Affairs. So I'm gonna get some information first. After that, I may have a discussion with the Minister for Foreign Affairs. A number of parties asked whether the subsidy on small pellet stoves could not be prohibited. In the draft climate agreement, we agreed that in 2019 we will evaluate the ISDE grant on small boilers. That's what my colleague from EZK is doing. It has been indicated that the effects on air quality will also be explicitly taken into account."
ParlaMint-NL_2022-04-20-tweedekamer-3.u41,2022,2022-04,Lammertvan Raan,Unknown,energy-general,2,"Yeah, with the same warning. I'm gonna go into what the Minister says anyway. He says he's on his own, but he's not alone at all. The IAEA also says: natural gas, and basically any fossil fuel, you have to leave in the ground. So he's basically got the whole science behind him. So he doesn't have to feel alone. Doesn't that make him feel stronger?"
ParlaMint-NL_2020-11-04-tweedekamer-3.u51,2020,2020-11,Alexander Kops,Unknown,energy-general,2,"Firstly, energy poverty is, of course, partly the result of climate policy. See, for example, the ODE, the storage of renewable energy. Since its introduction in 2013, this storage alone has led to an increase in the energy bill of hundreds of euros. Then Mrs Beckerman says: yes, but we still need to make it more sustainable. Research carried out by the PBL has just shown that this sustainability is profitable for virtually no one. It costs tens of thousands of euros per house, sometimes even a tonne per house. That is simply for no one to pay, but that money will have to be paid, left or right. That's got to come from somewhere, and as always, it comes from the ordinary people. What are you supposed to do? On the contrary, we must stop this climate policy. Then we can eliminate storage of renewable energy. We see that the energy tax on gas goes up again and again, 4 cents per cube, then 3 cents per cube, and why? To encourage people to go off the gas in the context of the climate, so to speak. But people don't do that because of the costs and then have a huge energy bill. So, in conclusion, if climate policy is to stop, then all related burdens, tax increases, can be immediately removed from the table."
ParlaMint-NL_2019-11-12-tweedekamer-12.u101,2019,2019-11,Stevenvan Weyenberg,Unknown,security,0,"I have always chosen the line, for a number of years now Mr Nijboer knows that I think there is no contradiction between the approach to tax avoidance and tax constructions and, at the same time, an attractive locational environment. I think that's a sham contradiction. I want you to do both, and companies that innovate and make money here will stay in the Netherlands as well. In that sense, I understand that you're also looking at the profit tax, but my election program didn't include that cut in profit tax. That's obvious. In fact, we want a European minimum rate, so that you may take away the economic urgency to do something about it. However, I would say to Mr Nijboer that I think that a reduction in the tax on profits is much more justifiable than the abolition of the tax on dividends. I know that Mr Nijboer agrees with me, and if I didn't know that, I saw it in his response. Mr. Chairman. The approach to tax avoidance is, in addition to making sure that next year people will receive a number of billions of relief in their wallets, the second important line of this cabinet. The coalition agreement was ambitious and this Secretary of State also fills that in very ambitious terms. That really is a trend break with the past. The Secretary of State is also praised for this, for example internationally by the OECD, the club of rich countries. That's the second red line. One of the most important measures is the withholding tax, which I would like to mention. As far as my group is concerned, the third red line is the greening of the tax system, both bread and much needed. I see that the Secretary of State is really taking steps in this Tax Plan to convert the measures of the Climate Agreement into legislation. He's the first as far as I'm concerned. As I said in the WHO, his colleagues can follow quickly, because the urgency is high and much needs to be done. Soon the CO tax for industry will come along. This is an important measure to ensure that industry also achieves 49% reduction. We will soon be talking about the flight tax, for which this Secretary of State is trying to get an international alliance. It remains bizarre that fueling a Fiat Twingo or a cup of coffee at Schiphol Airport is taxed more heavily than kerosene on an aircraft or, indeed, marine fuel. That is another area in which we must do something internationally about the tax exemptions that I do not consider to be explanatory. Mr. Chairman. From these three red lines I go to the concrete legislative proposals. The Tax Plan, the main law, contains, first of all, those tax measures that make people feel better in their pockets. We postpone the reduction in the tax on profits and in 2021 it will go down significantly less than the plan had been in the past. Tax reliefs are brought forward by the Cabinet, so we'll do them sooner. We are taking a number of measures such as the higher employment discount and a higher general tax discount. That is sensible, but there are also a number of more precise measures which I would like to consider. I believe that Mr Omtzigt has already mentioned the low VAT rate on electronic publications. It is indeed important that we see that the lower VAT rate is translated into lower prices. It's a search, but I'd still like to ask the Secretary of State what can be done there. Secondly, I welcome the answer, including in writing, to questions I asked in the legislative consultation on, for example, suppliers selling loose articles bundled. I mentioned the example of Blendle. As far as I am concerned, the written reply provided the clarity that was asked for in the sector and by me. I'm grateful to the Secretary of State for that. I'm still looking for future resilience. Is it future-proof, for example for providers who start offering things without advertising and without cookies, so you can pay the low VAT rate? The Secretary of State said if you start with that, you can. I continue to wrestle with him about providers who are not doing so now and who are going to make you pay a little more for a product without advertising, because that would not apply to the low VAT rate. I keep finding it complicated. But that a new provider with a new product without cookies and without advertising is completely covered by the low VAT rate, I have in any case cashed. I will come in the second term with a motion to continue monitoring that what we are doing here also supports future innovations in that sector and does not stand in the way. Mr. Chairman. The fact that company periodic penalty payments are no longer deductible for the tax on profits is a repair that I am very pleased with. I was here during Question Time with Minister Hoekstra, who then replaced the Secretary of State, in connection with the graphite rains from Tata in IJmuiden and Velsen. The fines they received for non-compliance were deductible, but that is now being repaired with this bill. I think that is right, because when you talk about incomprehensible to people, I found this incomprehensible to people. This bill also includes the increase in excise duty on tobacco. My group is in favour of this. We take a step towards that €10 per package, which we know will certainly make it easier for start-ups to start smoking and we can take the step towards a smoke-free generation. In the legislative consultation I asked, together with Mr Nijboer, very specifically about the treatment of the electric cigarette, the e-cigarette. It has been said that Secretary of State Blokhuis is already investigating whether it is harmful. I'll wait for that investigation. The signs that this is the case are increasing and they are not just coming from the United States. It's kind of weird that you don't burden that. That does not fit in with the current system and that is why I asked the Secretary of State if it would be harmful, he would see if, for example, you would have to make a separate consumption tax for that. The Secretary of State has now, as I understand it, promised a two-stage missile. I'd like to confirm that one more time. He awaits the investigation of Secretary of State Blokhuis. I'm okay with that. If the result is that there is health damage, which is expected to be D66, he will investigate whether a consumption tax is possible and whether something should not be done about it internationally. I believe that this is also a matter for the other Member States with which we are in the European Union. Did I get it that well? Then the trotting and racing. Mrs Lodders and I have drawn a great deal of attention to this. There are still conversations, also with NOC*NSF to make a compensation on that side. This is the only sport that we cannot compensate for at the moment for a tax measure, and I do not think that would explain this particular sport. The Secretary of State is optimistic. I would ask him to inform the Chamber as to when that solution will come. Can the Secretary of State state state state a time limit and will he undertake to inform us about it quickly? Then there's the transportation of care. We have concerns about whether enough electric vans for target transport can be put on the market in time. The Secretary of State says it's going very fast in the market and he's optimistic about it. We have another motion that was passed last year. That was from at least the four coalition parties, but I think it was widely supported. The request was to keep the finger on the wrist that we can really take that step towards electric transport and that we can offer that kind of transport. I would like to ask the Secretary of State once more whether he sees another need, and if that is possible, to do something for the first year at least. I'm telling you quite frankly, I don't know exactly how that could happen. I am still not quite sure whether it is really necessary, but I do understand the concern in the sector that the replacement will soon be blocked because the type of vans needed, including the number of people who fit in, are not available. I would like a little more clarification from the Secretary of State. Finally, in this legislative proposal, the landlord levy and, to be precise, the 10 times 100 million discount that can be applied flexibly. That money can therefore be spent earlier, for the first few years already more than 100 million, precisely in order to stimulate new construction. We have a crisis in the housing market and we need to make sure that it can be built, built and built. D66 has also said that this is a design aimed at scarcity areas. I understand that you want to be able to put down a substantial amount of money and then you want to focus on the areas where this new building is most needed, where the housing shortages are greatest. But my group also found and believes, looking at that list, that it is a difficult story for Nijmegen, Breda, Leeuwarden, Tilburg and Arnhem. What do I say to these municipalities about why they are not covered, when they are also just in those top 50 areas of cramped areas? In my view, this has been discussed extensively in the legislative consultation on Living. In the short term, I expect an amendment from at least the members of the coalition to extend it. Mr President, I see Mr Nijboer."
ParlaMint-NL_2022-02-23-tweedekamer-2.u270,2022,2022-02,Alexander Kops,Unknown,energy-general,3,"Protecting the Dutch coast is, of course, a very good plan. That's what we have to do. Of course, the Netherlands has been doing this for centuries. The Netherlands can do that very well. And if a delta commissioner says we're safe at least until 2050, I don't understand Mr Grinwis' panic. Mr Grinwis talks about ""putting the head in the sand."" Let's just look at the facts. The Netherlands is responsible for less than half a percent of total CO emissions. He blamed me... At least, it wasn't really a reproach, but he told me that I can't save the world and neither can he. But as the Netherlands, responsible for half a percent of these global emissions, we have no influence on this either. And then we're going to get houses off the gas here in the Netherlands, while households in Germany even get money if they take gas. We in the Netherlands are going to close down the few coal plants that we still have and which are by the way among the most modern and cleanest in the world, while there are plenty of coal plants being built up in Asia. And if we ignore that as if we could save the whole world in this small country with our climate policy, as Mr Grinwis does, then we will be sticking our heads in the sand."
ParlaMint-NL_2022-04-20-tweedekamer-4.u12,2022,2022-04,Henri Bontenbal,Unknown,energy-general,2,"Thank you, Mr. Chairman. The CDA has already argued several times for the refining route and the use of hydrogen in it. It is not hard enough for me and therefore this motion. [[Motion]] [[The Chamber,]] [[heard the debate,]] [[noting that the European Commission has made it possible to include green hydrogen used in refining processes in the share of renewable energy used in the transport sector;]] [[noting that national implementation of this will be a determining factor in determining which Member State's electrolysis plants will be deployed;]] [[noting that the use of hydrogen in this refining route in the Netherlands is currently only possible with an opening-up in the annual energy transport obligation in 2023 and 2024;]] [[Whereas such operators do not offer any long-term security and therefore will not invest in green hydrogen on the basis of this opening up;]] [[calls on the Government to make a proposal as soon as possible to open up the refining route after 2025 and to fully integrate the refining route into policy,]] [[and goes to the order of the day.]] [[This motion was tabled by Mr Bontenbal and Mr Grinwis.]] [[She's getting No. kst-328131030]]"
ParlaMint-NL_2019-09-25-tweedekamer-8.u9,2019,2019-09,Matthijs Sienot,Unknown,energy-general,0,"Mr. Chairman. Finally, I would like to call on the Minister to express his uncomfortable feeling about the 90 million acceleration budget for Shell and NAM. D66 wants under 12 billion cube as soon as possible. If it is not legally different, can the minister at least appeal to companies on their moral responsibility? Thank you."
ParlaMint-NL_2021-06-22-eerstekamer-8.u154,2021,2021-06,Dilan Yeşilgöz- Zegerius,Unknown,climate,0,"If I may, I will return to that last question in the second term. I'm just checking to see if I can actually go into that planning. When it comes to the declaration of a company, actually an industrial cluster such as Tata, that wants to make it more sustainable, there is just a lot of extra needed for wind at sea, for example. That is exactly what both the PIDI programme and the President-in-Office of the Council have always been short, but also in many other places. These are also the ideas that Mrs Minnesma recently shared with the Prime Minister and me. She says: the sustainability of industry could look like this and so much wind is needed at sea. She also put this on Mrs Hamer's table for the sake of a new cabinet. Here's the question. How much extra wind can you get at sea? How much infrastructure for hydrogen can you arrange? Within what timeframe do you want to ensure that industry can be made more sustainable? At the moment, Tata also says that he needs a lot of CCS in that transition phase. There are parties like the environmental organisations and the FNV that say: no, you can skip that if you do it in a different way. That's what they're looking at right now. An extra gigawatt is certainly what is planned. It could just be that I'm gonna be standing here more often, because we're gonna get more wind at sea."
ParlaMint-NL_2021-10-27-tweedekamer-8.u184,2021,2021-10,Pieter Grinwis,Unknown,energy-general,2,"Certainly, Mr. Chairman. I saved it for Mrs. Van der Plas. The reason for my question to her is what she said about high gas prices and the consequences for gardeners. Yeah, they're horrible. It sounded a bit like that because we have to be careful with climate policy, but maybe I misunderstood that. It would be fantastic for gardeners if they were no longer dependent on Russian gas, but on heat from their own soil. It would also be fantastic if we were to help gardeners by ensuring that the heat price is no longer linked to the gas price and that we help them to electrify without a penalty through a storage of renewable energy. When we take these steps, horticulture becomes greener, it is less dependent on Putin's expensive gas and we help not only horticulture but also the world a little further. There was some concern in the words of Mrs van der Plas. I'll share that. It also sounded a little too negative, while there are opportunities to help the horticulture further."
ParlaMint-NL_2020-01-30-tweedekamer-10.u2,2020,2020-01,Tjeerdde Groot,Unknown,climate,0,"Mr. Chairman. Winston Churchill once wrote an essay in which he expressed his surprise that keeping animals is a cumbersome method for eventually eating meat. In 1931 he provided the opportunity to make farm meat. That is an inspiring challenge, similar to the first man on the man. Because, Chairman, for our daily flesh, we prey on the earth. If we look at the use of biomass, all that we produce on Earth, then one third of it is used as animal feed. With a growing world population, which also eats more and more meat as prosperity grows, it is a fiction that can do so with the current agricultural model. Anyone who claims that we must export this current Dutch model deserves the noble prize for fiction. It just can't be, because you need three globes to feed all people. That's why D66 is focusing on circular agriculture where we're going to use the Earth much more efficiently. Unfortunately, there is still very little of that. And then grow meat. The Minister writes that she will continue to follow developments. That can't be true with a technology with so much potential! Imagine that the CEO of Kodak had said: we continue to follow the development of digital technology with interest. Imagine if Nokia had said: interesting, that smartphone, we'll keep an eye on it. Oh, no, they said that. But those companies are bankrupt. This attitude is a bit like that of city drivers who followed the development of the car with interest and in the meantime continued to focus their policies on reducing horse manure in the streets. A minister of tomorrow shouldn't be yesterday. D66 expects not only an open attitude but also direction from the cabinet. The most difficult route for young businesses is the approval of farmed meat as novel food. The government has experience in dealing with difficult, bureaucratic organisations such as EFSA. How do you make a file? How do you ensure that the raft and with a positive result go through the procedures? Help these companies with this! Mr. Chairman. In addition, it is necessary for the government to allow experiments. So not confiscate a piece of farmed meat, but ensure that the product can be developed in such a way that the dossier can be submitted. This simply includes tastings. In Germany it is allowed. I lend myself as a volunteer, as a test subject, for the first piece of farm meat, but I honestly do not feel like finishing that tasting with a criminal record. That is not the attitude of the government that is needed. Simply make sure that experiments are allowed. This is necessary for product development. Allow the testing of farmed meat under controlled conditions. It is now becoming increasingly clear that the livestock in the Netherlands is far too large. This solution is too late for the nitrogen crisis, but in the long term, farmed meat is an excellent alternative in terms of reducing the environmental impact of livestock farming, with minimal use of water and land and minimum greenhouse gas emissions. And not to mention the avoided animal suffering. Eat meat, not animals. I'm rounding up. The Netherlands was among the first countries to see the potential of farmed meat, which led to the first patent, in 1999. China, Israel, the United States and Germany are now in a race to launch the first commercial market. The Netherlands is missing in this list. Make it an inspiring journey to the moon, to prevent the earth from going to the philistines. Thank you."
ParlaMint-NL_2019-12-03-eerstekamer-9.u24,2019,2019-12,Niek Janvan Kesteren,Unknown,energy-general,0,"Thank you, Mr President. Coal is a highly polluting fuel to produce electricity. The present legislative proposal aims to ban this production and thus significantly reduce CO emissions and to take an important step towards meeting climate targets. The CDA Group supports this line of thinking, but the last word has not yet been said. Let me first make a general comment. I had such a suspicion, but since the recent first annual analysis by the Cabinet's Council of State of Climate Policy, I am beginning to believe it more and more: the cabinet's climate policy is incoherent. I mentioned it in the written preparation a search in which little is established. Anyone who looks at the history of the draft law before us can see that this has been the case in the past. In fact, there is even political fickleness. About ten years ago, one of the previous Cabinets advocated the construction of coal power plants to produce electricity. The idea behind this was: coal is cheap and infinitely available and the negative effects on the environment are overcome by underground CO storage. It looked like Columbus' egg. Seemed like it didn't happen. That is to say, the underground storage has never been realized, but the power stations have been built. There are three brand-new installations in our country built in 2015 or related to them, which could be produced for decades to come. But that's not the point. These coal plants, together with some older ones, must cease production because they emit too much CO. The government agreement is clear: by 2030, coal-fired power stations will no longer be available in the Netherlands. Mr. Chairman. This is, to say the least, a government zigzag policy. In ten times, there's a complete reversal. I would like a reply from the Minister and an answer to the question as to what this erratic behaviour could mean for companies' willingness to invest in the Netherlands. The Netherlands closes coal power stations. Elsewhere, for example in Germany, such power stations and even lignite power stations continue to operate. It clearly indicates relativity or, to remain in the spirit of the above, the incoherence of things. I would also like a response from the Minister on this matter."
ParlaMint-NL_2021-11-16-eerstekamer-3.u226,2021,2021-11,Joris Backer,Unknown,economic,0,"Mr. Chairman. I'm with the European Recovery Fund. The Minister says: but things are going very well; the economy is recovering. Then, of course, the question is how prudent that is. If you look at the uncertain developments in the world market, inflation, labour market shortages, energy prices, the bitcoin bubble and the negative effects of Brexit, there is only one thing that is certain, namely that it is highly uncertain, except for Mr Van der Linden, because he knows that interest rates remain high, but that is his interpretation. Excuse me, I hear Mr van der Linden saying that inflation is high and not interest rates. Yeah, he knows more than I do, but I think it can be said across the board that it's uncertain. Then I would say: let the reform fund be implemented on the formation table as quickly as possible and make sure that there are plans for the cabinet to be able to do its bit. Mr Vendrik said it was rather special that it has not yet arrived. Well, I find it exceptional that we, as the Netherlands, have not submitted a plan. That's really not regret or no-regret. The Recovery Fund has a history. I know. The Minister of Finance and the Prime Minister, with Mr Van Ballekom in the back seat, have always reacted somewhat reluctantly to this whole fund and seen it as a kind of cuckoo egg in European developments. But the fund is here. Use it. I'd say look ahead. I do have a question, because from the documents I understand that there is not a starting period but a final deadline. Investment must have been made before 2026. What does that mean? Can the Minister inform us of the significance of that term? Mr. Chairman. There has been some fuss about a letter from the Minister about Brussels' demands, but I think that is a real shame. We should not lay down the issues of reform in Brussels; we should take our own decisions on this. Mr. Chairman. A number of additional investments are still needed and we all know where: in the decisions after Glasgow, in the attractiveness to become a teacher, in the staff shortages, in the housing and housing sectors, it is already mentioned in the nitrogen issue. Here, the cabinet has not taken sufficient action to use this minister's terminology, and is failing the Millions note to make a number of choices. However, we hope that this can be changed as soon as possible in a new government agreement and in a missionary cabinet. Luckily, money is reserved. Budgetary provision is made for a solution to the surcharge affair. I see the Secretary of State here and I ask her if we can come up with what she thinks is necessary. Mr. Chairman. I saw that there was an increase in expenditure on social lawyers in the budget, but I am concerned about the years after, because they are falling again. When we talk about surcharges, there is also a link between these two issues: cuts in social law and the consequences of supplements. I would like to put one final question to the Secretary of State who is also responsible for customs and to clarify the questions raised by the European Court of Auditors on the recovery and reduction that our country receives as a collector of funds under the rules of the MFF. What's going on here? Could she explain that? Mr. Chairman. Finally, the D66 Group is, of course, looking forward to the answers of the rulers."
ParlaMint-NL_2019-04-10-tweedekamer-9.u43,2019,2019-04,Agnes Mulder,Unknown,minerals,0,"Mr President, thank you. In Winschoten, our inhabitants are dealing with earthquakes caused by stacked mining, namely the extraction of gas from the Groningen field and the extraction of salt. First of all, I would like to ask the Minister whether, as a result of the earthquakes or a fall in soil above the salt caverns, there have also been reports of damage to Nouryon. If so, how will this damage be dealt with? The Minister has indicated that residents can go to the Temporary Committee on Mining Damage in Groningen for this stacked mining. Given the reservoir that is there, I ask the Minister how these claims are dealt with. In addition, I would like to hear from the Minister whether the monitoring of the caverns with acoustic measuring equipment has been set up by Nouryon and whether State surveillance of the Mines agrees with the planned monitoring. Are there sufficient accelerometers available in the area? If that monitoring isn't there yet, when will it be? It was supposed to be there by 2018, Mr. Chairman. To what extent is salt extracted from salt caverns at Winschoten? The SodM indicates on its website that there is no long-term solution for the abandonnering of the caverns at Heiligerlee and Zuidwending. Is the Minister prepared to discuss this with the SodM and salt extraction companies to ensure that the caverns are secured for the long term? We get the impression that it is not yet well arranged. Other colleagues also spoke about this. We all have concerns about that, Mr. Chairman. It is also necessary to prevent old pipes from leaking, as happened in Twente. To what extent does this play out here and what actions are being taken against it? Because of the big problems with the gas extraction in Groningen, residents are anything but enthusiastic about mining. This calls for more effort to involve residents in the mining companies. The CDA sees the pilot Harlingen at the salt extraction there as a good way to do this. Residents have entered into the conversation with mining companies themselves and a covenant has emerged from that. I believe that Mr Sienot referred to this as well. The question is whether this is included in the agreements made with the salt companies for their own damage protocol. The colleagues of the SP and GroenLinks have asked questions about how we continue to deal with local authorities. Are they well involved in all matters, as reported to the Chamber in the Minister's letter of December? And how does that work for residents? I should also like to point out, for example, that residents bring forward the following points. Nedmag has a shareholder: the NOM. And the NOM is again covered by EZ. And that's how you get suspicion about how salt extraction works when it's also a business case for the government itself. Mr. Chairman. I hope that the Minister will be able to contribute in a good way to the confidence that, in this case too, the people and local authorities are being treated properly. Thank you, Mr. Chairman."
ParlaMint-NL_2019-03-14-tweedekamer-10.u65,2019,2019-03,Jesse Klaver,Unknown,energy-general,0,"Mr. Baudet, this is what's above it. It's taking all the costs for climate policy. I'm actually looking for the constructive tone with you, because you're right that it's going to cost a lot of money. But this state shows that we have lost less money on the cost of energy, by saving energy. Those two things keep each other pretty much in balance. That shows the PBL. All costs were included. Could you go into that again? I think it shows you wrong."
ParlaMint-NL_2021-09-22-tweedekamer-5.u169,2021,2021-09,Pieter Heerma,Unknown,energy-general,0,"I cannot fully see Mr Klaver's proposal here. It does sound like raising taxes for business. There is a risk that we will drive companies away, which is ultimately not good for the prosperity of this country. But I want to take a serious look at the proposal he's making. What I do like about the cabinet plans, for example about the SDE, is that it is not through the energy bill, but through the general funds. I think that is a step towards what Mr Klaver wanted earlier. I'm gonna look at his proposals and take them to me. I can't do that here from the loose wrist."
ParlaMint-NL_2021-11-30-tweedekamer-28.u48,2021,2021-11,Dilan Yeşilgöz- Zegerius,Unknown,energy-general,0,"I think that I still consider the motion to be a commitment of the cabinet, because I do not think that we disagree there. We simply do not want any more natural gas projects under the TEN-E. Mr Dassen is quite right: the Council has defined its position and the so-called trilogue is now in progress. It may mean that the existing projects will continue to be covered and that the new ones will no longer be covered. We must also be honest about this, because that is the current state of affairs. Projects are already allowed. We are now looking at the new regulation. That balance... In addition to what I would like to do, we must also be realistic. We are raising ten other countries in the view that gas projects should in principle no longer have a role, but I also note that natural gas projects in the list of PCI projects before us are now permitted. That is the actual situation. I would like to go on the road to ensure that that is no longer in the new regulation."
ParlaMint-NL_2019-07-04-tweedekamer-41.u56,2019,2019-07,Khadija Arib,Unknown,energy-general,0,"I have good news for you. I have just sat down with Mrs Arib and for the next two months you can stand in this room as often as you like. I understand your party is rich, so if your party pays for the electricity bill, it'll all be fine."
ParlaMint-NL_2020-02-18-tweedekamer-33.u42,2020,2020-02,Hans Vijlbrief,Unknown,energy-general,0,"When that energy directive comes, we look at the content and scope of the proposal and then we start by unanimity. That's the cabinet's point of view."
ParlaMint-NL_2021-04-06-eerstekamer-7.u165,2021,2021-04,Raymond Knops,Unknown,economic,0,"I do not think it will help in such a process as in the relationship between two countries the charge we have just mentioned, namely elements such as doubting the intentions and placing things in the perspective of postcolonial et cetera. That makes it all complicated. Sometimes you have to maneuver around somewhere to get to the goal. In a relationship where there are only two countries in the Kingdom, one of which has a problem as a result of a natural disaster, you might be able to organise it differently. There's a couple of bonds in here, though. In fact, it also has a lot to do with the discussion we have just had about autonomy. Of course, that disaster was huge. It can't carry any land the size of Saint Martin. But in the reconstruction and the things you can do, you need a certain execution force. Let me give you an example, Saba. That's a whole different order of things. That's a public body. They were able to do so very quickly, also with the help of the Netherlands, but still, to pick it up themselves. It is a smaller island with fewer inhabitants, but it did have the knowledge and skill to do so. Sint-Maarten was just a lot more complicated. With the knowledge of that time we had made the same decision, perhaps even with the knowledge of today. Only in the pre-stage, so before the start, you might need to strengthen the conditions that a country has to meet in order to make it a success, for example that establishment agreement and ensure that you have sufficient knowledge and skills. There we may have had too much confidence, as in the greater sense with the autonomy of the countries, that if you make an appointment, they will also fill it out. Then it's not always a matter of unwillingness. Sometimes it's also a matter of powerlessness. They'll sign, but they won't be able to deliver in the end. Then you ended up cleaning up no roof and no garbage. Further to Mr Dittrich's question on reconstruction, what we have done is as follows. In particular, he asked about the schools. He doesn't think it's gonna make any sense if I put it in my own words. At present, repairs have started at three priority schools. The tender for the next three schools is under preparation. The remaining 13 schools follow after restructuring the agreement between the World Bank and Sint-Maarten. This also requires additional funding. This is an example of a project that has gone on for far too long. There was a long run and a long preparation. It was in the Ministry of VROMI. We told them to make that inventory, because that is not what the World Bank is doing. They had to make the inventory of what was damaged and had to be repaired. That's the only thing that took me a long time to get loose. That was also because the Ministry of VROMI is ultimately quite a small department, not comparable to a ministry in the Netherlands, which had to do all kinds of things. This just didn't come up as a priority. A lot of time has been lost. In the end, we have also flown in an external expert who is currently doing so. Well, now it's working. It's been way too long. Of course, we started with the shelters. We've started with the highest priorities. Schools were not quite at the top, but are of course extremely important, especially in view of any new hurricanes, which of course you can never rule out. Then I come to the third block of the four: a number of questions concerning the BES. Mr Dittrich wondered about the plans for Bonaire as a Blue Destination. Blue Destination is a wonderful concept, I think. It's really from the island. That's what they came up with; we didn't think of it for them. But then you also have to take a number of measures with regard to wastewater management and coral protection in order to achieve that asset of diving and beautiful nature in the future. You're gonna have to invest in that. Within the framework of the Envelope Region, we have released 7.2 million for the implementation of the coral recovery plan. Another part that is currently running, also with tourist organisations, is certification of destinations and tourist locations as Blue Destination destination. They are tested against a number of labels to see whether they meet sustainability and environmental requirements and whether they handle raw materials in a good way. I feel that it is still in its infancy, but I think it is a very strong concept or idea. But fair is fair, it's still too much of a concept and too little load. In discussions with the public body, I insisted on making it more concrete. Bonaire is now also working on a master plan in which they want to focus on sustainability. That goes hand in hand with wanting to grow, how many want to grow, what is needed for that. These are choices that the public body itself has to make in the first instance, but it does not hurt to use knowledge and skills from the Netherlands in that area too. That is what we have been asking for in the meantime. Once again, this is a very important element in the governance agreement. Mr Recourt, Mr Dittrich, Mr Van der Burg and Mrs Oomen asked about what is being done for the Caribbean Netherlands when it comes to the aid packages, the recovery and how it looks. What's that gonna look like after July 1st was also the question. How can we continue to support the economy there? Mutatisively, the Caribbean Netherlands is the same as the countries, namely that they are largely dependent on tourism. Only, they fall under the umbrella of the Netherlands. That's what we've been working for. I am very proud that there was broad support in the cabinet for the same arrangements as in the European Netherlands to apply to the Caribbean Netherlands. Not quite the same because the arrangements are sometimes a bit different, but at the core they are. Then you should think about the wage subsidy scheme and the subsidies for fixed charges. They've all been translated. This also applies to the expiry date of July 2021. This is the same end date as for the Netherlands. Caribbean Netherlands is also included in every decision-making by the Dutch cabinet on European Netherlands. I cannot anticipate in general terms how this is going after July, but the same principles will apply to the Caribbean and the European Netherlands. That is an important starting point, I think, because with that there is also full recognition for their position within our country. Mr Dittrich asked what the governance agreement has achieved so far. That was also an agreement that did not come about entirely without fireworks. There was broad support, but some people's explanation was that the Netherlands came to take over. That was not the case at all. This played in the period after the intervention on Sint-Eustatius. I am very pleased that we have reached a number of agreements together with the public body. There's a program manager on it. I have already mentioned a few examples that are the result of this. First of all, we looked at how to strengthen the official organisation, so more administrative power. This is important to translate the political ambitions into implementation, quite simply. That sounds very simple and self-evident, but it hasn't always been on Bonaire. A job centre has been set up together with the Ministry of SZW. That was before Corona. There, people looking for a job can get advice about their job and career opportunities. Then affordable homes; 500 social rental homes, which is really a breakthrough with the local housing corporation FCB. There are 76 ready now. I've been visiting, too. Beautiful apartments. At the moment we are working on the realization of the next phases. A bill has now been passed, also by this Chamber, on the rent committee on Bonaire. A pilot mortgage guarantee has been launched. All kinds of things that we think have added value to Bonaire, in this case, we roll out. Everything you prefer in the European Netherlands, I always say, we keep it here, because we don't have to export all the laws to the Caribbean Netherlands. There is no need for that. Only if it helps, if it adds something. Many improvements have been made around agriculture and the slaughterhouse. I went there on my last visit. There they really try to create new forms of lease local entrepreneurship, often on small pieces of land. If you get bigger, you're successful, you can farm in other places. I think it's very good to reduce dependency. The infrastructure is a big problem on Bonaire. You don't have to put thresholds there because the roads themselves already slow down the speed. But that also has disadvantages and sometimes causes dangerous situations. That is why there has been considerable investment in infrastructure, especially around schools, and that is going to happen much more. That is really starting to happen, also with knowledge from the Netherlands. Around the board, the operation of the island council, a clerk has flown in from Maassluis. He'll back up the clerk there. We really try to take people with us by coaching on the spot and train them step by step, to get the board to a higher level. Finally, and not unimportant with regard to the governance agreement, and I am very pleased that we have continued to do so, we are also looking at how to keep talent on the islands, or even sometimes to allow it to return. So these are young Bonairians who, for example, have studied in the Netherlands or in another country, and who want to come back after a number of years to work for, for example, the electricity company or for the local government. And these people do a program with each other, a talent development program. BZK supports that. We have been doing this for five years now, and that simply results in very good results, so that people also have support for each other to give an impetus to governance with modern education and backgrounds. Every time I'm there, I'd also like to invite you to do that. I'm going to talk to those young people, with those lights, because it's always very inspiring to see what people are moving to commit to their own island."
ParlaMint-NL_2019-06-06-tweedekamer-12.u84,2019,2019-06,Mark Rutte,Unknown,economic,0,"Madam President. First let's get a logistics report in advance on the distribution of the topics. The Monitor Broad Prosperity, the climate, education, Defence and security will be handled at the highest level by myself. The Minister of Finance deals with everything related to the annual reports and the budget, the reports of the Court of Auditors, infrastructure and the VWS topics and pensions. Finally, the Minister for the Interior deals with ICT and developments at the Rijksdienst. Just a few words in advance. I don't see him right now, but Mr Bruins' words touched me. He referred to D-day today. I was allowed to be in England yesterday, where the departure was commemorated on June 5th before D-day on June 6th. That was very impressive. Among the veterans still present were two Dutch veterans, who also flew along. One's gonna be 100 in three weeks. He said, ""The worst thing about older people is when they get a cracker voice like that."" That is not necessary. This man had such a voice that he would be able to change the behavior on the other side of the football field over the troops. You'll be almost 100. When you hear what this man has been through, I fully agree with Mr Bruins that we owe very much to those people for the fact that we can talk about the advantages and disadvantages of the Broad Prosperity Monitor in relative peace. Those weren't exactly the kind of subjects that were discussed between 1940 and 1945. Let's be incredibly grateful for that. The great anti-revolutionary statesman and Prime Minister Abraham Kuyper once said that governing is something other than administering. He was right about that. Governing is making choices in scarcity and those choices are rarely to be reduced to what you see in this debate today as a simple calculation or a ticking list. It is always about complex trade-offs between different interests. They can be material, they can be intangible and sometimes both. Politics is then about security, freedom, care, education, public finances, migration, the housing market, pensions, climate policy, burden burden, purchasing power, at home and abroad. That's all in the mix that the Cabinet and the Chamber deal with every day, so all of us. And yet it is important that we sometimes manage to ask ourselves whether we are still doing what we have agreed and whether the tax money is being spent properly and efficiently. That is why there has finally been a Day of Accountability and this Accountability debate. I think that started about 15 years ago. I remember that in 2006-2007, when I was chairman of the political group, we were going to celebrate the first real days of accountability here. There are three of us here today. This means that, for our part, we are also trying to serve the Chamber more and more widely in this debate. That is quite simply because accountability is part of democracy, but also because it is disciplining and stimulating for us as cabinet members. In that respect, I would like to thank the College of the General Court for all the work that has been done. I would also like to thank the Chamber for its contribution in the first term. Some were of course more complimentary than others; we will answer everything. And let me immediately join all the critics who point out that the cabinet still has a lot to do, because I fully agree with that. However, I cannot ignore the fact that care on some really big, far-reaching issues such as climate and retirement must now go a little above speed. You will say: that was then done, because the climate is not going very fast and pensions have lasted nine years. Nevertheless: why is that necessary? Because it is important for longer term support in politics and society to ensure that quality of content. This week there have been several debates on this type of subject, in which I was present. In a political landscape, a society and civil society with increasing fragmentation, there are no obvious majorities anymore, see also the results of the state elections and how long it takes in the various provinces to form colleges and see also the composition of the First Chamber, where the largest two parties now have twelve seats. You used to be about the fourth party, so now you're either the biggest or the second largest party in the Upper Chamber. If you add all this together, achieving major social breakthroughs on major issues such as climate and pensions requires building social coalitions. And then there's no other way than that care in this kind of subject is above speed. The facts are that the cabinet has been working for one and a half years. That is one and a half years of the four years we need to implement the coalition agreement, or at least we are talking about that period here. During that year and a half many plans were carried out or put in the scaffolding. I refer to the pension agreement, but also to a number of major decisions, such as the one on gas extraction, which has also been debated this week. The last terrible quake and the same debate this week show how important it is to speed up gas extraction to 12 billion cubic metres and then to 0 cubic metres. Important laws have been passed and filed, look at the Labour Market in Balance Act, which has also been adopted in the First Chamber and which reduces the differences between fixed work and flex work, but also look at the Intelligence and Security Services Act. Big investments are being made in the public sector, look at the extra money for elderly care, teachers, Defense and the handling of traffic jams. The relief has been mentioned here by a number of people. This is indeed one of the largest relief packages of the cabinet in this century and it is also a multi-annual political map, including in the First Chamber. The next instalments will come in January in the next two years. Several important and other measures have been taken, look at what we are doing, for example, to combat loneliness, to tackle poverty and debt, to make people grow old worthy and to fight undermining. All these results are the subject of this debate. This is also reflected in the breadth of the first term contribution of the Chamber. Madam President. In my experience, governing is mainly work in progress and every day doing what is needed. Sometimes it goes faster than planned, often it doesn't. Anyway, there is always the danger that you will be swallowed up by the delusion of the day and that there is therefore too little time left for reflection. Once again, I believe this is the strength of this debate. So I'm starting to reflect right now by going into the different subjects that I'm dealing with right now. Firstly, comments have been made on the trade-off between economic growth and well-being. That was brought in by GroenLinks. Mr Snels spoke about this. On this point in his speech, I would like to reply that the cabinet is seeking to bring together several aspects of prosperity at the same time. It's en-and. For example, we are working on an energy transition that not only contributes to a better climate and cleaner air, but also to a stronger economy, because it must lead to more jobs and more innovative power. The effects are that we live longer and healthier, but also that we get more comfortable, isolated houses. Of course, this is an economic opportunity. Another development that is taking place in the social debate, to which Mr Snels referred, is that the satisfaction of leisure is decreasing. There's more stress and less directing about one's own life. I agree with him that working in itself in certain circumstances can lead to stress, but can I point out that unemployment and poverty lead to much more stress? So we will have to balance society more and more. This immediately brings me to the theme of the Monitor Brede Prosperity. Several questions have been asked, including by Mr Snels. Without repeating his questions, I'm trying to answer them. This monitor helps with information about the recent past in mapping the situation and the challenge for the Netherlands. The monitor does this by providing a very broad, objective overview of the prosperity, with the various indicators that the report provides for and which the report is rich in. That information feeds the debate. Policy objectives are formulated in the cabinet formation and, if necessary, adjusted if topicality so requires. This makes the monitor itself a useful source of information for the cabinet formation, but also for discussing the state of play every year here. However, it is less appropriate to look ahead, such as predicting how much budget is needed to improve the outcome of certain indicators. Changes may occur as a result of other developments, such as the economic situation. There is coherence between different welfare aspects. In some cases, there is indeed an en- and. That energy transition is indeed a good example, but of course you can also see it on other major themes. Look at pensions, which must also be balanced: we need to ensure a good pension, but also that people can get that pension in a healthy way. There are several aspects that play a role in this. Then, of course, there are things where choices have to be made in the scarcity, because the budget is always limited. The formulation of concrete policy objectives and accountability is difficult. We have to be honest about that. It would be interesting, however, if I could come a little bit closer to Mr Snel's report to see if it would be possible to give more direction to the interpretation of the indicators in the monitor. At the moment, trends in the monitor are positive if they lead to higher broad prosperity and are positive when we belong to the best countries in the European Union. That's actually how it works now. I would suggest that we explore the possibility of using the monitor more in the policy cycle itself, considering reporting on results in the monitor with the question of whether and how policies have contributed to it. The question that follows is then what policy options exist to influence the results. This is extremely complex for several indicators in the monitor. So that reconnaissance will take time, but if we do, I think we're gonna take the monitor one step further. That is the beginning of a response to Mr Sneller's question, from the circle of D66. He asks how we can integrate budget figures more into the monitor. Again, the budgetary figures themselves are mainly about input: how much money do we spend on all these different policy areas? This is how the output is realized. Those are the government instruments and arrangements that we all have. This ultimately leads to a result, the outcome. Of course this is in connection with what is happening in the private sector and abroad. The Monitor Brede Prosperity describes that outcome. So it's not just possible to integrate it, but again, I think it's interesting to do an exploration to see how you can use the monitor for a more predictive value for the future. This will enable us to integrate him more into the policy cycle. I think this is a response to Mr Snels and Mr Snelter's contribution."
ParlaMint-NL_2022-03-30-tweedekamer-13.u74,2022,2022-03,Chris Stoffer,Unknown,energy-general,0,"If the coalition supports the package, I can jump high or low, but that's gonna make it. I indicated last time in my first term that I like the cabinet's commitment, but that I would like to see where improvements are possible. I believe that both you and I, as well as the cabinet, agree that it is an improvement. Only, the question is about feasibility. If the IRS couldn't have done it, I would have said we shouldn't. Because I don't want to destroy the IRS. We really need to rebuild it with each other over the next few years. But I feel a little less sorry for the energy suppliers. Personally, I've noticed the following the last time. My energy supplier went bankrupt. After that, when I switched, they had the financial statements together like this. They had renewed it again as well when it turned out there was another mistake in it. Then I think: it's such a generic, easy measure. I would very much appreciate it if the cabinet would give the motion judgment Chamber. Then I'd take a more positive look at that. But that is without prejudice to the fact that I am very happy with everything we are doing right now to support low incomes and middle incomes."
ParlaMint-NL_2020-06-02-eerstekamer-5.u1,2020,2020-06,Jan Anthonie Bruijn,Unknown,energy-general,2,"The subject is now the examination of the legislative proposal 35283, Amendment of the Electricity Act 1998 and Gas Act (implementation amendment of the Gas Directive and a number of regulations in the field of electricity and gas). I would like to welcome the Minister for Economic Affairs and Climate Policy to the First Chamber. I inform Members that in the event of a motion, you should read the text yourself, and then put it on your right side of the table next to the speaker's seat. The Courtesy will collect and distribute the motion after your contribution."
ParlaMint-NL_2020-10-27-eerstekamer-3.u41,2020,2020-10,Paul Frentrop,Unknown,economic,0,"Mr. Chairman. I'd like to close with three questions to the Prime Minister. My first question is: are you prepared to postpone all priceless measures in the Climate Agreement, such as removing gas from homes, until the corona crisis is over? My second question is: are you prepared to temporarily stop all immigration until the housing shortage in the Netherlands is resolved? My third question is: are you prepared to suspend all the commitments you made in Brussels in July to support other countries, under the guise of corona, until the Netherlands recovers its own finances from the corona crisis? In other words, public debt has been reduced to below 60% of gross national product. By the way, I would also like to ask: when is the government planning to pay off the debts we are going to incur? I do not need a precise date, but I would like to know if we will pay the extra debt before or after the Netherlands is CO2-neutral. What's the government's priority? Mr. Chairman. So these are four questions about policy priorities."
ParlaMint-NL_2019-07-03-tweedekamer-15.u192,2019,2019-07,Gert- Jan Segers,Unknown,energy-general,0,"First of all, there is the reduction in the energy tax that benefits everyone and then, relatively speaking, especially those with a narrow scholarship and middle incomes. That's the good news. The slide, where gas becomes a little more expensive and electricity a little cheaper, turns out to be largely Modo neutral. From there, you do have to go to work. If you're gonna trade, you're gonna win money. Mr Asscher is right to ask: what if you do not have that perspective of action? Then we need to look at where we have that perspective of action. A few examples: where do we start first? Which corporations can get to work first? I would say: start in those some vulnerable neighbourhoods, where people do not have that choice and where there are poorly isolated houses. We have that freedom of choice and that conversations we can make with housing corporations. I would also like to say that on many pages of the agreement we have a hand-to-the-crane formulation or a finger-to-the-pulse. This also requires a great deal of work and we are going to talk about this. I think it is a legitimate concern: what do you do with the people who have no choice? I think you should take care of it first and serve the first. That will always be my benchmark."
ParlaMint-NL_2021-02-10-tweedekamer-5.u220,2021,2021-02,Kajsa Ollongren,Unknown,energy-general,0,"Mr. Chairman. Then there are the other questions. I'm gonna go through that a little faster. Mr Kops asked what happened to these acceleration measures. He's not here, but I'm sure he wants an answer anyway. We have already talked about the construction impulse and the construction agreement. I think we've seen some really nice results. Of course, that's still on a relatively small scale, but of course that building impulse worked with how to do that contracting of contractors and how to set up the business office so that you make it a priority that the residents can go there, that they can just have a conversation with someone there. We have that building agreement with those 75 contractors registered in that open building pool. We have the trajectory owner chooses builder. At 40 addresses, it's started now. There are still notifications from contractors who want to do so. The same applies to residents who are interested in organising these work cases through this route, through that route owner chooses builder. That acceleration package also includes the typology approach, which has now received a positive opinion. Another element is this practical approach, where residents have the possibility to have the whole process, from inclusion to execution, carried out by one contractor. This practical approach is carried out by the Business Bureau Bouwimpuls. These are all really important pathways that have produced concrete results for people, but also for the organisation, for the NCG, a lot of lessons that they are using in the implementation of the reinforcement operation in the coming period. There are other examples, but I'll skip them. From the Heft in our own hands we have of course also learned a lot of lessons, namely that it is really important to be in very good contact with owners, with a delegation of owners, to pick up early uncertainties, so that you can really improve that program by discussing experiences and questions of residents with them all the time. In the end, you can do what those residents want. What comes back from the questions asked to the people in that residents contact group is that that intensive contact is very much appreciated by them and that they also consider that very important. The NCG has the experience from that program involved in their other program and also in the communication they are doing with residents. The explanation of the cost methodology, the role and responsibility of construction guidance, the explanation of the lead times and that kind of thing, very concretely, are actually coming from this project. We've already talked about Opwierde, Appingedam, I think. Then there is the capacity for construction and also for young people. That's a well-known point. Mr Van Otterloo just brought that up. I have the capacity problems in the construction industry very strongly on the retina, which is why we have that construction agreement. That gives a lot of space to some smaller and also local companies. By the way, it is fantastic in corona time that it has really succeeded in just working on it. It is true that young people need to be trained for this and they need to be interested in working in construction. That is why we have invested, together with the region, in additional jobs for young people in construction, for example in Delfzijl-Noord. The construction is, of course, wider than just the building you see in front of you. It is also about the energy transition and all kinds of opportunities there. I had already answered the question about monumental buildings. Can residents give their own input about the state of the home at an inspection, Mrs Beckerman asked. The recording of a house is done by a structural inspector. So that is an expert, who is there to carry out that recording objectively and competently with his or her expertise. Of course, the resident can at that time report to the inspector matters concerning the state of the home, so that they can be involved in that inspection. Then Mr Sienot said... uh, no, let me do it last; I actually liked that question. Just a few concrete points. How can the recording be faster and more easily accessible on request was a question from Mrs Mulder. That trajectory started in March last year. 632 applications have been received at that point of contact. At 417 addresses such a recording has taken place or is carried out. There were also addresses where an engineering firm had already prepared a recording advisory report. The owners will receive a decision in the coming weeks. It has indeed been a bit difficult to get started. One of the reasons for this was corona. So that start-up phase was really tough, but I think that more experience has been gained and that it is now progressing better, so that we can better inform the residents and we can indeed speed it up. But I've been reported that there are still limitations due to corona at the recording. This is also understandable from the perspective of the residents."
ParlaMint-NL_2019-12-03-eerstekamer-9.u132,2019,2019-12,Pimvan Ballekom,Unknown,energy-general,0,"Now, Mr. Otten, that's as follows. I have also implicitly said this to Mr Vendrik. I believe in an energy mix. So if Mr Vendrik says we need gas on offshore wind farms, I don't believe in that. I do not think that we can make very much progress. Of course, the technology is moving forward, but also the profitability, or the less eligible of wind farms, has changed dramatically over the past ten years. And that's how it goes on. But still, no matter how far the technique goes, I don't think it's gonna work, and it's also unwise to put all kinds of eggs in one basket. That is why we have called for the widest possible energy base, so that the economy in the Netherlands is not affected."
ParlaMint-NL_2022-07-05-tweedekamer-37.u77,2022,2022-07,Mark Rutte,Unknown,energy-general,0,"Mr Azarkan does not want to talk about what we are doing this year. He says, ""There is, and from now on we have to look further."" That makes sense in itself, but with that we have reduced the energy tax by €400 per household and the fact that we have allocated €800 to people with a vulnerable income position, plus all the other things I mentioned earlier, off the table. I think it would be fair to keep that on the table and then to establish that it is wise to look at what is more structuralally necessary for lower and middle incomes from 2023 onwards. There is therefore an opening to do something for the group that gets €800."
ParlaMint-NL_2022-06-29-tweedekamer-12.u3,2022,2022-06,Barbara Kathmann,Unknown,energy-general,0,"Thank you, Mr. Chairman. When I went shopping a few weeks ago in the district in Rotterdam-West, in Spangen, I think there was a line of up to two hours. It was a pretty hot Saturday. I don't know if anyone remembers it. People then lined up in front of the energy box, where you can save about €15 a month. Those rows have been in all the neighbourhoods of Rotterdam since then and I think in many other municipalities, but I haven't seen them literally there. We also remember the rows in Groningen. We were right to do that, because we couldn't. The rows for the energy box that I see every day now, for that €15 in the month, are hugely long. They're rows of people who are in trouble every day. There is another example, also in Rotterdam. There's a philanthropic institution up there, not the government. That philanthropic institution has said: city of Rotterdam, government, if you do not increase the compensation for a larger group, to 140% of the social minimum, then we are going to do it. We make working people in the Netherlands just beggars. That's what you do when you let philanthropic institutions settle the debts of hardworking people. It's not just about Rotterdam, because I'm standing here in front of the whole of the Netherlands. Over 2.5 million households are facing financial difficulties. That's what Nibud warns of. People can't pay the bills anymore. The little bit of savings that there was, of course, isn't there anymore. The Social and Cultural Planning Bureau also demonstrates in its stress test that more than a million people are in financial difficulties due to high energy prices. Families see the accounts double or sometimes even triple. Every day the question with them is: can I eat hot tonight? Do I have enough to pay the rent and the bills? And now it's still warm, isn't it? It's a super-beautiful summer day. But you're gonna have to figure out what it's like to be in the winter when that stove has to be turned back on. The concerns about this are already enormous. So something really needs to be done to prevent us from ending up in a tsunami of debt and misery. Lowering VAT on energy and the one-off energy surcharge are really not enough, no matter how beautiful the gesture is. It's totally inadequate. Much more needs to be done to help people who are in serious trouble. Mr. Chairman. There's just too little happening to those people's needs right now. €800 is not enough to cover the increasing costs. The target group is far and far too small. People are sinking through the ice. The lowest incomes but also the middle incomes cannot pay the bills anymore. The Labour Party finds it incomprehensible that this cabinet has chosen for the limited target group of people who earn 120% of the social minimum. Again, a philanthropic institution sees it and says: no, 120% is too little, so please do it up to 140%, otherwise those people will die. So that's gotta be wider. So come up with an extra energy surcharge for this autumn, possibly via those €500, as the PvdA and GroenLinks have already indicated. We know that this will not happen, but increase the target audience for the energy surcharge to 130%. My question to the Minister is therefore quite simply: is she prepared to do so? Mr. Chairman. There are countless poignant stories of students living in drafty homes. Students are wearing four sweaters if it's not as hot as today. They have to make additional debts to pay the energy bill, which has just risen enormously. We are talking about hundreds of euros. In the case of questions concerning the student energy allowance, the Minister refers to the individual special assistance. But apart from the fact that this doesn't make it any easier, it is also priceless for student cities to help that group of students in this way. For the city of Utrecht alone, this amounts to about 25 million euros extra. What do municipalities have to pay for that? Should they be cutting back on social services? Is that a good plan? On top of that, the exclusion of students for the energy surcharge, according to lawyers, is simply unlawful. I would therefore like to ask the Minister what justification there is for excluding students as a group. Students should be entitled to the energy surcharge as a group. This can be done via municipalities or through DUO. I'm asking the Minister to find a solution. It doesn't matter who or how it is paid out, but make sure that students aren't literally in the cold again in winter. Mr. Chairman. The rising costs of groceries, electricity and gas cause problems for people. I told you, they're getting into trouble financially. They can't pay all the bills anymore and knock on the door for debt relief. Is this Minister going to take additional measures to counter these debts? Is the Minister prepared to agree with energy companies on buying up debts? We are also getting signals that municipalities still impose all kinds of additional requirements on people for the energy surcharge. People are asked whether the energy surcharge is refused due to savings. If you are going to address these municipalities, I ask the Minister through the President. Municipalities which do receive the money for the energy surcharge but provide this supplement to a smaller target group should also be called upon. Are you willing to share an overview with the Chamber which municipalities pay the energy surcharge for which target group? I would also like to ask the Minister how she can support young people under 21 who live on their own. They cannot use the energy surcharge, but they also simply have to do with high energy prices. Their parents often can't afford this either. Mr President, concluding. Needs are high. It's gonna take more than that. Action must now be taken to keep all these families out of the water."
ParlaMint-NL_2020-02-13-tweedekamer-2.u214,2020,2020-02,Sigrid Kaag,Unknown,energy-general,3,"I can quote from one lawyer another who says it does not harm. It is the opinion of the Cabinet, as stated by many legal scholars, that it does not infringe the right and the judicial position of governments to conduct, implement and make adjustments in the public interest, for public health and so on, including the energy transition."
ParlaMint-NL_2020-02-04-tweedekamer-36.u170,2020,2020-02,Eric Wiebes,Unknown,climate,0,"They must all be assessed against the criteria. Some of these six points are more obvious than others. I'm not embracing proposals right now, and I'm not rejecting anything. We come up with the criteria and then Mr Van der Lee and I can, together with that paper in front of us, try to estimate what will or will not be covered. I do not rule out anything, other than that we already know, because that has already been communicated, that it cannot be about structural or regular expenditure. There was another lesson and it is also important, because there is in a way a small distance from how we have done it so far. We realise that a greater role of government is needed, including in the direction. When managing a transition across sectors alone, the main role of the parties going through this transition is the government. Technology is also becoming more important. Other countries, continents and power blocks are shielding their technology more. That also leads us to think differently about our technology. Spatial integration is becoming a major issue. There, too, more government direction is obvious. So there's more government in the soup we're about to eat, including in the field of investment. We have to recognize, fundamentally, that in the coming decades the government will have to do more to address a number of things that we have always found public interests, but with a smaller budget, such as knowledge building and the development of research. That could also be in all kinds of new types of infrastructure. The role of a government is necessarily increasing, not because we choose ideologically, but because we see that this is necessary. I will go over these six themes in a moment, but before I get to that, perhaps a few words about that investment fund. That is not part of this debate. In the first quarter, I will try to send a letter on this with the Minister of Finance, which makes it clear how projects and investment proposals are selected, how they are judged, who they are judged and what timelines they contain. It is also important that we are already trying to honour a number of important major proposals in this cabinet period, but only if they are very good proposals. Because in all honesty: the number of proposals that have been put forward here, which I quickly added to 80 billion, shows that there is a great deal of interest. The mailbox is filling up. This means that if something is being accepted, it must also be a very good proposal; not only a good idea, but also its effect must be good. We need to set up a standard setup. We shouldn't be FES. A question has been asked about it and I will answer it separately later, but we should not fall into traps from the past. Well, that means I'm not gonna honor any projects right now, but I'm not gonna reject them either. And, of course, what this is not really about, and that is why I will not be able to answer all the questions later either: the whole discussion about the growth strategy and the discussion about the fund are not intended for today's political questions. Today's political questions must be resolved by the government, in consultation with Parliament. You can all be satisfied or not satisfied with that, but we must do so now. That's regular policy. We are now working for the generation of the next 30 years. That's about these six things, but not about some things that are going on right now. And they are no less important, they must be done now, but that is not what this debate and this letter are about. A number of questions have been asked on the six points. With that, I got myself a rather administrative job, because I wanted to pass them by at a point, and then bring up the questions that have been asked. I designed a whole flap system for it while you were talking. Look, the basis of all prosperity is knowledge, and the basis of knowledge is foundational education. That's number one for a reason. Everything starts with that. And that is not only very important for prosperity, but it is also an extremely moving thing, in which we help the youngest Dutch people get on the road in the world and prepare them to also contribute to our existence. And the quality of education in the Netherlands is good, but it is no longer top. We're going down the ladders. We have to worry about this, because if we want to be more than average wealthy, more than average stable, enjoyable, clean and so on, then we must have more than average good education; then we must have top education. All these little Dutchmen deserve that. Mr Futselaar has other ideas about this. He says, ""These ideas don't add up at all."" Well, these are the ideas the Cabinet is putting on, but not exclusively. There are all kinds of things in the regular policy. There are all kinds of discussions, which I do not want to serve up at all, but which were not par excellence in the econometric inventory for the next 30 years, but are therefore no less important. But that's not what this letter is about. In any case, the further development of these ideas must be carried out by the Minister of State. But it is important that there is also more tailor-made work for children in a digital learning environment. Children are used to it at home, but even less at school, and that can change. To Mr Verhoeven's question whether we are dealing with delays: more tailor-made work is one of the ways to tackle backlogs. Moreover, I think Mr Verhoeven knows that the Netherlands can be proud that it is one of the countries where the delays are being dealt with relatively well. That's the piece of talent. We need to do something about that. Without that, without a strong upgrading of it, we will not be able to achieve a higher earning capacity. Developing talent is just as important. My plumber complains that he only works with people who can install resumes, while the heat pump is still a secret. I recognise that education budgets mainly flow to those who have the longest education and that it is all concentrated at the beginning of the career. We see this has to be better. That's what we've been seeing for over ten years. Every cabinet has done things about it, including this cabinet, but a bigger step is needed. We see that very large parts of the secondary education system need more regular training in order to meet all kinds of new challenges. It's necessary. That is an economic issue. We have to take care of that. I've heard the subject come along a lot. Many economists say: we have heard you, but here we need a bigger step. Period. The third theme concerns part-time work. Mr Bruins has spoken a few harsh words about this. But in his direction: no one is being put to work by the government. As long as you don't have social security, you're on your own. But working is an extremely valuable part of life. It takes care of the usual portion with back-up and setbacks. It's a contribution that makes you matter. You gain acquaintances and knowledge. But we're in a part-time culture. That would also be okay if we would all accept the consequences of that and be happy with that position, but research shows that this is not the case. Many people who work part-time do not choose to do so and would prefer to do so differently. Those people don't do that for all kinds of reasons. Many of these reasons also have to do with childcare. That is what we must do. But once again, in the end, that's up to everyone. No additional questions have been asked about this. Oh, I do."
ParlaMint-NL_2021-11-04-tweedekamer-6.u21,2021,2021-11,Arda Gerkens,Unknown,energy-general,0,"I certainly give you this time and I hope that in two years' time we will be able to have the debate with each other on the basis that I suggested. I hope we're gonna get that confidence together. In addition, there is the content. I also spent a lot of time on Tuesday to make industry more sustainable. In that context, I have two motions aimed at hydrogen. [[Motion]] [[The Chamber,]] [[heard the debate,]] [[noting that hydrogen contributes to meeting the climate objectives, the energy transition and strengthening the Dutch earning capacity;]] [[Whereas consideration should be given in good time to the market organisation of the hydrogen market and to safeguarding the public interest;]] [[calls on the Government to involve external experts in an investigation into the intended market organisation for the hydrogen chain;]] [[calls on the Government to inform the Court in spring 2022 of the intended market organisation for the hydrogen chain,]] [[and goes to the order of the day.]] [[This motion was tabled by Mr Erkens, Mr Boucke and Mr Bontenbal.]] [[She's getting No. kst-35925-XIII-26]]"
ParlaMint-NL_2022-05-24-eerstekamer-9.u80,2022,2022-05,Rob Jetten,Unknown,energy-general,0,"The discussion or discussion about clear rules for purple hydrogen is also ongoing in other EU Member States, so it is useful to do so together. The purple hydrogen that we may be producing at a new Dutch nuclear power plant may also cross the border to the Belgian or German industry, so you have to agree on this internationally. Mr. Chairman. In my view, I have also answered the second-term questions. I thank the Chamber for the input."
ParlaMint-NL_2021-03-02-eerstekamer-10.u17,2021,2021-03,Henk Pijlman,Unknown,climate,0,"It's a bit of a rerun of moves. I said: legal sustainability, strong guarantees I cannot give either. But unlike the PAS, there are now concrete goals that you must maintain. Unlike the PAS, the Minister then acted very well and responded to the recommendations of the Council of State. That gives us sufficient confidence that this whole package is sufficient to continue it. Mr. Chairman. I was at the quick buy-up of the peak chargers and what possibilities that gives. I have said before that the system in which you earn space before you can spend it is very appealing to us, also in the context of legal sustainability. At the same time, however, we do not want the problem of nitrogen to stop or propose other necessary activities, such as housing, infrastructure and energy transition, to make it impossible for industry to be greened. And there's tension. On my questions, the Minister states in the preliminary report that, for example, she cannot guarantee that all housing plans can continue in the coastal provinces. We are very concerned about this, because it is precisely there that it is necessary to build these houses, where the need for housing is greatest and there too we are very dependent on external sea influences. You say that you cannot guarantee that, but then there are some additional measures to be taken. Would you care to comment on that? Because we all say it in this campaign: we have to build, build, build. Mr. Chairman. If I see correctly, the development space of 20 moles per hectare must also be earned by the source measures. This means that a generic reduction of 100 to 120 moles per hectare is needed over the next 9 years to meet the 50% target. That's where the development room comes in. Can the Minister state exactly how she intends to achieve this and how big the buy-in and buy-out programme is going to be in order to achieve these objectives without the economy closing down? How does the Minister estimate that emissions are falling very slowly due to internal and external netting? It's possible. Mr. Chairman. D66 would like the commitment that economic activities aimed at the energy transition and greening of the industry that we previously approved in the Energy Agreement and the Climate Agreement will not be delayed by the nitrogen problems. The nitrogen bank should be filled in such a way that these activities can go unhindered. I'd like a response and a commitment. Finally, a few brief questions. There is no solution for microdepositions yet. The plans for a microdeposition bank can wait a while. Is it possible to work up to that time with a threshold of, for example, 0.5 mole per hectare? The court ruling on PAS also destroyed a number of land use plans. That is not, of course, on your plate, but I assume that the cabinet will think about how things are getting back on track, as this is also needed in the case of housing development, for example. Mr. Chairman. With this legislation, the Minister has started to reduce nitrogen. Moreover, a great deal of money has been allocated to strengthening nature, and that is another compliment. But to achieve the objectives, there is still a great deal to be done, and I do not think this is the last time we will talk about this dossier. I think it will be discussed again at the formation. We would like to await the Minister's reply."
ParlaMint-NL_2019-10-09-tweedekamer-4.u32,2019,2019-10,Barry Madlener,Unknown,economic,0,"I've already made clear exactly what I want. We have a legal problem. We in the Netherlands have agreed far too strict rules. The PAS would soften some of that, but it's now dead. So we need to relax those rules. We need to find a solution not in bullying farmers or in driving them away, but in relaxing the rules. You yourself come up with a proposal for a threshold, as Germany does. Fine! That's the solution. Surely we do not need a Remkes committee to come forward with worthless proposals after six months? That should have happened! The government could have done that by now. We must not let Brussels and our own beautiful sector drive us out of the country, but we must stand up for ourselves. As with fishermen, we should not be belittled by Brussels. Mr. Chairman. I'm rounding up. I'm gonna have to get a little cynical now. For it is precisely those small and medium-sized family businesses that are affected by the strict environmental rules. On the contrary, they are often close to the many Natura 2000 sites we have. They still have relatively small numbers of cattle and do not have the millions to invest in hermetically sealed industrial megassages with air scrubbers. I now show the article in The Financial Daily about the opening of the first Remkesproof stable. I believe it contains 33,000 pigs. I'll show the article to the Minister, too. It's all hermetically sealed, and it's huge numbers. This is really some kind of industry. This is bio-industry! This is Remkesproof. And this is what we get. I don't know who wants this, but we don't want this. We have a small, beautiful sector with family businesses. We don't need $20 million worth of gas that has been sealed down, with all the chance of a stable fire. Mr. Chairman. We want to support these small and medium-sized entrepreneurs. They are now so valuable to our country and our landscape, Mr. De Groot. They can maintain those beautiful wood walls and bloom all those beautiful flowery fields. This policy will once again lead to a further increase in scale. This is bad for entrepreneurs, bad for young farmers, bad for our landscape and bad for animal welfare. Mr. Chairman. I ask the cabinet to stop this poldering with the environmental fundamentalists and the people who want to talk to us about flesh shame and not listen to D66 and GroenLinks. I ask the cabinet to relax the rules on nitrogen. The Netherlands does not need to have the strictest rules in Europe. We do not need to be stricter than Germany and Belgium. We need to stand by our entrepreneurs. We really need to stand behind our farmers and cut off the excessive rules that are breaking so much. It is only when you do that that you can rightly say: we are proud of our farmers. Thank you."
ParlaMint-NL_2020-09-03-tweedekamer-18.u25,2020,2020-09,Jan Paternotte,Unknown,energy-general,0,"Thank you very much, Mr President. It was 2017. Kraft Heinz climbed the balls at Unilever; PPG banged on the doors of Akzo from Mexico and previously América Móvil sailed like a Viking dinghy to what once was the Royal PTT. The barbarians came no further than the gate, but several established names on the AEX had a near-take-over experience. Mr. Chairman. D66 stands for progressive capitalism. Most shareholders have just as much interest in long-term value creation as companies themselves, and the purpose of a law like this should therefore not, as far as we are concerned, be to curb or dismiss shareholders as locusts. Because acquisitions can be good, through consolidation that combines knowledge, streamlines production and thus provides a better, cheaper product for the consumer. Imagine if takeovers were impossible. It can make established companies sleepy. Successful companies also need to renew, because as the world changes, the market also changes. For example, towards sustainability. A company that continues to adhere to a fossil earning model depends on a dying market, with all its risks. Shareholders often force change. I am thinking of Follow This, Shell's green shareholders, who, together with institutional investors, forced climate ambitions at Shell. But, Mr President, there is another side. Acquisitions can also create uncertainty, about maintaining jobs, about controlling vital infrastructure, but also about the possibility of restricting free competition. Sometimes this serves only the short-term interest of certain shareholders, which prevails above that of longer-term value creation. This can happen with activist parties who think they can achieve fast profits by cutting up or repairing, without an eye for the future. Isn't the Netherlands, as an open economy, too easy to prey on a continent where each country still has its own unique economic structure? And where in other European countries it is often not so easy to take over a company, by loyalty shares, by family ownership or simply by political pressure? That is why we believe it is right for the cabinet to recognise that the corona crisis also increases the chances of activist shareholders being interested. After all, recession often means consolidation. The reflection period, the cooldown period of 250 days, a product of the debate we had in 2017, may come in handy. But for most stock exchange companies it will not be necessary at all, because in a new stock exchange a company often takes up a foundation's preferred shares in the construct, as KPN also wagered against América Móvil. A recent example is CureVac, the German vaccine producer on course to produce an important corona vaccine. Donald Trump offered the company a billion dollars to go to America. And now that they're going to the stock market, they're trying to prevent the vulnerability to an opportunistic hostile takeover. This could not be done in Germany, but in the Netherlands, and so CureVac has now formally become a Dutch company with a foundation preferred shares and the reflection period in the statutes. Rather the same was true for Ferrari and Campari, a few beautiful Italian companies that have also come here, but with the construction of loyalty shares. In other words, my group is looking for a new balance here, because it is very good that CureVac can continue the work on a corona vaccine unhindered by this construction, but at the same time it cannot be the intention to build up protection structures. The reflection period comes primarily because some companies have never been able to include a protection foundation at all, or any other structure, and specifically those companies are therefore vulnerable. But the Netherlands must retain its character as an open economy. That is why the question: does the cabinet see the risk that a stacking could make the Netherlands a kind of protection paradise in Europe, in which companies choose the Netherlands because they can incorporate in statutes a mix of protection structures that make a takeover virtually unthinkable? The amendment tabled by the VVD is also in favour of this, and we will support it. In the end, we are dealing with a single internal market, and like shopping with tax rates, labour law or environmental frameworks ultimately means that most countries are worse off, as far as we are concerned. With more new companies going public in many European countries in recent years, we see the point of avoiding a race to the bottom. So my question is this: does the Minister want to prevent the Netherlands from becoming a protection paradise? Does he think it is right or not if there are more similar rules for this in the internal market? And is he also prepared to open the discussion on European business protection frameworks, even outside the vital sectors?"
ParlaMint-NL_2021-05-11-tweedekamer-29.u358,2021,2021-05,Tomvander Lee,Unknown,energy-general,0,"I would also like to ask Mr Erkens whether, in order to avoid any misunderstandings in the coming period, he realizes that after having decided to introduce this production restriction in the Netherlands because we do not make it to Urgendavonnis, Germany has launched a very ambitious Kohleausstieg programme, with a large-scale farewell to coal, including brown coal. On the basis of a court ruling, Germany has recently increased its climate ambitions to 65% CO reduction in 2030. So that fear of that wrong energy from the east is really an out-of-date station."
ParlaMint-NL_2022-04-07-tweedekamer-9.u402,2022,2022-04,Wybrenvan Haga,Unknown,energy-general,0,"Yes, Mr. Chairman. I think the Minister is missing an important ethical point here. He says he's not involved in this deal because he wasn't involved in the negotiations and not in the decision. But in business and in the rest of the world, perhaps outside this minister's experience, things are very different. There's someone called the ""dealmaker"" or ""the oil guy."" He usually asks for a commission for that or a bill fairy. That's instrumental for making the deal. So the idea that you stay out of this whole deal because you weren't at the table when the signature was signed is ethically untenable. Of course, Mrs Agema had a fantastic point there. My first question to the Minister is therefore the following. 17 million Dutch people are looking at this. They think: ""Well, that minister was just involved, because he was the dealmaker and without him he wouldn't have done it."" Can the Minister imagine 17 million people thinking that?"
ParlaMint-NL_2022-07-12-eerstekamer-32.u201,2022,2022-07,Carola Schouten,Unknown,energy-general,0,"I certainly didn't want to dispute that right either. I was just trying to explain what considerations the cabinet has made and what elements have been relevant to it, which we have involved. It is indeed a weighting for the students; that is correct. That is a substantive weighting, but it is actually a technical implementation. We have often talked about this with the municipalities, especially with the municipalities that have students. They very much want to be able to implement this arrangement, just for the minimums, and said: when that group grows big and when we have to check all kinds of things, for example whether they are living or living at home, it means that the execution is such that it really gets complicated. Hence the route of individual special assistance. I keep emphasising that. But you have every right... you don't, Mr. Chairman. Yes, you too, Mr President, but I mean Mr Kox has every right to make proposals here to see what else is possible. I give our reflection on that. Let's see. That was Mr Kox's question. I also referred to Mr Koffeman's question, which also asked about the students on this point. Then there was a question from Mr Crone. He asked: will there be another window for people with liquidity problems? You're on the wrong side, Mr. Crone, but I'm glad you're spreading your wings wide; let's leave it there. In general, I recognize a great deal in Mr Crone's speech, including the liquidity problems of households. We also see that group getting bigger. It's on multiple levels, I think. As has been said, for those who get into trouble very directly, there is the way to individual special assistance, but I think the question here is wider: what do you do if the energy bill is really not affordable anymore and there is a high bill at the end of the year? I am currently having this conversation with Mr Jetten and also with energy suppliers. We are looking at how we can make sure that we can meet people who are in trouble. This can be done, for example, by means of payment schemes or by means of debt relief. We are also trying to put all kinds of unorthodox measures on the table. Eventually we have to weigh things up after that, but we see the problem that it may increase by the end of the year. That process is still under way, so I will, of course, inform you as soon as we have more insight into it. Mr. Chairman. Then I come to the questions about the IO-AOW. A number of your Members, including Mr Crone and Mr Van Rooijen, have asked questions about this. I have noted that... Mr Van Rooijen is already coming forward before I have given the answer."
ParlaMint-NL_2019-12-17-tweedekamer-46.u2,2019,2019-12,Alexander Kops,Unknown,energy-general,3,"Thank you, Mr. Chairman. When the minister just got off the plane, yes, the plane had gotten off when he came back from the Madrid climate summit, he said: ""What have households been getting in their pockets for the last 20 years? Almost nothing."" At the same time, however, it is the same minister of the same VVD who keeps burdening citizens with towering energy bills. Today we have a debate on climate and energy exploration. That's the name of the report. Which of the people who are sitting at home watching this debate gets better, will that help? What people really care about is affordability, or rather the pricelessness of their energy. But what do we read in the report? The evolution of the average household energy account is not included in this KEV. That is easy, while energy poverty in the Netherlands is a fact. More than 650,000 households can barely pay the energy bill to no longer. This number is likely to rise to 1.5 million households by 2030. But the minister said it wasn't so bad. Yesterday, in response to Parliamentary questions from the PVV, he wrote that ""The Netherlands scores relatively well on affordability of the energy bill in a European perspective and has relatively little energy poverty."" 650,000 households living in energy poverty, doesn't the Minister think so? In the climate and energy exploration is really something else. In this we see that the prices of electricity in Germany are much higher than in other European countries and in France much lower. And what's that all about? Quite simply: Germany is currently experiencing a disastrous energy turnout with windmills, solar panels and the Atomausstieg, while the French have plenty of nuclear power. Mr. Chairman. Energy is a basic requirement, but this cabinet has made it a very expensive luxury product with its very expensive energy transition and CO-obsession according to German example. Yes, Chairman, a CO-obsession. And what do we read about it in the climate and energy exploration? These CO targets are not even met, despite the many billions wasted on them. 49% in 2030 was the intention, but it is not going to work. 14% of renewable energy by 2020 was also intended, but it is not going to succeed. Expensive amateurism, that's it. But in spite of this climate change policy and the billions wasted on it, it must all be worse and even faster. See that horrible European Green Deal of climate hippie Timmermans. By 2050, the whole EU must be climate neutral. There will be a European climate law. Loading posts must be placed, trees must be planted, CO emissions must eventually go to zero and name it all. This ultimately costs EUR 260 billion per year; EUR 260 billion per year. Then the question is: how is the Minister going to prevent the energy bill of households or any other account from rising by one cent as a result of this madness at EU level? Mr. Chairman. So the climate and energy exploration, the report we are discussing today, can actually go straight through the shredder. Because all this EU climate policy, thanks to Mr Timmermans, is going to be fine. If you think that with that terrible climate agreement of Mr Nijpels and co you have had everything, well, not so. The Timmermans of this world like to do a little more on top. Mr. Chairman. There is only one conclusion that can be drawn: we must get rid of this terrible climate policy as quickly as possible. Thank you."
ParlaMint-NL_2021-12-15-tweedekamer-9.u10,2021,2021-12,Hugode Jonge,Unknown,security,0,"Exactly. This is exactly why you did not hear me say much yesterday about developing those emergency scenarios. That's the homework you have to do anyway. But what's even more important than that is that we do everything we can to prevent that, and that starts with boosters. It has to do with stepping up testing policy, it also has to do with the measures you could take as a precaution in case it comes to that. I'm gonna talk about the care capacity later. I would actually like to go further with the measures that we have to take. Maybe I should go into education briefly first. I have heard the critical sounds, and I would like to put a number of things aside. Let's look back to September and see what developments that virus has been going through, see at what time the epidemiological situation was at issue and what measures we had to take at that time, advised by the OMT, weighted and decided by the Cabinet and endorsed by the Chamber. Then I think at those moments we have taken the measures that were needed at that time, where there was one time that the measures afterwards turned out to be insufficient to actually bring the R back under 1. That was the November 12 package. It took a long time for actual results to become visible. That has brought us, as it turns out, just under one. At the time when we took stock of the question at the end of November, ""is this going to be hard enough?', We didn't think it was hard enough. That is why we got past the 24 November package. This has led to a reduction in all figures. In the test streets this is most visible, but fortunately there is also a serious decrease in the number of hospitalisations and even in the occupation. That's the game against delta. We have taken measures in a number of steps when it was necessary. Had it been the case that there was no omikron variant, we would have just been in a decline that would have brought us back below the limit value in the first half of January, as we agreed with each other: the 25 ic intakes per day and 100 hospitalizations per day. Depending on the actual R-value, this would be at the beginning of January or mid-January. That was the cabinet's commitment. In this context, the advice given by the OMT in recent weeks has also been included. It was not until mid November that the Omikron variant was first detected on Dutch soil. In fact, it is only since last week that we are actually beginning to see, perhaps a week earlier, what this will mean in the European context and in the UK. That means that you have to weigh today's figures in a different way. If you didn't know about Omikron, you'd think, ""Good, the figures show a decrease, so the measures have an effect. That is exactly what we wanted, because that brings us back below the limit we had set for ourselves."" But we do know about omikron. We know of the potential risk of a much faster spread. We don't know so much about the disease-making ability of the virus yet, but we do know about the much faster spread, which has a lot to do with the decreasing vaccine effectiveness. This means that we need to give gas, in particular, to that point. I'm about to explain. However, it also makes it necessary to avoid that there is a catalyst for that new variant somewhere in society. Of course there is also that story about delta and about the very short connection of school week to Christmas dinner. Of course, that has also been an important point of consideration. However, the decisive point in the recital on whether or not schools are closed has been the information that has come to us over the past week and last weekend about the much faster spread. Because every brake you can apply in the introduction of Omikron, slowing down the introduction of Omikron, is probably lowering the wave we're about to face, because it gives us time to actually complete the booster campaign. That is the decisive argument. That also means that I can't go along with the question of whether you should have closed the restaurant two weeks ago, because you wouldn't have to close the schools now. I'm not going along with that, because I don't think you can think about it in that contrast. If we had closed the catering industry two weeks ago, even during the day until 5 p.m., it would not have posed any other problem at the moment with regard to education. By the way, the catering industry is already insanely limited. I think it's one of the most limited sectors during the whole corona crisis. If we had closed the Efteling, non-essential services or all those other places at the moment or in the last few weeks, it would not have allowed us any more room for consideration of education. Those were all decisions with an impact on the delta variant and we are winning that race. It's all going too slowly and the pressure on care is still very high, but we're winning that game. What we need to do is slow down the introduction of the omikron variant. We need to slow that introduction down to lower the wave of later. That is the decisive reason for education."
ParlaMint-NL_2022-02-28-tweedekamer-3.u184,2022,2022-02,Christine Teunissen,Unknown,energy-general,2,"The Minister is right to point out that SWIFT exclusion has and can have a major impact on both Russia and Europe. Here's the thing. If the oil and gas industry is excluded from payments, Putin will be greatly affected. That hits the warhouse hugely. Of course, that also affects Europe enormously at the same time. My question was, even in the first term, whether the Netherlands was committed to excluding oil and gas, and, of course, to having a scenario in mind for what that means for Europe. Has he at least considered the option of excluding the oil and gas industry from SWIFT?"
ParlaMint-NL_2019-11-12-eerstekamer-4.u12,2019,2019-11,Eric Wiebes,Unknown,energy-general,0,"Mr President, thank you. I would also like to thank Mr Koffeman for his supplementary motion. Let me be honest: common consent on the one hand but also appropriate resistance on the other hand compete here in me. I will try to explain to you in as short a time as possible, one minute, why this cabinet finds that biomass restraint is in place but why I am going to discourage this motion. Biomass is inevitably part of the mix. I do not find that specific as a private opinion. That is what the IPCC and the International Energy Agency think, the parties we need to explain to the rest of the population that we need to do something about the climate. Biomass is an inevitable part of that. What is important is that that biomass is really sustainable and not, to put it bluntly, fake. If we're gonna throw primeval forests into a coal power plant, everyone understands that it's fake and not real. It is also appropriate to focus on air quality. I agree with critics, but when we talk about wood pallets in coal power stations, they are not primeval forests. Wood pallets are a very limited part of the SDE anyway. The high numbers in this motion, I can't bring home. As a biomass, we use the residual flows of the traditional timber production that has been going on for centuries. That is thinning wood, pruning waste and waste from the wood industry. That is what the Dutch sustainability framework says. So there are no primordial forests in coal power stations. We'll do the rest streams. As far as the implementation of the motion is concerned, the judgment depends on how you read it. If I read 'a proposed grant as soon as possible' in such a way that the decisions already issued should no longer be complied with and therefore we will have to stop the decisions already issued, then I must advise against the motion because this will lead to major damages claims and failure to comply with the sustainability rules. If it says here that we do not issue any new grant decisions for wood-burning in coal-fired power stations, then I will leave this motion for a resolution to the House. Bon! We are not going to issue new decisions on wood-burning in coal-fired power stations. Here's to it. With that explanation, I'll leave the motion to judge Chamber."
ParlaMint-NL_2022-02-17-tweedekamer-11.u46,2022,2022-02,Suzanne Kröger,Unknown,minerals,0,"This is a marvellous reasoning, isn't it? Our most vulnerable nature reserve is threatened by mining. With a change of law, we are simply proposing that we ban that type of activity on, below and in the Wadden region. It is a very clear amendment. There is also a very clear explanation. I really don't understand what's missing before D66."
ParlaMint-NL_2019-11-19-tweedekamer-17.u280,2019,2019-11,William Moorlag,Unknown,climate,3,"I think that we in the Netherlands should primarily create the conditions for establishment so that we can maintain this type of activity. This type of business, energy-intensive companies, we need to be able to make a leap towards sustainable business operations. The products simply remain in demand, so it is better to produce them in a sustainable way in this country. Hoogovens................................................................................................................................................................................. I think there is now a double interest involved. On the one hand, it is a question of maintaining employment and, on the other hand, it was a starting point for achieving sustainability. We should just cherish and preserve that for the Netherlands."
ParlaMint-NL_2021-10-27-tweedekamer-8.u156,2021,2021-10,Laurens Dassen,Unknown,energy-general,0,"Of course, it is important that we do this together as Europe, but that does not relieve the Netherlands from taking a certain leading role, precisely because the Netherlands is one of those prosperous countries. But it would be nice if the Netherlands in Brussels were to argue that if Europe were to go even faster, but also, in consultation with other countries, to launch certain projects to shape these renewable energy projects."
ParlaMint-NL_2019-03-14-tweedekamer-6.u25,2019,2019-03,Stientjevan Veldhoven,Unknown,energy-general,0,"Yes, Mr. Chairman. That's fine. We're pulling in here on the same side of the rope. As I made clear at the meeting, we all understand that this is not something that will be settled tomorrow. But we all think it should go that way and so you also want there to be enough attention and pressure to fix it. That is what we are going to agree on in the action plan. Then the motion to part No. Mrs Kröger's 762 on palm oil and aviation. That motion has been submitted to me, while it is covered by the Minister's file. Moreover, this motion is superfluous, because a number of agreements have already been made. If Mrs Kröger wants further details on how the agreements already made relate to other agreements in aviation, I really have to refer her to a debate with the Minister on aviation. So I would ask her to hold that motion because otherwise I would have to advise her not to, because I cannot give any other opinion on it now."
ParlaMint-NL_2020-06-11-tweedekamer-9.u276,2020,2020-06,William Moorlag,Unknown,climate,3,"I'm not very good at quoting Augustine, but maybe I am from Jan Köller from Borgsweer. He once noted that in a barrel of wine, in his opinion, there were more miracles than in a church full of saints. There was no need for a barrel of wine and no need for saints, but it took a room full of judges to get to this Urgendavonnis. Mr. Chairman. If you don't jump yourself in time, you're gonna get pushed. I said on that point that we must avoid it. We must abide by our own goals and standards. That applies to CO, that applies to nitrogen, and that applies in general. That's part of good and good governance. Mr. Chairman. I shall now move on to the reading of the motion, otherwise I will be in a mess with my speaking time. [[Motion]] [[The Chamber,]] [[heard the debate,]] [[Whereas additional investments are needed to meet the democratically defined emission targets and comply with the Urgenda ruling;]] [[Whereas the sustainability of housing reduces emissions and reduces the energy bill, but is also a desirable and necessary boost for the economy and the maintenance of jobs in the construction and installation sectors;]] [[calls on the Government, in consultation with the construction sector and representative organisations of homeowners, tenants and landlords, to develop an acceleration approach and, in the context of the response to the recession caused by the corona crisis, to mobilise resources for this purpose;]] [[and goes to the order of the day.]] [[This motion has been proposed by Mr Moorlag, Mr Beckerman, Mr Van Raan and Mr Van der Lee. It seems to me that their submission is sufficiently supported.]] [[She's getting No. kst-32813-530]]"
ParlaMint-NL_2019-09-26-tweedekamer-6.u16,2019,2019-09,Jessicavan Eijs,Unknown,energy-general,3,"Mr Koerhuis talks about the fact that we have to drop strange sustainability requirements, because otherwise there will be no affordable construction. But I wonder how Mr Koerhuis looks at the affordability for the resident, who ultimately has to live in that house and who has to cough up the energy costs of a poorly isolated house."
ParlaMint-NL_2020-01-14-tweedekamer-8.u20,2020,2020-01,Sandra Beckerman,Unknown,energy-general,0,"Let me look up that piece on the independent counsel. It says, in response to the internet consultation: ""The independent counsel is only competent for old damages and reinforcements, not for new damages under this law."" So that's pretty clear in there. It is precisely the social parties who are very concerned about this. I think that's right. We would all like it to be superfluous here. That is absolutely not the case at the moment, no matter how much we like to believe that all these promises will come true at some point. Mr. Chairman. At present, the damage protocol annexed to the Mining Damage Decision regulates what is entitled to be harmed. It won't be in the law anymore. The Minister points to the independence of the new institute as an argument for this. But it does not harm independence in any way when we simply say that the current protocol must be the lower limit and when the new institute has all the room to change it when it benefits the injured? Then the old damage. In recent years, a lot of Groningers haven't gotten what they're entitled to. The NAM has paid thousands of Groningers far too little compensation. And now we're finally putting the NAM out of the damage settlement. But that doesn't give people who haven't been compensated enough for what they're entitled to. Finally, a small start was made in compensating for old damages. Through the temporary committee there is a hardness clause which sometimes also compensates for old damages and there would be a window for the people with old damages who had not received enough at the NAM. But from the new law that hardness clause has disappeared and the counter at the province shows, according to the GBB, an empty shell. Only a small group can go there. They have to produce evidence themselves, and the NAM is still judging. That's not a real solution. We would prefer to see all those who were underpaid by the NAM to be compensated. Each time we hear the argument that that would be too much work for too few damage experts, but actually that remains very harsh. Whatever 417 billion can be made as a State, but then can get away with the non-indemnification of all the doomed. We will support the amendments to bring the hardness clause back into the law, but the question is: how will this be implemented? Which groups will this apply to? Will this also apply, for example, to the people from the former outskirts with a Witteveen+Bo report? Mr. Chairman. Some legal aspects. Degraded Groningers have had to fight unfairly and unequally against the NAM, Shell, Exxon and the State in recent years, as I have said before. Several times this law is justified: recognizes that the position of the injured in relation to the State is unequal. In order to ensure that victims are quickly properly compensated, several lawyers and the Council propose that the case-law be given the opportunity not only to refer questions to the Supreme Administrative Court but also to the Supreme Court. Is the Minister prepared to take care of that? Mr. Chairman. Then the position of the NAM. Duplicitous people no longer have to fight the NAM, Shell and Exxon, but what about the government? The NAM cannot appeal against individual decisions, but against the tax imposed on it by the State. What are the chances they're gonna do the same? Why does NAM not have to contribute to the costs of members' remuneration and housing costs? According to the Minister, this would damage the Institute's independence. But the institute is also independent of the government, isn't it? And he'll pay the costs. How logical is it now for the whole of the Netherlands to pay for this, while the NAM is still partly responsible for the damage caused? Pay, not determine, as far as we're concerned. Why does the Institute actually fall under the Ministry of Economic Affairs and Climate? That is precisely the Ministry that has failed so badly in supporting the Groningers, the Ministry that time and time again thought about the economy, but not about the people and our security. Mr. Chairman. Then the position of us as representatives of the people. What about the position of us as representatives of the people and other governments? We're the controlling power, but we can't control anything too often now. Examples. For months now, the Minister has promised to give us insight into the reinforcements. We still don't have a real insight. In the past, we were shown every quarter how much money came to the victims and how much overhead was. And when the percentage that did not reach the victims reached 67%, the information was stopped. How's it going later? Do we get insights per week, per month, quarterly, and through whom? Mr. Chairman. Finally, the reinforcements. 2020 will be the year of truth. We are not having the real discussion today, but it is yet to come. This discussion has been pushed forward again, while the SodM called upon the regulator to adopt a crisis approach after the last earthquake. Damage handling and reinforcement had to be merged, they claimed. Of course, that call wasn't new at all. The United Nations has already hit the Netherlands twice. In 2015 and 2017 the Research Council for Security ruled hard on the role of both the NAM and the State. And in 2017 their call was already clear: make sure that one body is responsible for damage, for reinforcement, but also for intangible damage and loss of value. That's exactly what's not happening now. Today we talk about the damages, the law on strengthening comes later. The concept of that law is once again being judged harshly. The regulator itself reiterates that a crisis approach is not chosen. Acceleration of reinforcements is not in the law. The Gasberaad concludes that the strengthening law ruins Groningen's last chance. Residents don't get the initiative themselves. Thus the restoration of trust is abandoned, they argue. The Groninger Soil Movement is also harsh in its judgment. There are again too many parties involved, which means that there is a high risk of delay. It is deeply sad that we are not talking today about damage recovery and reinforcement. It's deeply sad that the law on reinforcements is so bad. This way, the restoration of trust will never happen. In this way a social disruption can be increased. That cannot and must not become the truth of 2020. Mr. Chairman. I'll leave it at that."
ParlaMint-NL_2019-06-04-eerstekamer-12.u11,2019,2019-06,Ankie Broekers- Knol,Unknown,security,0,"The time after the First Chamber will be used to write a sequel to your autobiography. The title of 2001 ""Over the field ""Over the ground"" shall apply without prejudice. Henk Overbeek. You have been among us for two and a half years as a member of the SP Group, and at that time you have been an expert on international trade policy in the debates with the government. You did not miss an opportunity to question the government calmly but sharply about forthcoming trade agreements. That has everything to do with your background. Until 2015, you were professor of international relations, in particular transnational politics, at the Vrije Universiteit Amsterdam. You also investigated international rules for good corporate governance and international economic issues. The debate on the termination of the statute of the UN Industrial Development Organisation (UNIDO) was your baptism of fire. You opposed the intention, with several others, because I quote: 'UNIDO is a valuable and important link to enable countries to operate higher in the value chain'. The bill was stopped and a year later, after the Rutte III cabinet took office, it was withdrawn. More recently, in a plenary debate, you showed yourself to be a warm and firm advocate of the Child Labour Care Duty Act, in which until the last time it was unclear whether this initiative law was going to survive; that was what happened in the end. As editor of various scientific journals on international politics and international relations, you will most likely continue your reflections on these issues even after you leave the Chamber. André Postema. As a Groninger in Limburg, you unite the extremes of our country. No wonder you were elected chairman of the Benelux Parliament in early 2017. From the beginning of 2017 to the end of 2018, you have played that role with verve. In this Chamber, but also in the Gouvernement in Maastricht, and of course in Belgium and Luxembourg, the delegations of the parliaments of the three countries under your presidency have discussed various issues. You have given a new impetus to the Benelux Parliament. During your Presidency of the Benelux Parliament, due to the difficulties in the European Union about, among other things, Brexit and the role of the Union, more attention was paid to these partnerships of a limited number of countries in various parts of Europe. The members of the parliaments of the northern countries and the Baltic States also regularly joined the meetings of the Benelux Parliament. In November 2018, you received a Baltic award for your active contribution to stimulating regional cooperation in Europe. You have been a member of the Upper House of the Labour Party since 2011, of which a few months as group chairman in 2018. You were also a member of the Temporary Committee on Operation of the First Chamber and chairman of the Committee on Foreign Affairs, Defence and Development Cooperation for a few months. Your great knowledge of the issues of finance and Europe, in particular, was reflected in the debates on these issues. Your performance is characterized, in addition to a great knowledge of things, by a great persistence. One example of the latter is the motion you tabled to reverse cuts in education. The motion was passed, but the cabinet didn't see a leg in it. You then pursued the Minister of Education for a long time, albeit in vain, to get the motion carried out anyway. Unfortunately, the keeper doesn't always win. During the recent General European Reviews in April 2019, you stated that it is important that, despite increased prosperity and security in, among other things, the European Union should be vigilant, so that the good is preserved, and that it is also an issue to meet new challenges effectively. In your opinion, European cooperation is the best way to do this. Your maiden speech held you at the meeting in which the First Chamber iPad with VergaderApp was presented. My predecessor noted that you read your speech from the iPad, which was still a mortal sin in the Chamber until then. You noticed that it was your own iPad and that you had been going through exciting moments with it. That's why you called it your ""lei."" The maiden speech went off a ""leen"" roof by the way, and for the future I wish you all the best. Geert Reuten. ""Szp'er Reuten,"" a senator with no staff, I should say. This morning I understood that from you: ""Senator without staff"" you call yourself. You are a member of the First Chamber at two weeks after one year, but not after you were a senator for the SP from 2007 to 2015. For your group, you are an economic and financial spokesman. In dealing with the climate law, you expressed strong criticism of the fact that the anchoring of parliamentary control was not sufficiently established. In a motion, therefore, you argued that the five-year climate plan should not only be submitted to both chambers of the States-General, but also require their approval. Your motion, which was not adopted, was based on the belief that the climate plan has or may have long-term far-reaching social consequences and will have to be supported to the maximum by society, represented by Parliament. You also advocated prior parliamentary approval when dealing with minimising gas extraction in Groningen. Your contributions to the plenary debates have always been thorough, and that is your scientific approach. In doing so, you laughed at your statements richly with figures and statistics, especially for the real insiders and always recorded in the well-known Reuts-footnotes. It seemed to me, therefore, no more than courteous to refer to statistics in this speech about you. I have therefore also summarised your contributions over the past year in figures, although I have not made a chart of them. You had nine plenary sessions, triggered three commitments and signed 15 motions. That does not include today's motion; it must therefore be sixteen. By comparison, between 2010 and 2015, these numbers were 31, 62 and 81 respectively. Unfortunately, I have not been able to compare these figures in percentage terms, nor have I had any further effect in footnotes, nor have I been able to say that I have a graph. From your entire performance, including in this Chamber, you are an expert. Here in the Chamber that was mainly economic and financial issues, outside the national borders you are known as Marx expert. This year appeared from your hand The little Marx, in which you managed to summarize the 2,200 pages of Das Kapital in only 80 pages. A huzaran piece! Marnix van Rij. You are one of the few people at the Binnenhof who still dare to go into the tax jungle and even the Tax Administration can show the way out of it in one piece. When you joined the First Chamber of the CDA four years ago, you became of course a tax expert on the Finance Committee. You were the CDA spokesperson in the annual treatment of the Tax Plan. You gave your maiden speech during the debate on the proposed tax measures. You spoke critically about the care of the legislative process, because the two Chambers were given only limited time to deal with it. In your contribution, you carefully filled out each of the individual measures under the Tax Plan. You dropped off your business card. This year you repeated this in the treatment of the Law on Emergency Repair Tax Unit. The proposal was actually put on the hammer list, but was put on the agenda of the plenary at your request. A special technical debate followed, which seemed to benefit both the Secretary of State and you. Frankly, I'm not so afraid of the rest of the Chamber. In your maiden speech, you referred to your own statement from 2000 that you hoped to enter the Senate by the age of 60 for a number of years. Well, that became a few years earlier. You haven't touched the 60 yet, that's not gonna happen until next year, but you can get the First Chamber off your bucket list right now. I wish you every success in new activities. Alexander Rinnooy Kan. Enthusiasticly, you entered this room four years ago as a D66 senator. Despite your extensive experience and knowledge of the public administration, including as chairman of the Economic and Social Council, you remained curious and interested in the many topics this Chamber deals with. You were chairman of the Committee on Social Affairs and Employment, which is not surprising given your background. As a mathematician, you acted systematically in the Chamber, combined with philosophical considerations. That your maiden speech was part of the General Financial Reviews was in that light an appropriate beginning. Your broad interest and employability have also been shown over the last two weeks when you were spokesperson in the Labour Market debates in balance and the change in the interest rate rate for the higher education loan. In the First Chamber, you have also supported the position of self-employed workers in the labour market, as part of your permanent quest to improve and bring about the functioning of the labour market, also in relation to international developments. After all, you also like to look and see outside national borders. In your contribution to the recent debate on the Labour Market Act, you briefly looked back at your career: ""The temptation is to see this proposal as the conclusion of a 30-year commitment on my part to many political efforts to improve the functioning of the labour market."" Last fall, your book ""Bordjes diving. Experiences of an optimist."" You are opening the sketch of your life, an autobiography, I don't think, with the observation that life experience as a useful result of many small and large experiences is not entirely a fabrication. No doubt you will add more experiences to your life experience in the coming years. Bob Ruers isn't here, but I'll talk to him anyway. As far as I know, no MP has been sworn in as many times as Bob Ruers in the last 21 years, four times. The first time was on 19 May 1998 and the last time on 5 February of this year; and in between it was still in 2006 and 2011. So there's been a lot of talk in this house about Bob Ruers. From 1998 to 2003 he was also the group chairman of the SP in the Upper House. Bob Ruers was a highly qualified member of the Committee on Justice and Security. In the debates on the State of the Law and also on the budgets for the Ministry, he showed persistence when it came to the judiciary. In particular, he stressed that the quality and freedom of judges would be at stake if they were placed too much into what he called ""a management mal."" As a lawyer in claims cases, Mr. Ruers became an expert in the field of occupational diseases, and nationally known for his legal struggle for people who had been victims of asbestos-related diseases. He even obtained his PhD on the subject in 2012. His last plenary contribution to the Chamber was very appropriate in the debate on the proposal for the disposal of asbestos and products containing asbestos. That rounds the circle. Although... Bob Ruers' name was on the list again in this election, in place 16, so we might see him a fifth time. Sybe Sheep. There is not only water in the world, but also a world in water, according to the thirteenth century Japanese zen teacher Dogen Zenji. Your world is also in water. At home and abroad, you are the authority in the field of water management. Especially in the Balkan countries and in Central and Eastern Europe, but also in other parts of the world, they rely on your knowledge of the water. I noticed this myself last year when we visited Albania together. The programme included a discussion with the Minister for Agriculture, where we talked about floods and erosion of some large rivers in the country. The surrounding landscape and parts of agricultural land were affected by this. You made a very competent contribution, which was very much appreciated by the Albanian interlocutor. In the First Chamber you have been a member of the VVD Group since 2007, where you are of course also spokesperson on this subject, but also wider in the fields of agriculture, nature, European Affairs and foreign trade and development cooperation. Your maiden speech, however, dealt with a completely different subject: an amendment to the Municipal Law. Your broad employability also has to do with your diverse background: dikegrapher, philosopher, publicist, professor, farmer in the Netherlands and Ukraine as well as First MP. You showed yourself to be a strong debater where necessary. On the basis of a sound argument, you did not avoid the debate with your colleagues and the rulers. For example, recently about Brexit legislation, the Child Labour Care Act and, of course, the ""never ending story"" concerning livestock farming and manure problems. You have several books in your name on agriculture, philosophy and the rule of law. During your First Chamber period, a book on populism stirred up quite a bit of dust. You have recently completed another manuscript. As a publicist, but also as a director of some non-governmental organisations, you will undoubtedly continue to monitor political developments. In the history of this Chamber, you will continue to live as an involved politician, on whom people and the Chamber could build, with an entirely independent expert and, at the same time, a remarkable contribution to parliamentary work. Paul Schnabel. Although you could again sit in the First Chamber in the new Chamber, you have chosen to withdraw from your seat because of commitments already entered into. When you became a member of the First Chamber for D66 in 2015, two years earlier you had quit the job with which you were inextricably linked for fifteen years: Director of the Social and Cultural Planning Bureau. In recent years, your knowledge of the sociology of our society and of clinical psychology has frequently brought you to the fore in the debates in this room. As a member of the Committee on Health, Welfare and Sport, you did so, for example, in the joint laws on care and coercion. In your opinion, the three legislative proposals were always concerned with how to deal with people's behaviour. You said that behavior caused or caused serious harm to the person concerned and very often to others. However, not all questions have been answered. You said: ""The special thing about that behavior is that it is not understandable by itself, that it is not correctable, not even by the person concerned, and that it does not usually turn out to be incidental either."" Your maiden speech took you on 8 December 2015 in the treatment of the Heritage Act. In that debate, you asked for special attention to be paid to the national heritage in Groningen, such as men's farms and medieval churches suffering from earthquakes. You called the government government! In the context of the Heritage Act and the restoration of the affected buildings, the Commission will ensure the preservation of historical identity. In recent years, you have held various plenary debates, for example on the introduction of a system of phosphate rights in livestock farming. But also, of a completely different order, about changes to the Media Act, in which the then minister was very close. You said that your group is very committed to good governance of public service broadcasting. In your opinion, the direction of the NPO should be free from influences that can make the mission and objectives of the public service broadcasting instrumental for the defence of interests other than providing high-quality public media services. You have a large number of publications in your name. In 2018 your most recent book appeared: ""I'm fine, we're bad. The feeling of the Netherlands."" It shows readers, among other things, that their lives could have been very different, less free, less easy, if they were born elsewhere or before. The scientist describes, the politician wants to change. You're both, and we'll find that in your book. Since you read, think, write and speak quickly, as newspaper Trouw once wrote, I can predict without risk that we will be able to expect more publications from you in the future, but the inexcusable bestseller Acts of the First Chamber will be closed to you today. Koos Schouwenaar. In 2011 you became a member of the First Chamber for the VVD, after being mayor for more than thirty years, in successive Venhuizen, Castricum, Maarssen and when you joined the First Chamber still in Middelburg. When you stopped in 2012 as mayor of the Zeeland capital, you remained also as an import-Zeeuw representative of that province. In your maiden speech, which you held during the same debate as Mr Zeeuw Peter van Dijk, you said, 'I am here on behalf of my group, but also for Zeeland'. Your propriety and relativism made your performances in the Chamber to the point, without any rejuvenation. Sometimes with a slightly ironic undertones, you put your colleagues on the wrong foot to underline your point, for example by referring to your own position in the debate on the abolition of list combinations. ""I would point out that the VVD is even the smallest party within the EU; the old saying ""quisque sibi proximus"" does not apply to the VVD, at least in this discussion."" End of quote, that's why I'm not translating Latin. In the debate on the partial ban on facial clothing, you argued that it is common practice in the First Chamber that each bill raises the question of whether there is a problem and whether the problem is resolved with this proposal. In your opinion, the bill was intended to put an end to an uncertain situation, was religiously neutral and complied with the case law, which allowed you to advise your group to vote in favour of the bill. As a sports enthusiast, you also liked comparisons with football for example in the debate. When I asked you to let go of the metaphor you started with that sport in your answer, you didn't just give yourself up and ask, ""What about another sport?"" Schouwenaar has been a common brand at the Binnenhof for a long time. You are not the first Schouwenaar in this Chamber; your mother, Jo Schouwenaar-Franssen, was twice a member of the First Chamber between 1956 and 1971 and in the 1960s the second female minister after Marga Klompé of the Netherlands, in the Marijnen cabinet. Your father was also a parliamentarians, only across the street, in the House of Representatives, in front of the PvdA! We await the next generation of Schouwenaar. Mohamed Sini. On 6 December 2016, you were sworn in as a member of the First Chamber for the Labour Party. Your maiden speech spoke out two months later, during the debate on the funding of philosophical education. The motivation for your First Parliamentary Membership, you said on that occasion, was to contribute to a society in which people are connected, a society that knows compassion and in which everyone counts. In the ensuing debates, you have always shown this drive in your distinctive and concise manner. This was most clearly reflected in the debate on the inclusion of a general provision in the Constitution which indicates that the Constitution guarantees the democratic rule of law and fundamental rights. You indicated that your group supports the inclusion of this provision, but that the PvdA Group would have liked the wording to be supplemented by the human dignity pillar. In the debate on the repeal of the Advisory referendum Act, you criticised the withdrawal of the law itself from an advisory referendum. According to you, this confirmed the view that the government is not interested in the opinion of voters, and that it is mainly afraid of a result that it is not waiting for. This will be felt by many as an increase in the gap between citizens and politics and, in fact, as a result of the alienation that this government is so afraid of, you argued. Since membership of the First Chamber was not compatible with your work as a strategic advisor to the National Police Corps, you have been temporarily suspended. I hope you'll be happy to return to the national police. In that environment you can also continue to work on the connected society that is so important to you. Danney van der Sluis. ""I'm just gonna move on, we're not gonna let them drive us crazy."" It was almost the first words you spoke in this Chamber. At the beginning of your maiden speech, more than two years ago, the sound fell away and this was your sober reaction. In March 2017, you came to the First Chamber as a successor to one of the four PVV-Room members who transferred from Binnenhof 22 to Binnenhof 2, or from the First to the Second Chamber. You have been a member of the Provincial States of North Holland since 2011, of which you have also been chairman of your party for a number of years. Your background is, as is the case with some others who say goodbye today, with the Defense Department, where you have been a professional military officer for twenty years. In 2001, you were sent to Bosnia. On your return, you held some civilian positions in the Ministry. In the First Chamber, you were spokesperson climate and energy for your group. Your maiden speech, I quoted you from it just now, as you stuck to the bill on the approval of the Paris agreement on climate objectives. Given your political colour, it was not surprising that you opposed ratification of the agreement. Involved in the Chamberwork and persons, debate with some bravure and always in for a chat. For example, colleagues and the Registry have met you for the last two years. We wish you every success for the future. Tineke Strike. Since 2007, you have been a member of the First Chamber. During the last parliamentary term, you were chairman of the Group of the Greens/European Free Alliance. Between 2011 and 2015, you were also chairman of the European Affairs Commission. As long as you are a member of the Chamber, you are also a member of the Parliamentary Assembly of the Council of Europe. You can stay that way for another three months to hand things over properly. However, you will remain active in and for Europe, but later in the European Parliament. Within this Chamber, but certainly beyond, you are a great expert on European asylum and migration law. It is not for nothing that you are a member of the Council of Europe's Parliamentary Assembly and in 2012 you wrote a report to the Council of Europe on the death of 63 Libyan boat refugees. During the June session of the Assembly, you will present another report on ""pushback action"" by Member States, literally pushing back migrants, in this case. In this Chamber, you regularly asked for attention to be paid to European asylum policy, but also to Dutch migration policy in relation to Venezuelan refugees in the Caribbean part of the Kingdom. Your maiden speech spoke to you during the debate on the government's commitment to the European Council on the revision of the European Treaties. In your speech, you said that you lacked an enthusiastic tone about the opportunities that Europe has to offer. At that time, and still today, you expressed that enthusiasm when it comes to European cooperation. For a long time we were together members of the Committee on Justice (later Security and Justice and now Justice and Security). I am giving an opinion to whatever government comes next: call that committee the 'Justice Commission', ready!"
ParlaMint-NL_2020-06-11-tweedekamer-9.u209,2020,2020-06,Carla Dik- Faber,Unknown,energy-general,0,"The Minister just suggested that I would have asked for a large campaign budget, but I am not asking for that at all. I am concerned that we are going to translate the Climate Agreement into the everyday reality of people and that we are giving people an action perspective. To save energy you can put an expensive heat pump in your home, but you can also isolate your home. How are we gonna take people in there? That's just my story. How can we get into those living rooms like the Postcode Lottery, as I said in the past? They know people very well."
ParlaMint-NL_2021-05-12-tweedekamer-7.u15,2021,2021-05,Lilianne Ploumen,Unknown,economic,0,"Mr. Chairman. Let me begin by thanking Mr Tjeenk Willink for his work as an informant. It is a good practice, it seems, that as soon as chaos arises in politics in The Hague, he is called upon. That is never in vain, not even this time, for which I am very grateful. The election took place seven weeks ago today. Immediately after that election, I made clear the commitment of the Labour Party. As far as we are concerned, it was and is necessary to speak first of the information for a new cabinet about the major tasks that the Netherlands is facing, about the everyday concerns of all Dutch people. This would, of course, include the fact that we are expected to do so in response to these major problems and to formulate solutions to these concerns. Seven weeks later, we have to conclude that we have actually barely gotten there. The formation is degenerate into chaos and almost came to a standstill. Trust in the Prime Minister was abandoned by the entire opposition after his role in reconnaissance. The great waiting for the radical ideas of the VVD leader to do it differently, so far is quite... What shall I say... We have been waiting a long time. Meanwhile, the Dutch are waiting for us to really do something about these everyday problems, until there really are solutions to the problems caused by the corona crisis, which have been exposed and deepened by the corona crisis. The big workload in care. Every day we ask more of the employees in the care. The great sadness that has hit our country, now that so many people are confronted with serious illness or a great loss, when they have lost people. We have seen that cooperation in healthcare works better than market forces and competition. We see the concerns of entrepreneurs, of self-employed people, of the arts and culture sector, who are in the water's mouth. The inequality is growing, and that is what it should be about now. It should also be about Dutch people who are excluded by discrimination, by institutional racism, about people who are faced with a government that is opposed to them, rather than protecting them, such as the parents who were victims of the childcare allowance scandal and the people in Groningen, who are still waiting for recovery. Are we a government that is there for them and that protects them, instead of a government that turns against them? It must also address the major issues facing the Netherlands in the coming years when it comes to correcting the great inequality. The outgoing informant proposes to do so now and also makes a number of concrete proposals, such as, as I mentioned, the restoration after corona and the strengthening of the democratic rule of law. That can count on the support of the Labour Party. But there is also a need for other issues to be addressed. The security of work and income for all people in the Netherlands. It has to be possible to find an affordable house all over the country. All children must receive good education. Loving care must be available without the people in care constantly having to work overtime. We want a viable planet with protection for our nature and a clean energy supply, and a strong position of the Netherlands in Europe and in the world. And we do want to have a new governance culture, as it is called, but what I would just like to call: a fairer and better Netherlands, where, for example, all people have access to the law. We talked about that before. Mr. Chairman. It is time for the series to end, so that we can deal less with ourselves and especially with the Netherlands, with the problems of people. It is now up to a new informant to carry out and report on a substantive review. That's what we're waiting for. Thank you."
ParlaMint-NL_2022-06-29-tweedekamer-12.u57,2022,2022-06,Bartvan Kent,Unknown,energy-general,0,"This can't be D66's answer to this best man in Nissewaard, can it? That can't be the answer, can it? I asked you the following question. This man has an energy bill that has risen from €140 to €320. He can never not pay for the income he has. He has a modest income, but he is not eligible for compensation. What's D66's answer to this man?"
ParlaMint-NL_2022-07-11-eerstekamer-3.u127,2022,2022-07,Bastiaanvan Apeldoorn,Unknown,energy-general,0,"I do not know exactly what Mr Backer is asking. We have always been a stated opponent of the Energy Charter. We find it absurd that energy giants like Uniper and RWE can file such billions of claims. What if it were imposed on the government? Then it is up to the government to respond. My point is that we should avoid this in the future by a, leaving the Energy Charter, preferably today, and by b, not here in the Senate tomorrow, approving the CETA Convention with this special court. Mr President, I forgot Mr Backer's first comment."
ParlaMint-NL_2020-02-13-tweedekamer-2.u32,2020,2020-02,Roelof Bisschop,Unknown,energy-general,2,"...and the Energy Agreement and the Climate Agreement. So it's not about the effect that matters to me, it's about morality."
ParlaMint-NL_2019-03-14-tweedekamer-10.u185,2019,2019-03,Rob Jetten,Unknown,energy-general,0,"First of all, thanks to Mrs Marijnissen for naming herself that, as coalition groups, we have, of course, been thinking together for a long time over the last few weeks about what we should do with this concept of climate change agreement. It was just suggested by others that in 24 hours we had put that together as quickly as possible. Why are we bringing that up six days before the election? Because there are now the credit transfers of the draft climate agreement. That is not a date we have chosen as coalition groups. That's a date chosen by the planning agencies. But I come to Mrs Marijnissen's point. Once again, I can mention concrete amounts here, but it will be different for each family. So I don't want to make those promises here because I'm not sure how much I can keep them. I note, however, that the Rutte/Asscher cabinet has caused a huge increase in the energy tax, that we have done a bit more with the government agreement of this cabinet and that we all had to see at the beginning of this year that that was really too gratuitous. This huge increase in the energy bill of €300............................................................................................................................................................................................ The cabinet can't do anything about market developments. We can do something about the increase caused by policy and energy taxation. I think that's the size we need to think about, but I can't promise an exact amount here. Other politicians have done that in the past, but that always turned out wrong. But the call is clear: shift the energy tax from households to companies, so that from next year onwards, those households will see that it really goes down."
ParlaMint-NL_2021-05-11-tweedekamer-29.u169,2021,2021-05,Pieter Grinwis,Unknown,energy-general,2,"But with an ETS price of €52 and the current low price of gas and electricity, coal power plants are out. That's a fact, isn't it? If that is a fact, why can't the Minister answer the question of loss compensation under a law which has no material meaning?"
ParlaMint-NL_2022-06-22-tweedekamer-7.u97,2022,2022-06,Mark Rutte,Unknown,energy-general,0,"That debate is now under way. A committee debate is now under way on the Energy Council, with the Minister for Climate and Energy. I think that question is on the table there, too. We ourselves, of course, have made a so-called plan of disposal, a Gas Protection and Recovery Plan. We also assume different sizes of severity of interventions from the security of supply. That is what this week's letter has been about, namely about actually putting into effect what is called 'the early warning'. That's step one of them, the first crisis step in that Gas Protection and Recovery Plan. So that's what we've got on the map. But, of course, it all has far-reaching consequences. It is not true that this is light, but neither does Mr Sjoerdsma."
ParlaMint-NL_2019-09-25-tweedekamer-8.u38,2019,2019-09,Eric Wiebes,Unknown,energy-general,0,"No, even in view of the budget law and the control role of the Chamber at all, it is not a strange request at all, but in this case I have come to the conclusion that the accelerated phasing-out of gas extraction will only come about if we start with the conversion of Norg and that we can only achieve it by a provisional amount. After that, I would be happy to answer to this Chamber about the outcome in all forms. But now there's something on the critical path. I have a responsibility here for safety and for a commitment to Groningen and for security of supply. From that point of view, I must act now. That is why I must advise against this motion, saying that I do not find the request in itself strange at all. I understand. I might have asked that in the case of Mrs Beckerman, but this is the situation we are in."
ParlaMint-NL_2020-12-15-eerstekamer-25.u18,2020,2020-12,Henk Otten,Unknown,climate,0,"Haste rush is rarely good! Certainly not when it comes to spending as much as EUR 20 billion, with a fundamental form of state capitalism being launched in the Netherlands. Here in the First Chamber we sometimes discuss for days far less radical measures than this blank cheque of 20 billion. A number of coalition parties and also the PVV suddenly wanted to remove this issue even without meaningful discussion as a hammer piece in the First Chamber last week. Partly because of our perseverance, there has been a small debate of only 40 minutes, or EUR 500 million per minute. At this rate, we could have given their money to the many thousands of victims of the premium affair who have been waiting for their money for years. Mr. Chairman. When our group asked the members of the Committee on Economic Affairs last week exactly what the urgent importance was and why this National Growth Fund should be carried through the First Chamber with steam and boiling water, it remained silent for a full minute in the video meeting and no one had an answer. Apparently, many parties have an interest in getting to work with this EUR 20 billion green grabbelton as soon as possible. The National Growth Fund therefore seems more like a National Graai Fund, and taxpayers are again paying for it. Mr. Chairman. As every Dutchman knows, you can only spend your money once. It is precisely in this unprecedented global economic crisis, as a result of the coronavirus, that this money should have been spent on structural relief for middle-income and hard-working Dutch people in particular. More and more people are no longer able to make ends meet in the Netherlands, but we spend 20 billion on vague sustainability projects without a return target. ""The hardworking Dutchman is ours,"" I heard a VVD senator shout in this Upper House yesterday. But forget it. The VVD gives the hard-earned tax money of the hard-working VVD-voting Dutchman to a number of old boys and former politicians, to fund their pet projects and GroenLinkse sustainability dreams. Mr. Chairman. There is much to do about the name of this fund. Is it the Wiebes fund, the Wopke-Wiebes fund, or the Wiepke fund? There is, in fact, almost more discussion about the name than about the content and the objectives. As far as our group is concerned, we should call this fund the McKinsey Fund, a theoretical study room solution, conceived on the drawing board by two former McKinsey consultants, namely Mr Wiebes and Mr Hoekstra. One of them even made it a partner at this illustrious consultancy firm. The other was the architect of the fees-wretched as Secretary of State for Finance. As Minister of Economic Affairs, he is the man who wants us off the gas and concluded an expensive Climate Agreement, for which the hard-working, tax-paying Dutchman can take the fall again. Such a consultant-student room solution is now reflected in the design of this National Growth Fund. We see a consultant approach that looks nice on paper, but the question remains as to what will become of it in practice. The consultants Wiebes and Hoekstra come with a roaring presentation and big plans; others are allowed to carry out the plans. Our group has repeatedly warned of the risks of this chosen approach. Mr. Chairman. We were pleased in that, and not by the least. Former Finance Minister Onno Ruding, also CDA member of Minister Hoekstra's party, said in Het Financieele Dagblad: ""If you think it's important to spend money on something, you have to include it in the budget. Then you get a fair balance: how much priority is it really? Such a fund soon becomes a big grabbyton. When someone suddenly comes running in with a big bucket of money, everyone comes in like locusts. That's the way it is in politics."" But also Sweer van Wijnbergen, former secretary-general of the Ministry of Economic Affairs of Minister Wiebes, and professor of economics at the UvA, warned extensively in an article in NRC Handelsblad with the ominous headline: ""Don't let them throw away 20 billion."" I quote Sweer van Wijnbergen on the Wopke-Wiebes fund. ""The (...) name arose as a result of a childish quarrel over who first put forward this bright idea. Whoever came up with it, we don't know, but we know it's an exceptionally bad plan."" Thus top economist Van Wijnbergen. Van Wijnbergen, like our group, is also very concerned about the selection of investment projects. I quote: ""The only further test after lobbying companies arrive with projects is (...) a typical polder advisory committee (...) full of more or less large names but without relevant expertise............................................................................................................................................................................................................................................. These are not my words; those are the words of Mr Wiebes' former Secretary-General of the Ministry of Economic Affairs, Mr Van Wijnbergen. Our group shares this sharp analysis of the former Secretary-General. Mr. Chairman. Last year, we held a wide-ranging debate in the First Chamber on the 2.5 billion euros that the cabinet made available to a similar investment fund of former Finance Minister Wouter Bos. This fund is called Invest-NL. Mr Van Ballekom also referred to it. I looked back this morning on my first term of the debate on Invest-NL, on 12 November 2019. Many of the objections I raised there against Invest-NL apply mutatis mutandis and to a greater extent to the National Growth Fund. Only the National Growth Fund is ten times bigger. Invest-NL was launched big, under the motto: impact investment. The impact is limited, as far as we can see now, especially to creating a large staff of 50 people and a lot of overhead. My question to both ministers is therefore: what has the Invest-NL investment fund invested in over the past year? What activities and amounts are involved? Invest-NL was sold to us to solve market failures. The Ministers were not able to explain to us exactly how they were supposed to do this at the time. The National Growth Fund is now going to do so on a ten-fold scale. It invests in such things as ""knowledge developments, research, development and innovation, and infrastructure."" Of course, all this happens with efficient CO pricing and to increase our earning capacity. My question to both ministers is: how is that earning capacity measured before you invest these billions? Such decisions are surrounded by enormous uncertainty. My question to the rulers is: how is it dealt with in concrete terms? How can the cabinet ensure that the billions here do not disappear like snow before the sun in the pockets of sustainability illusionists, who naturally preach the managers of the billions of dollars that the taxpayer has coughed up to eat out of the billion-dollar dungeon? Mr. Chairman. I'm rounding up. It is clear that we do not see this National Growth Fund in its present form and fear that it will eventually end in a walhalla for consultants and sustainability illusionists, and in a tear trap for future generations. We therefore want an emergency brake to be added to this National Growth Fund, as with the 750 billion EU Restoration Fund. But that must be an emergency brake which, unlike the emergency brake of the EU Restoration Fund, actually works. That is why we are tabling the next motion. The: Mr Otten, Mr De Vries and Mr Baljeu proposed the following motion: [[Motion]] [[The Chamber,]] [[heard the debate,]] [[whereas the government intends to spend EUR 20 billion on the National Growth Fund;]] [[noting that this entails significant and significant risks for the Dutch taxpayer, both now and in the future;]] [[calls on the Government to adapt or supplement the plans for the National Growth Fund in such a way that an appropriate emergency braking procedure is added to the governance of the National Growth Fund so that effective action can be taken if the risks no longer outweigh the investments,]] [[and goes to the order of the day.]] [[It seems to me that their submission is sufficiently supported.]] [[She's getting No. kst-35570-XIX-G]]"
ParlaMint-NL_2020-06-30-tweedekamer-4.u6,2020,2020-06,Paul Blokhuis,Unknown,energy-general,0,"Three questions I've heard. I can go into that very briefly. As for the pace: if it's up to me, it was in the Official Journal yesterday. I'm doing the best I can to do it as soon as possible. Let's all put a lot of effort on that. That's one. Two. Young people must already know about the risks, because these new insights exist. Mrs Kuik asks if I can start a separate campaign for this. I want to take that question seriously, but I will not admit it now. Corona has also stopped a number of campaigns that we already had in the pipeline. So it has to fit into the whole. I think it makes sense that there should be a campaign. When it starts exactly, I am not going to give my word now because there are a lot of other campaigns waiting in line. I'm taking that question seriously. And the last question was? I didn't write it down; that's my fault."
ParlaMint-NL_2021-07-06-eerstekamer-13.u36,2021,2021-07,Kajsa Ollongren,Unknown,energy-general,0,"No, look, we, administrators, city councils, aldermen, mayors, sometimes also sit there to make difficult decisions and decisions with which you cannot satisfy everyone. Let us not forget that to people who say very vocally that they prefer not to, they are people who do. I believe that it has been possible locally to shape this in a good way by bringing this proposal to this House in a proper way. It was clear that, because of that feeling that some people had a slightly different idea, it was necessary to do something with it. This has taken the form of an evaluation. I've already said it might not have been necessary for me to have a law, but that's where it is now. If that's what's needed and if that's comforting, then that's fine. With this prospect, everyone can now concentrate on these new municipalities and on all the challenges and tasks ahead of them. We all know, also from other reclassifications, that at first there will be some energy in merging. It is necessary to be able to look ahead, to see the dot on the horizon, and I am confident that it will succeed."
ParlaMint-NL_2022-06-16-tweedekamer-6.u135,2022,2022-06,Tomvander Lee,Unknown,economic,0,"The law is about energy prices, and that's what I was talking about. I also want to go back to September last year. Then there was also a report, from TNO, that mapped out what at that time was the group of people in the Netherlands who already had to do with energy poverty. This showed that this group is concentrated among the people who have either a welfare or a bald AOW benefit. In fact, 80% of the 550,000 people were in the picture at the time. Seventy-five percent of them were hired. What happened next is that on Prinsjesdag a compensation package was agreed by the coalition, with much of it going back to people with often higher incomes. That was then repeated in March, in the package we are discussing today. Last Monday, with the CPB, we reviewed his report on the scenarios for the future. It looks ahead, while TNO looked back at what was the situation at the time. In this we see that the problems are really concentrated in the group that I and TNO mentioned earlier, the group up to 120% wml of the group between 120% and modal and a part of the group from modal to one and a half modes. The people up there can take care of themselves. They have sufficient income or sufficient reserves. Yet, in two packages, unfocused, 6 billion has been spent. This money comes to a large extent from the people who earn more than one and a half times the average. That's really problematic. I therefore hope that, in the future of the debate on the Spring Paper, it will become three times the charm. We have missed twice the opportunity to target large amounts of money, so let's do it once again, this year, to really meet the people who have the hardest. I understand that the VVD would like to have the assurance that companies will fully pass on their VAT and excise duty reductions to citizens, but of course they will not get them. That's where money leaks; we know that. It is not just the energy producers who make windfall profits. We see high inflation and rising prices everywhere that companies pass on more than necessary prices to citizens. Suppose it is not technically possible to set up a solidarity levy. Yesterday, the Secretary of State said a number of things about this: you will soon find yourself in discussions on state aid. He specifically talked about the mining tax, whether compared to England or not, because then you have more to do with locational climate. If all that is going on, I am not thinking of increasing the Vpb a little bit, to ensure that we can give a sum in hard euros this year to at least the people who are going to be able to get around this year."
ParlaMint-NL_2021-06-29-eerstekamer-9.u259,2021,2021-06,Johan Dessing,Unknown,energy-general,0,"Following on from Mr Schalk's question, I would like to ask an almost similar question. On the one hand, it concerns the high-quality biomass needed for the glass industry. On the other hand, we are talking about 30% of coal plants where there is probably no need to add high-quality biomass. That's two different things, isn't it? Surely one cannot lift or compensate the other?"
ParlaMint-NL_2019-04-02-tweedekamer-25.u23,2019,2019-04,Matthijs Sienot,Unknown,energy-general,0,"Mr. Chairman, I'm coming to my next motion. It's about geothermals. We believe that this is very important, and we also want to speed it up. The problem is at another point. [[Motion]] [[The Chamber,]] [[heard the debate,]] [[Whereas legal treatment periods apply for the granting of testing and extraction permits for geothermal energy projects;]] [[noting that the sector indicates that these deadlines are not always met;]] [[calls on the Government to accelerate the process of licensing geothermal projects, for example by increasing capacity,]] [[and goes to the order of the day.]] [[This motion was tabled by Mr Sienot, Mr Agnes Mulder, Mr Van der Lee and Mr Moorlag. It seems to me that their submission is sufficiently supported.]] [[She's getting No. kst-33529-601]]"
ParlaMint-NL_2019-11-06-tweedekamer-8.u55,2019,2019-11,Martijnvan Helvert,Unknown,security,1,"I would also like to ask the cabinet what is the situation with regard to this basic readiness if, for example, we get that question about Hormuz. Can we send a ship at all? Is a ship basic, but also mission-ready? For example, can they handle a place as dangerous as Hormuz? If we ever get that question again, for example from Europe, can we send a ship at all? In fact, I do not see anything in the budget about the development on the Russian side. Why is nothing written about the Russian side, when the Russian side has invested greatly and is also getting much stronger? Mr. Chairman. NATO expects the allies to have a national plan to reach 2% by 2024. The Netherlands, through the Prime Minister, has also submitted such a plan. A good first start has been made with the Spring Paper. There's gonna be money for nine F-35s, special forces, cyber and personnel. But that's not nearly enough. NATO is asking for much more: for more firepower at sea, on land and in the air. On 4 December there will be a NATO summit in London on the occasion of the 70th anniversary of the alliance. What is our cabinet going to say there to show that we also want to get that 2%? After all, we say in the budget that we are not achieving that 2%, but there is no justification for that. It doesn't say that we're actually not okay with that either, or how we're gonna do it eventually. The CDA calls on the cabinet to shape that national plan and would like to see how we are working on it, also towards the re-evaluation of next year. I say this all the more so now that serious problems are being exposed. For example, at the moment, defence has not allocated funds for the implementation of the operational energy strategy. The financial consequences are yet to be seen, with a budget under pressure. Even more worrying is the state of the real estate. I really want to make that a very important point. It hangs like a millstone around the neck of Defense, because after years of austerity, I also say to Mr Öztürk, we have neglected maintenance. A huge catch-up is necessary. The CDA saw in the staff note that there is a deficit of about 6 billion euros in the coming years. Is this true? 'Cause that's quite a corpse out of the closet, you'd say. Already, the Department of Defense is forced to take money away from equipment to close the worst gaps. For example, the LC fregates have been postponed for no less than five years. That's not good for our Navy industry again. The CDA sees a further balding of the equipment in the prospect. We find this extremely undesirable. I'd like to have a reaction to that. What is the government's view of the climate funds, which it pays out every year, about 300 million; exactly what we lack every year, to spend as much as possible in the state real estate? After all, the aim of the climate funds was to make the state real estate more sustainable. That's what we want. That is an objective of all of us. If we can solve a major problem in the Defense Department directly by making state real estate sustainable, isn't that a solution to the problem? If the cabinet feels strengthened when we as a Chamber make a ruling on this matter, then I am prepared to table a motion for this plan in the second instance. Mr. Chairman. The CDA is concerned about delays in major projects, first of all ICT. That's not gonna make any sense. They're gonna ask for a reprieve for that again. We fully understand good research, but we do need ICT and it will not be cheaper. How much longer do we have to wait for that? The decision on the Marine barracks has been made. But when can we expect implementation? When will that decision be implemented? Flessingen waits, but also Doorn waits, because they also want to go through. The decision on the submarines is not taken either. This also takes longer and longer. Because these frigates have also been delayed for five years, it is becoming increasingly difficult to maintain an independent, self-developing, autonomous naval construction in the Netherlands. Because we can't just do that with those four frigates that we can build, while we postpone everything else. That's a real danger to me. The discussion is not only that we want the best boat for the best price, but also how we maintain the naval construction in the Netherlands. My supporter Hanke Bruins Slot has always been very clear about that. She has tabled motions for resolutions on this matter. We want speed at that point. When can we make that choice? How much information does the cabinet want to ask for at all? And what are they missing from information that doesn't make it possible to make a decision yet? Parties that will be disappointed because they are not allowed to do so will continue to be disappointed if we wait for the message of postponement. However, the delay will weaken the winner of the tender, as he will have to wait longer and longer with the investment. Let's see. I've got a few more minutes, so I'm gonna end up with this. The recalibrate is very important. We are very much looking forward to that, because that is where we will have to show what Defence is really worth to us. If the armed forces are worth anything to us, if security is worth anything to us, and if the protection of our homeland is worth anything to us, then we will have to make that choice. Whatever choice we make, there's gonna have to be money. I would ask the parties to take this into account in their programmes for the next elections. We cannot allow this basic task of the government to be lost for €1.75 a day. Finally. Last sentence, Chairman. The CDA Group Chamber was once a ministerial chamber in the last century, where weekly cabinet meetings were held. That was the reason that above the four doors the four main tasks of the government were painted and written out: spiritual development, physical development, legislation and, Mr. Chairman,... Defence."
ParlaMint-NL_2019-11-28-tweedekamer-10.u76,2019,2019-11,Wouter Koolmees,Unknown,climate,3,"I honestly don't know. My first impression would be... There has been a debate in Europe about the ESF and the European Globalisation Fund, the EGF, where there is additional scope for labour market transitions. Think about the energy transition and that sort of thing. A demographic transition could also be part of that. But I'm gonna check this out for you for the second term, because I don't have this ready."
ParlaMint-NL_2019-07-03-tweedekamer-15.u102,2019,2019-07,Gert- Jan Segers,Unknown,energy-general,2,"However, I have not yet received an answer to my question. You can blame me for anything, and you can do it. But if, after that introduction, you answer my question, we will get on with it. What are you doing with the coal fund? What are you doing with that shift from the ODE? What are you doing with the energy tax cut? What are you gonna do with that? Are you going to vote for it or are you going to vote against it?"
ParlaMint-NL_2020-10-29-tweedekamer-4.u2,2020,2020-10,Kelly Regterschot,Unknown,energy-general,0,"Thank you, Mr. Chairman. Given the time, I'm filing two motions immediately. [[Motion]] [[The Chamber,]] [[heard the debate,]] [[Considering that energy infrastructure and tubes as transport modality and as a prerequisite for the energy transition are a priority for the Cabinet;]] [[Considering that the Cabinet has launched a feasibility study on the transport of dangerous substances via a tube or pipe route, as demonstrated by the MIRT letter of June 2020, from Rotterdam to Chemelot;]] [[noting that the network of pipe fittings between the major port and chemical clusters, such as Rotterdam and Chemelot, is of national importance;]] [[Calls on the Government to include definitively and consistently the indicative line of the Laarbeek-Echt/Suster pipeline line on the basis of the results of this feasibility study in the relevant map images of the NOVI;]] [[calls on the Minister, in anticipation of the outcome of a careful consideration of interests in the Energy Main Structure Programme, not to make alternatives impossible,]] [[and goes to the order of the day.]] [[This motion has been proposed by the member Regterschot. It seems to me that their submission is sufficiently supported.]] [[She's getting No. kst-34682-57]]"
ParlaMint-NL_2019-11-19-tweedekamer-17.u323,2019,2019-11,Chris Stoffer,Unknown,energy-general,0,"Mr. Chairman. I say to the cabinet: do not lose sight of business. Because the reduction in corporate tax is being postponed. Construction and earthmoving companies struggle with unworkable pfas policies. Why didn't the Department of Control stop this? Then I'm talking about the Ministry of Economic Affairs. Companies in the food industry and greenhouse horticulture are facing enormous burdens by increasing energy taxes. In short, where is the government's commitment to our business? Because it's still the case: no jobs without companies. Mr. Chairman. Many companies have to deal with procurement policies. Very often unreasonable conditions are imposed or procedures are not properly followed. Most procurement services do have a complaint counter, but that very often does not work well. Many entrepreneurs do not dare to complain because they are afraid to miss follow-up assignments. If they do, there is a good chance that they will not respond until the tender has been completed. Businesses argue for better legal protection in the form of a procurement authority, for example under the wings of the competition authority ACM. The Secretary of State has not yet given any thought to this, but I would ask her to move on in this area. Mr. Chairman. As I have just said, the SGP is concerned about the impact of energy taxes on companies. I note that the burden increases are mainly on the shoulders of greenhouse farms and other non-industrial large consumers, and on the shoulders of smaller industrial companies. I tabled an amendment to the Tax Plan last week. Unfortunately that was only supported by the PVV, but who knows there will be new insights. The Dutch food industry, for example, pays five times more ODE tax per tonne of CO than I call a company called Shell's refinery. Large industrial companies are exempt from energy taxation through voluntary agreements; the smaller ones are not. The cabinet is now shielding with extra money from the SDE++ for industry, but what are the chances that large industrial companies will run away with the money? Where is the previously promised SME test under the Climate Agreement? My question to the Minister is whether he is prepared to identify what all these increases mean for the different sectors. The real question is: is there still fair burden-sharing? Mr. Chairman. From local authorities we get a lot of signals that the speed with which regional energy strategies are nurtured will be at the expense of gaining support and at the expense of democratic decision-making. I indicated that in the event of an interruption towards the VVD. At least there's no time for residents' meetings. That while it has a huge impact on people's living environment. The expression is still: runners are killers. I would like to say: care above speed. Mr. Chairman. The municipality of Groningen is at the forefront of the designation of natural gas-free districts. I can imagine that there, too. But the municipality is now putting plans in the refrigerator because it lacks 3 million euros for its implementation capacity. If you calculate that on the back of a beer skin, you'd say we're talking roughly 1 billion, which is 3 million times 355 municipalities. I admit that this is a very rough calculation. In the Municipal Fund, EUR 70 million have now been made available once for the RES route and the natural gas-free neighbourhoods. According to the Climate Agreement, the municipality should receive at least 150 million. My question is: how about that? And above all: how is the cabinet going to ensure that municipalities are able to fulfil their heroic role? Mr. Chairman. Then there is the energy saving. As a SGP, we have been committed to this for years. I note that the RES pathways focus on renewable energy production. Of course, that is very good in itself, but energy saving remains rather underexposed, while I think there is a lot of potential in it. Several regions are struggling with these sustainable energy challenges. I would say: give them room to use extra energy savings instead of extra wind farms. In the built environment, so-called Energy Service Companies, in plain Dutch, can play an important role, not only for households but also for entrepreneurs. But there is one problem: the lack of proper guarantee schemes. My question to the Minister is whether he cannot ensure that these energy service providers can also use the SME guarantee credit. Mr. Chairman. I can see the Minister's eyes. He's thinking, ""When's he gonna come up with it?"" But it's coming. The electricity grid is under great pressure. Several renewable energy projects cannot be connected while we are only at the beginning of the energy transition. Network management tariffs will increase significantly in this respect. And here he comes, here he comes: we have argued earlier for the stress tests for the energy system. My question is: when are they really coming? Look! I made the Minister happy. Now he can formulate a very sharp answer to that. Mr. Chairman. The cabinet also struggles with nitrogen and CO. That's what we're struggling with all over the country. In this respect, unorthodox measures are not shy. I think so, too. But I would like to add one more, namely to reduce the number of Sunday shopping days. More and more municipalities allow shopkeepers the free rein, at the expense of Sunday rest, small shopkeepers and employees. Emissions of an estimated 1 megaton of CO and nitrogen are also at the expense of the environment. Mr. Chairman. I say, let Sunday be a day of reflection and family instead of a day of commerce. As my colleague Mr Bruins said earlier, the beautiful gift of free Sunday is in several respects very good for everyone in our society. My question to the Minister is therefore whether he will at least look at what the possible elimination of Sunday shopping could bring in environmental gains. If you want to take the remaining Urgenda quote of 2 megatons of CO seriously, look at these kinds of measures. Mr. Chairman. I'm a little disappointed by my colleague from D66, who's gone now. Last year he talked a lot about the Sunday shop opening obligation. Anyway, we tabled a fine motion on that at the time. I'm actually waiting a lot for the law against mandatory shopping on Sundays. My question to the Secretary of State is when that law comes to the Chamber. Mr. Chairman. Finally, climate ambitions. I'm gonna go over my time with that, but I'm not gonna do a second term tomorrow, so I'm gonna use that last minute. The SGP believes that the cabinet is too distracted by all kinds of predictions and climate objectives. Yeah, I really do. There will be a new set of measures to reach exactly 25% next year instead of 23% CO reduction. The cabinet also wants extra action because we are about to miss 14% of renewable energy production by 2020. The Minister also writes that the cabinet is determined.I understand that in order to achieve the 49% CO2 reduction by 2030, and also that the challenges of the Climate Agreement will have to be increased if market fluctuations are to change estimates. I fear that this mop policy will be at the expense of consistency and support. So I would say less strife and more realism. 'Cause you better have one sunboiler in the attic than ten on paper. Thank you."
ParlaMint-NL_2021-11-04-tweedekamer-4.u105,2021,2021-11,Dilan Yeşilgöz- Zegerius,Unknown,climate,3,"Yeah, I think so, too. Kind of exciting, but I'm sure it's gonna be okay. Mr. Chairman. We're in the National Climate Week. We just had Climate Day. Monday was the day of the Climate Agreement. The international climate summit in Glasgow is going on. You can't open a newspaper, you can't turn on a transmitter, and it's about climate. Climate is the subject of our time, and I think quite rightly. We have all seen the misery that the people of Limburg have suffered from the floods and the terrible consequences, with deaths, for our neighbouring countries. Science is clear: climate change is going extremely fast and man is clearly the cause. In addition, the heavy rainfall that caused those floods last summer has become more likely due to this climate change. By taking responsibility now, we can ensure that we leave our country and the planet in a good way for generations after us, so that we have not only increased the risks. Several Members of Parliament who said that climate change does not end at our borders and that only a change in the Netherlands will not make a global difference are, of course, quite right. For example, Mr Eerdmans talked about China's emissions, compared to what we are doing here in the Netherlands. I understand these comments very well. Although a country such as China can and must do much more in this context, the fact that China has recently set stricter climate targets and plans not to co-finance coal plants abroad is a step in the right direction. I will go to Glasgow myself on Monday and I am encouraged by Mr Eerdmans and, of course, colleagues to continue calling on other countries to provide their fair share. The only way to get the rest of the world is to join forces with our neighbours, in our case Europe, as a small country. The way to get our neighbours, Europe, to join us is by showing ourselves that we are willing to do what is necessary. Luckily, we can do that. We see a common target of 55% in Europe, but we also see good cooperation between the countries. In this context, Mr Erkens had a question. He asked about the possibilities for joint hydrogen production in the North Sea with our neighbouring countries. I think Mr Erkens has a very good point. In the future, energy production in the North Sea will be strongly interlinked internationally. We are already working with the surrounding countries. This year, for example, Germany and Denmark are looking at the intentions for cooperation. The cabinet, together with Denmark, is investigating what an energy hub between several countries can look like. Hydrogen production is also part of this research. I expect this to be completed in December, and then, of course, the Chamber will be informed. That is what I am saying to Mr Erkens and to those Members who had questions about it. As promised earlier, I will also send a letter to your Chamber in December on the government's hydrogen plans, in which I will also address my vision for the market organisation for hydrogen. So that's what's coming. I will also deal with the way in which public interests are protected; that was also a question from Mr Erkens."
ParlaMint-NL_2021-10-06-tweedekamer-7.u14,2021,2021-10,Pieter Grinwis,Unknown,energy-general,2,"The Hermans motion also included 500 million for a lower energy bill. This concerns 375 million for an increase in the tax relief energy tax and a reduction in the ODE on electricity in the first disc, and 125 million for a reduction in the ODE on electricity in the second and third discs. That's literally in the motion. If more needs to be done in the short term, I am very curious about how the cabinet is dealing with this, because at the moment the cabinet is looking closely at how the energy price is developing. The problem seems to be getting bigger and worse from day to day. This is, of course, due to a geopolitical cause at the moment, namely that Putin is holding the gas tap very well and not opening it wide. Whether this is a structural or a short-term issue, we need to look at it. Looks like a short-term issue. Then it also seems logical to me that the government should look in the short term to see if another step is needed for the energy bill. Structurally, this Chamber decided two weeks ago to lower the energy bill, especially via the electricity route. This is not only good for dampening the huge rise in energy prices, but also an incentive to electrify."
ParlaMint-NL_2021-09-23-tweedekamer-5.u45,2021,2021-09,Mark Rutte,Unknown,energy-general,0,"By making use of what we all sometimes find very complicated, namely that there are 19 groups in the Chamber. But the strength of Dutch democracy is also that there are nineteen groups in the Chamber which will all bring aspects of this policy and its impact on people into the discussion. It is then up to the government to make a proper weighting and try to achieve a parliamentary majority. Because there must indeed be a future for farmers in the Netherlands. There must be a future for people not to live in the shadow of a windmill. It is inevitable that there will be windmills, but you must do so in such a way that there is as much support for this as possible; I discussed this with Mr Eerdmans earlier today. So it's a smart energy mix. All these decisions will have to be taken in the coming years, but what is very helpful is that we do so in a strong economy, with a favourable economic boom. I think that's what's really gonna make us suffer with each other."
ParlaMint-NL_2022-03-08-eerstekamer-6.u88,2022,2022-03,Henk Otten,Unknown,energy-general,0,"When I hear the minister talk like that, I think: did the new reality get through to him? Putin even threatened to shut down the gas tap this afternoon. So we're in a completely different world in which these plans and this beautiful weather planning were conceived. Build two nuclear power stations, I hear the Minister say. Then I ask the Minister when he thinks that if he gives extra gas there, then gas on the nuclear power stations is not electricity coming from those nuclear power stations. Then we're at least ten years away, optimistic. We are now in a very different situation in the short term. I still miss the sense of urgency to do something about it quickly. Those coal plants are state-of-the-art. These were built at the time at the request of your party colleague Brinkhorst."
ParlaMint-NL_2022-04-19-tweedekamer-43.u33,2022,2022-04,Hugode Jonge,Unknown,energy-general,3,"Then you say very bravely ""ten minutes"" and then there turns out to be quite a shitty pile of motions. Fortunately, they were all meant as encouragement, so that makes it easier. Here I go. The motion in part No. 1008 is about no compulsion in natural gas-free. This encouragement I must advise against. I have explained that there is ultimately a trade-off between sustainability, freedom of choice and efficiency in the use of public money. You can't promise at the end of the day that you can do it without coercion. Of course, that's not the starting point, but I said that you can't just wait for the last car. That's just the way it is. So I'm not suggesting this motion. Then the motion to part No. 1009, which asks the government to give priority to Dutch manufacturers when granting subsidies for sunshine on rooftops. This is contrary to European regulations, so I advise against it. Then the motion to part No. 1010. That is a fairly similar motion, namely no compulsion in the case of natural gas-free. I advise against it for the same reason I have just mentioned. Then the motion to part No. 1011 to immediately stop the Natural Gas Free Neighbourhoods Programme. Well, we're not gonna do that. We will of course continue to develop, because we want to move towards a district-oriented approach within the Acceleration Sustainability programme built environment. Everything we already do in the Natural Gas Free Districts Programme is really going into that. I explained that. I dissuade this motion for that reason. Then the motion to part No. 1012 to investigate the place construction stored carbon has in the policy for the sustainability of the built environment. I would like to leave this to the House, provided that you come up with a Dutch word for construction stored carbon. I think Mrs van der Plas would agree with that."
ParlaMint-NL_2019-03-14-tweedekamer-10.u287,2019,2019-03,Sybrand Van Haersma Buma,Unknown,energy-general,0,"Here too, I am actually saying that we should talk about everything, including the proposals which I appreciate come only from the Labour Party. That's no problem at all. The only warning I give is that as a Chamber, not just Mr Asscher, we should be careful with the ease with which we say 'we charge companies and we give them to citizens', because that is the reality that what we levy at companies often falls down on citizens and that the people who actually pay that high energy bill now have to have jobs. It also makes no sense to reduce the energy bill by a tenner if people have then lost their jobs. That's the choice we have to make."
ParlaMint-NL_2022-07-06-tweedekamer-13.u4,2022,2022-07,Sandra Beckerman,Unknown,minerals,0,"And the last one. [[Motion]] [[The Chamber,]] [[heard the debate,]] [[whereas last April it was announced that there would be a scheme for entrepreneurs with a fall in value due to the consequences of mining;]] [[noting that this arrangement is now still in place, which means that the injured have to wait even longer;]] [[noting that this is yet another system of compensation in which delays occur;]] [[calls on the government to consult with the IMG and to ensure that a proper settlement is in place this year and to inform the Court of Auditors of this for budgetary treatment,]] [[and goes to the order of the day.]] [[This motion was tabled by Mr Beckerman and Mr Nijboer.]] [[She's getting No. kst-33529-1048]]"
ParlaMint-NL_2019-03-14-tweedekamer-10.u437,2019,2019-03,Geert Wilders,Unknown,energy-general,0,"Mr. Chairman. The VVD and this Prime Minister have actually been held hostage by GroenLinks from today or yesterday; I said that in an interruption. I was once this Prime Minister's mentor. I sincerely wonder: when did it ever go wrong with that man? He was someone Wilder's mentor, and now he's in bed with GroenLinks. That can't be good, Mr. Chairman. All madness on a stick, of course, it has to be quite different. We must stop lying and cheating and promising things to the voters just before the elections, when it is completely unclear whether, when and how it is being observed. We must not let these climate plans, which cost a lot and cost a lot of energy, continue. And all those billions that cost those plans, we have to spend on other things, such as care and tax cuts. And we need to get rid of this cabinet. Let me summarize my second term. I put all that in motion, too. [[Motion]] [[The Chamber,]] [[heard the debate,]] [[calls on the Prime Minister to stop lying and cheating;]] [[calls on the Prime Minister to pass the climate plans and draft climate agreement through the shredder;]] [[calls on the Prime Minister to show a little more respect for the opinion of his old mentor and to resign immediately, but at least to issue new elections if his coalition loses the majority in the Senate next week,]] [[and goes to the order of the day.]] [[This motion has been proposed by Mr Wilders. It seems to me that their submission is sufficiently supported.]] [[She's getting No. kst-32813-315]]"
ParlaMint-NL_2019-11-13-tweedekamer-7.u3,2019,2019-11,Sadet Karabulut,Unknown,security,1,"Mr. Chairman. The world is on fire, literally in all places, as a result of the climate crisis, but also of politics. Look at Chile, Lebanon, Iraq, Hong Kong and France, but also the teachers in our own country. Tens of millions of people worldwide are on their feet to raise their voices, for freedom and human rights and against exploitation, inequality, corrupt elites and neoliberalism, which has been breaking down achievements for decades for the benefit of an ever smaller cabal of super rich people. We must not allow ourselves to be infected by authoritarian, oppressive leaders such as Bolsonaro, Bin Salman, Erdogan, Putin, Maduro and Al-Sisi to embrace and legitimize. Or by blindly chasing Trump or NATO. More of the same is not the solution, the fight for universal human rights and the strengthening of democracy, the democratization of the economy and the fight against inequality all the more. The solution will come from the bottom up, through the joint fight for social justice, for everyone, worldwide, through the fight for democracy, for socialism, for a policy that works for many, not for some. Mr. Chairman. In Chile, millions of people are opposed to neoliberal policies and repression by the state apparatus. What does the Minister think of this development? Last Sunday evening we saw the most horrible images from Bolivia. That's where President Morales was forced to leave by military forces. A coup was committed, after which horrific violence was used by opposition militias, army and police. Is the Minister judging this? Since October, more than 300 demonstrators have been killed in Iraq and 15,000 have been injured. It is brutal repression of a population that rightly criticises a government that is not functioning, a government that is making billions of dollars in oil exports and supported by the West. The population is also tired of the foreign interference of anyone. Amnesty International calls it excessive violence ""a massacre."" I ask the Minister to condemn this violence against demonstrators in clear language and to call for independent investigation. Is that what he wants to do? Mr. Chairman. The West did not want to prevent Turkey's long-announced illegal military intervention in northern Syria. Worse still, even after President Trump and President Erdogan made an equally dirty and treacherous deal after which the war broke out, serious measures were not taken. It is extremely painful and it reveals that interests take precedence over important values and exalted principles that the West claims to represent. Meanwhile, Syrians are driven out of their homes and killed by Turkey and their Islamic militias. It's the world upside down. What values are we talking about again? Why was an arms embargo imposed on Turkey not long before Syria was invaded? Why has this Minister put our proposals aside over and over again? Money had to be made. Turkey is a big spear and still an important NATO ally, we heard the Prime Minister say. Now there is an arms embargo, sort of. Not from the EU, because it was too divided, but from a number of EU countries, including the Netherlands. Of course that's very good. It would also be too absurd for words if weapons could still be sold to Turkey today. That is why I ask the Minister to assure us that no Dutch weapon will be delivered to Turkey as long as Northern Syria is occupied. I also ask the Minister to look back at all those times when calls for arms embargoes were not recommended. Without having the illusion that history would necessarily have gone very differently, I would ask the Minister what he thinks of that. An arms embargo, even for existing contracts, is actually just a beginning of a reaction. It's gonna take a lot more than that. To this end, Parliament has been called upon to do so, reminding the Marijnis motion which calls on the government to seek personalised economic and diplomatic sanctions with like-minded other EU countries. In the debate on this subject, it was stressed that the cabinet cannot hide behind a lack of unanimity within the EU. Can the Minister explain how he is carrying out this motion? Are there countries with which the Netherlands is in line and with which a set of sanctions can be agreed? I would like to receive a response from the Minister, a response in which he does not directly shoot into the 'can not' reflex, which was rightly criticised by the coalition last month. Mr. Chairman. Turkey has announced that it will send IS fighters to the countries of origin. The Syrian Democratic Forces in Northeast Syria want to send the children to the countries of origin, with the mothers with them. My question to the Minister is: what are the facts? And above all, what are the Minister's plans now? Is the Minister also prepared to hold talks with the Syrian Democratic Council in northern Syria? Mr. Chairman. The invasion of NATO alliance Turkey in Syria is yet another proof that NATO is in crisis. NATO does not appear to be able to call a member to order and force himself to abide by supposed principles of the alliance, such as the non-performance of an act of aggression. This is in addition to NATO's attitude in the conflict with Russia, which, through continuous expansion and militarisation of the border area itself, also contributes to escalation. Another crisis phenomenon is the NATO war in Afghanistan, where a lost battle has been sustained for eighteen years, in my view only to prevent loss of face. And then I have not even mentioned the demand that as much as 2% of our income be spent on war, while our teachers cannot even count on a decent wage. And what about the nuclear weapon file? Instead of disarmament, it is aimed at a billion euros of devouring modernisation, which makes it even easier to use nuclear weapons precisely. And then there are the statements made by the French President Macron. After Trump had previously called NATO ""unneeded,"" Macron now calls the alliance ""brain death."" In his view, European countries can no longer rely on NATO and the United States for their security. That's true, of course, although he comes to this insight very late. I do not rule out the fact that future historians will have to establish that NATO and the US have not worked in the interests of our security since the fall of the Wall exactly 30 years ago. Of course, the list of crises is much longer, but I think my point is clear. I ask the Minister to reflect on the NATO crisis. Does he see the gravity of the case? Does he recognize there's been a crisis? Does the Minister see any possibility of investigating alternatives to NATO? What are the possibilities of creating a new security architecture capable of defending Europe but not itself contributing to greater insecurity? Or does the Minister accept the status quo? I thought that Mr Koopmans now feels that this is a natural moment to ask a question."
ParlaMint-NL_2022-02-09-tweedekamer-5.u181,2022,2022-02,Mark Rutte,Unknown,energy-general,0,"I agree from A to Z with what Mrs Kröger says about the impact that such words have on her, on me, on all of us. I understand the words, too. I'd be done with it myself if I lived there and it went this way. We all have to feel responsible for that, and I'm sure of it. There's no discussion about that. That falls into three parts. I told you, that backup needs to go faster. The damage repair is fairly steamy, I think. And the gas production has to go back to zero. That seemed pretty steamy. There is now a very nasty kink in the cable, which means that from a extraction level you may end up at more than 3 on more than 7. This is due to two factors. That's because of the nitrogen plant that's coming off too slow. I think that is a statement that I can explain to Groningers. It can happen, also due to corona and licensing issues, that such a thing can take longer. That can happen on its own. It's awfully miserable when that happens, with all the mistrust that's already there, but I still think that's explainable. Of course, that German contract is in my throat too. We're looking at what we can do about it."
ParlaMint-NL_2019-11-20-tweedekamer-8.u132,2019,2019-11,Matthijs Sienot,Unknown,energy-general,2,"What the Minister is saying here, I would like to make a slight adjustment. First of all, on the climate agreement. It says that 800,000 people are about to switch to a heat grid. This is indeed intended as an alternative to gas, in addition to the heat pump, for all those people who do not have a suitable home to prepare for a heat pump. So it is meant as a way of getting rid of the gas."
ParlaMint-NL_2020-02-18-tweedekamer-33.u13,2020,2020-02,Henk Nijboer,Unknown,energy-general,0,"Thank you, Mr. Chairman. The new Secretary of State for Finance has indicated in general consultation that it may be wise not to always have the right of veto on the table if you want to achieve something and if you want to move forward with international measures. This applies in this case to energy taxation, but I think that also applies to tax avoidance. I think that's progress. I would like to commend the Secretary of State for doing so. I also hope that the coalition will allow him the opportunity to live up to that with his European international experience, and that we will not soon be able to get him to be flogged back in a converging fashion, I fear, frankly, and that he will not be able to go any further. I hope that we will be able to act in those discussions on taxing polluting behaviour, but also on tax avoidance and taxing large multinationals such as Europe and not just as the Netherlands. Thank you."
ParlaMint-NL_2019-09-25-tweedekamer-8.u29,2019,2019-09,Carla Dik- Faber,Unknown,energy-general,0,"Mr. Chairman. We started the general consultation from the Christian Union with the observation that it is good news that the gas tap is closing faster than expected, in 2022, and that we are already going to 12 billion cubic metres next year. Fantastic. At the same time, there are many concerns with the people in Groningen. Will the backup still go on? How's the security of my apartment? I am therefore pleased to hear that the Minister has made a firm commitment to continue the programme. I would like him to repeat that again in plenary today. Mr. Chairman. I don't have any motions of my own today. However, I have co-signed a number of motions, including those by Mr Nijboer on the characteristic image-defining buildings. My group has been lobbying for this for a long time to allow Groningen to be Groningen. I would like to make two comments, first of all on the 90 million compensation. A lot has already been said about this by other people. My group, too, finds itself extremely unhappy and then I still express myself mildly. At the same time, the importance of the people in Groningen is paramount, as is their safety. If that amount is needed, I think this is a step that needs to be taken. Anyway, it's extremely uncomfortable. The other point is the news that came out today about a report of a consultation between the Ministry, the National Coordinator and the NAM. If the coverage is correct, there seems to have been blackmail. I look forward very much to the Minister's letter. I also welcome the fact that a hearing has been requested so that we, as a Chamber, can have more insight into how these talks are being conducted. This cannot and must not happen in this way. Talks are still taking place, even towards the future, and I really hope that we can send out a strong signal with each other that this will not be accepted. Thank you."
ParlaMint-NL_2022-03-08-eerstekamer-6.u138,2022,2022-03,Rob Jetten,Unknown,energy-general,3,"I agree with Mr Van Strien that energy poverty in the Netherlands is a very big problem and that families affected by it have not been helped sufficiently in recent years. Why is that? We have not had enough climate and energy policy in recent years. If you want the green transition and the social transition to coincide, we should of course have been working for a long time in those poor rental homes, to make them sustainable, to isolate them, to provide solar panels, so that people don't live in a drafty home, but in a pleasant house with a lower energy bill. So I think it is also our duty to ensure that the green transition is a social transition. Then it's just helping to speed things up."
ParlaMint-NL_2019-01-16-tweedekamer-7.u128,2019,2019-01,Christine Teunissen,Unknown,energy-general,2,"So I understand that these are all new studies, that the previous studies are unnecessary or not included in this respect, or that at least they are not enough to say that we are going to put these subsidies into real renewable energy."
ParlaMint-NL_2020-02-06-tweedekamer-8.u89,2020,2020-02,William Moorlag,Unknown,energy-general,0,"Apart from the question of whether I should act as a passing-through door, I think that we should monitor, including as regards scientific insights. I said in an earlier debate, and I underline what Mr Futselaar said: we must base ourselves on the views of the scientific institutes, but science can sometimes be sidelined or new insights. Scientifically proven that the extraction of gas in Groningen could happen safely and at some point that scientific insight has changed a bit. I very much agree with Mr Graus that we should continue to monitor developments and that we should also seek dialogue with those who have other insights."
ParlaMint-NL_2022-02-09-tweedekamer-5.u275,2022,2022-02,Hans Vijlbrief,Unknown,economic,0,"Very often the word 'crisis approach' falls because it was also used by the Ombudsman, I believe, and rather by the Court of Auditors. Part of the crisis approach is to strengthen and bring damage politically into one hand. That is what has happened, namely in the hands of this Secretary of State. A second important part of the crisis approach is what I mentioned earlier, that one-house-one-plan idea. I'm just gonna walk by. Mrs Beckerman asked about people who have not been compensated by the NAM. I've asked the IMG to allow the re-evaluation. They're working on that now, and as soon as I have concrete data, I'll report it to you. I've discussed the contours. Mr Van Wijngaarden asked about damage to dungeons. The IMG compensates for damage to manure cellars as of September 2021 and has started a special scheme. The IMG determines its own course of action and has obtained expert advice. On the basis of this information, the follow-up damage to farmers will be reimbursed. I will check on Mr Van Wijngaarden's signal on my next visit to Groningen to see if that goes well. Mr Nijboer asked a rather fundamental question, which again has to do with the one-stop shop: is it not because it is two different organisations? Yeah, I think so. I think that's part of the problem. But I'm also afraid that if I try hard now to merge two organizations with a totally different corporate culture, anyone who's been with the organisations will recognize that, we'll be running late. I am going to try to put something over it with this one-stop-shop idea and so on, so that you still function as one organisation. Mrs Beckerman referred to a deadline of 15 months. The letter to IMG states a maximum time limit. In practice, IMG's aim is to do so within six months. That works in the majority of cases. I agree with Mrs Beckerman that it should not be the case that IMG imposes more time limits on itself than it allows residents. I mentioned communication. I just said I'd come back to the suspicion of evidence when I come back to Grab Church. Then I'll take Norg with me right away. Mr Van Wijngaarden asked about the housing improvement subsidy. I am going to say something about this explicitly later. Exactly: the subsidy with the rows. He asked: can you make sure that there could be an extra year for those three years? I'll report that to the SNN that's running it for us. I actually agree with that. I'm gonna try to do that. Let me answer that. We talked about the 41 million. Last thing on this block, I have to say something about... no, I have more, I'm sorry. I wrote in the letter that I will work more closely with civil society organisations, the Gas Council and the Soil Movement. When I was in Groningen, I got the impression from those two organizations that they were more or less pushed out of processes and reflections what they were in before. I have been in contact with the two Presidents and I have said that I am going to fix it. That is the concrete implementation. I understand my officials are already in Groningen tomorrow to talk about that. That brings me to the subsidy scheme. It has been said many times in different ways and I have just said it in my own introduction: that must never happen again. The SNN is willing to do the next batch, but before it starts to see who is entitled to the next 250 million in this scheme, it's going to handle the first 25,000 that have been done properly. I think that's wise. Secondly, the SNN is still evaluating what went wrong with the digital process. There too, all sorts of things have gone wrong. A relative of mine lives there in the area. He was standing at the top of the queue, turning around to get coffee and then stood at the bottom of the queue. Oh, that's terrible. That's what the SNN's looking at. Then it would be the thought that in April there would be a plan for that last batch, in which we could distribute the 250 million. That could be completed before the summer."
ParlaMint-NL_2019-02-19-tweedekamer-2.u4,2019,2019-02,Eric Wiebes,Unknown,energy-general,2,"Mr. Chairman. For understandable reasons, Mr Snels mentioned the name of Secretary of State Keijzer, but I would just like to say that she was here on my behalf. Her name should in no way be associated with this file. So you're really gonna have to do it with me. Many households are uncomfortablely surprised by the energy tariffs for 2019. The cabinet has indeed made a ruling on this earlier, but let me be clear about it immediately. Yes, the cabinet has based itself on the estimates that are always used, of the Planning Office for the Environment, the NEV. However, in all honesty, the cabinet should not have been so sure, knowing that the NEV predictions were already more than a year old at the time and that apparently other parties in the market would have anticipated that for the following year other energy tariffs could not be applied but the following year. So that determination was unjustified. One of the things that needs to be done right away, I started some time ago, is this huge cacaphony of different communications about the energy bill. It confuses a lot of people. So it is important to update that estimate of the NEV 2017 that we are currently working with. I asked the Planning Bureau for the Environment two weeks ago, but I also had a conversation with parties like the Nibud, the CBS and the Association Eigen Huis. We all use other things and the Empire always assumes the NEV, but it is clear that it is useful to make that more compatible. As far as purchasing power is concerned, I can't say yet. I know this. An inflation forecast was assumed by the CPB. That inflation forecast still seems to be in line with that. This would mean that although energy has increased more strongly, other things less, but in all honesty, let us not anticipate that. Let me leave that certainty aside for a moment. Whether it really is, we need to look at the CPB figures for next month. Then I also hope to have the update of the Energy Bill of the Plan Bureau for the Environment. So then we have both one picture of the development of the energy account and the latest inflation rates and thus the latest purchasing power figures. So we can answer Mr Snels' questions. Again, that's all wonderful, but that doesn't help people at home. For the time being, people have an energy bill and energy tariffs that have fallen out higher than they thought. In all honesty, I shall say: even higher than the cabinet thought on the basis of the PBL estimates."
ParlaMint-NL_2022-06-29-tweedekamer-12.u343,2022,2022-06,Leonde Jong,Unknown,energy-general,0,"Thank you, Mr. Chairman. While Dutch people can't make it anymore, can't refuel normally, can't pay rent, can't do groceries and can't pay the energy bill, it's true that the political choice here today has been made to not really tackle the terrible consequences of inflation. While this can be done, EUR 100 billion in climate and nitrogen policy, a huge amount, should be returned in part to all those people who are suffering so badly at the moment. This is on purpose not being done. All I get is ""no"" in answer, whether I ask my question to the coalition or to the minister. This is a serious scandal, because it is causing more and more people to fall into poverty and more and more people to face major financial problems. We can't do that to people. Mr. Chairman. As you know, we have tabled a number of amendments. Next week, a number of these amendments will also come back to the Spring paper. I want to get an amendment out of it now. That is Mr Wilders' amendment to substantially increase the energy surcharge, which we were actually talking about today, by €400 so that it totals €1,200. I sincerely hope that this very realistic proposal can count on broad support from the Chamber, because then we will really show all of us that we care about those people and that we really want to help them not to get into trouble. Thank you."
ParlaMint-NL_2022-03-23-tweedekamer-4.u182,2022,2022-03,Karien Van Gennip,Unknown,economic,2,"Right. Mrs Van Dijk, among others, asked about the Caribbean Netherlands. We'll make $5 million available for that. Mr Van Rij continues to discuss the impact of this package. So much for the block of energy surcharge. Let me now turn to the set of other questions. Among other things, it has been asked whether the increase in the statutory minimum wage cannot be brought forward and whether we can further increase it. Of course, the coalition agreement is based on 7.5%. In addition, there is also the minimum hourly wage, that 36-hour and 40-hour working week. That's really helping, too. What we need to be aware of for a moment is that the minimum wage continues to work in all social schemes. In this context, I would like to mention taxation and surcharges. That makes it quite complex. This means that the introduction takes time. So we can't increase that by 1 July of this year. That's just really impossible. It is, of course, important that we do this quickly, because the increase in the wml is going to help the groups that just deserve the wml. Let me also take a look at the debate on vulnerable groups. We need to make them less vulnerable. I will come back to you before the summer with information on the precise impact of this increase in the minimum wage and the legislative process. I would also point out that in the coalition agreement we have embraced the initiative legislative proposal on the introduction of the minimum hourly wage of the PvdA and GroenLinks. That bill aims to ensure that every minimum wage earner earns the same amount per hour. That really means a significant increase for a number of people. Then there were questions about the earning limits in the Participation Act."
ParlaMint-NL_2021-11-02-tweedekamer-20.u198,2021,2021-11,Joris Thijssen,Unknown,energy-general,0,"That might be possible, but of course we do not want to do something that we do not need in the end. If we had now done a lot of studies on CCS for Tata, Tata would have said at this point: well, I don't need to; I want to make the battle for green steel straight away, via green hydrogen and green steam."
ParlaMint-NL_2021-11-02-tweedekamer-20.u58,2021,2021-11,Arda Gerkens,Unknown,energy-general,2,"Basically, we're already using a lot of hydrogen. That's right. Well, in that case, it's fossilly cheerful. Blue hydrogen naturally means that you use CO storage to produce what is now called ""grey hydrogen."" We already have one. In the meantime, we collect the CO in order to achieve more CO reduction. In addition, we're going to scale up the green hydrogen with each other. The ""Fit for 55"" package from Europe also sets out objectives for this. The question is whether they are feasible or not. But we're also just tied to obligations that make us scale up that green hydrogen. I think that's just gonna happen. We only have a different view of how quickly that can happen."
ParlaMint-NL_2021-11-02-tweedekamer-20.u119,2021,2021-11,Renske Leijten,Unknown,climate,3,"You know what I can't explain to you? I find it truly complicated that we all say that everyone needs to move towards renewable energy, while helping big business with its fossil production. That's where billions more go, including electrification. But when it comes to renewable energy, households have to figure it out for themselves. I think that's really weird. I'm noticing that. It's en-and-and when it comes to the subsidies they get, but that doesn't apply to the residents. They are told: put on a warm sweater and turn off the lights, because then we will make it. I don't think that's it. I think it would be very stupid to continue with CO storage, because it does not reduce CO emissions. You put the CO underground, when we don't know if all of that can be safe in the future. You're not reducing emissions either. There is no reduction because emissions are not taxed. That doesn't mean there's gonna be any reduction. In the past, the SP has helped many companies to improve in the context of the environment and emissions, without destroying them. We did that by standardizing them. You should take a look at what happened, for example, to all kinds of industry in the port of Rotterdam. During the 1980s this was forced by employees of the factories together with the SP. It didn't break them, but it made them better. I really think that as long as we let them get away with untaxed CO2 in the air, the big extortionists in business have no need to invest in a turnaround. That is what we have seen in the case of very large polluters."
ParlaMint-NL_2022-06-01-tweedekamer-8.u69,2022,2022-06,Henri Bontenbal,Unknown,security,1,"Thank you, Mr. Chairman. I would like to turn my attention immediately, because I would like to begin by congratulating the chairman on her birthday. I think there's nothing more fun than having a debate on the Digital Government Act on your birthday, especially with this committee. Mr. Chairman. The Digital Government Act regulates that electronic services by municipalities, implementation organisations such as UWV, SVB and the Tax Administration and organisations such as health and education institutions are safe and reliable. Specifically, these are safe and reliable means of logging in. This is very important in terms of access to patient data and the application for a permit, benefit or supplement. The law provides that public and private parties providing logging resources may only process personal data in order to allow secure logging in and that any other use of personal data, such as the trading of personal data or the logging in behaviour, is excluded. It is important to note that this law does not oblige citizens to do digital business with the government, but gives citizens and businesses the right to do digital business with the government. This is then done safely, reliably and user-friendly. Citizens can then opt for public logins, such as DigiD, or private, i.e. market-based logins. Public authorities have a duty to accept authorised logging resources, provided that they meet strict admission requirements. There has already been a detailed examination of this bill. The reason we are talking about it again today is the novelle that is the result of the debate on the bill in the First Chamber. The draft law before us makes three improvements, namely in the areas of privacy by design, the ban on trade in personal data and the better development of the concept of ""open source."" My group has six questions. The first question is the following. The explanatory memorandum to the legislative proposal states: ""When assessing the application for recognition, the current state of the art is leading: it is considered whether the design according to the state of the art and other reasonably available possibilities provides sufficient data protection at the time of application."" Further on, it says: ""The proposed amendment to the seventh paragraph of Article 9 provides that an approval may be amended, suspended or withdrawn if the design of an identifier or the enabling service does not (longer) comply with the state of the art and other reasonably available data protection options. A holder of an approval shall be deemed to implement any new techniques and processes and apply for a modification of the recognition for that purpose. If this is not the case, the approval may be withdrawn."" The question then is, of course, how it will be maintained. Will there still be regular checks on whether services still comply with the current state of the art? So what's this gonna look like in practice? The second point is the following. The starting point of the law is ""open source, unless."" Where open source software can reasonably be used, it should be used. Where this open source software is not available, it shall be weighted as to whether it is reasonable to disclose the source code of the developed solution. The CDA Group wonders whether too much control over the use of open source software can also have an opposite effect, namely that new providers can have too easy access to the software needed to create the login resources. Doesn't this development also attract all kinds of shady providers with all the vulnerabilities that this entails? My third question is this. The Council of State and the Minister differ on an important point of view. In short, the Minister believes that technology independence should be guaranteed in the law and therefore only the functional requirements of the generic digital infrastructure should be adequately described in the law and the technology-dependent effect should be left to lower regulation. But the Council of State believes that the law should contain key elements of the regulation because otherwise the law becomes too abstract and too vague and it is no longer clear what we as a Chamber are now agreeing to. I have to quote one sentence from the reaction of the venerable Council of State, and Mrs Leijten has already done so: 'The law must call man and horse and not leave it with a general indication that mammals are involved'. The Minister replicates this: ""The naming of concepts such as DigiD or MyGovernment in law does not lead to a better framing of the provisions. On the contrary, by not naming these concepts, the law itself must describe the function of these provisions, which guarantees a greater guarantee for the maintenance of such a function."" Can the Minister explain again why it ignores this point in the opinion of the Council of State? I believe that this is one of the major points of the debate: why include it in the law or not? The Council of State is critical of this. So I think it would be a good idea to explain that again. The fourth point. The CDA Group raised the question of the possibilities for the Minister to refuse, in the interests of national security or other risks related to privacy or cybersecurity, new providers or to deprive them of the accreditation they have previously received. My group would like to ask this question again, in the light of the rapidly changing world situation. For too long, we have been naive in, for example, our dependence on energy and raw materials from Russia and China. We are right to refer again to the need for strategic autonomy. In this context, should we not also ask which companies we would like to exclude from providing this kind of digital service? Point five. As mentioned above, the Digital Government Act does not oblige citizens to do business with the government along the digital road. My group would like to continue to stress the need for public authorities to remain open to everyone in society. Sorry, Mrs Rajkowski, I'm making this point too. It may be somewhat out of order, but I will finish this point. Human contact and human measure must always be possible, especially for vulnerable people or people with disabilities. How does the Minister ensure that this is always possible? My colleague, Mr Van der Molen, tabled an amendment at the time to also focus the proposed review of the law on less digital literate people, so that we can see if people are excluded. Finally, my sixth point. For companies, there is currently no public means of logging in as there is for citizens. I quote the Secretary of State for the Interior from the previous cabinet period, who said: ""In the position on the role of the government, there seems to be a shift in this Chamber, but also beyond, as indicated by the Cyber Security Council, for example. Safe logging in is increasingly seen as a useful function, and the government is expected to play a greater role in all social movements."" So that's a quote from the previous Secretary of State for the Interior. My question is: how does this minister view these statements? For example, should there also be a public login for companies? That's it, Mr. Chairman."
ParlaMint-NL_2022-06-14-eerstekamer-10.u11,2022,2022-06,Atzo Nicolaï,Unknown,climate,0,"Thank you, Mr. Chairman. It'll be shorter than the time before me. We're talking about a growth fund. This gives the impression that growth, growth and growth are necessary. Growth, growth, growth, however, leads, as we have noticed, to gray, gray, gray. We're grabbing the planet empty, and that's been through to this government by now. In order to continue adoring growth, growth and growth, the greenwashing word has now been invented. I quote the Minister: 'The key to uniting economic activity and climate neutrality is decoupling economic activity and greenhouse gas emissions'. Decoupling is now the magic word. And we swear by green innovations like methadone for our growth addiction. But does decoupling work? Isn't it just a magic word, but also a bedtime fairy tale? Two years ago, the European Environment Agency published a comprehensive study to uncover the fairy tale. I quote, and it's a long quote, because it's important that we get it right. The quote is thus: ""Given what is at stake, careful assessment is needed to determine whether the scientific bases behind this decoupling hypothesis are robust or not. This report provides an overview of the empirical and theoretical literature to assess the validity of this hypothesis. The conclusions are both overwhelmingly clear and sobering. Not only is there no empirical evidence of the existence of the decoupling of economic growth and environmental impact on a scale that is close to the scale needed to cope with environmental degradation, but also, and perhaps even more importantly, such decoupling does not seem to happen in the future."" So there's no decoupling. And again the Minister's quote: ""The key to uniting economic activity and climate neutrality is decoupling."" The key! Mr. Chairman. Is the Minister wiser than the scientists to whom the European Environment Agency refers? On what scientific reports does the government's story support that we can continue to grow as we innovate? I'd like a response from the Minister. Mr. Chairman. The next question follows on from questions that I also came across implicitly or explicitly in the stories of previous speakers' contributions to the debate. Why are only projects eligible to increase earning capacity? Why should projects that lead to sustainability, but not directly to economic growth, fall outside the scope of this Growth Fund? Mr. Chairman. Take the interventions in the agricultural sector that have now been presented by the cabinet. Does that increase earning power? No, it's not like that at first sight. Is it a project that leads to an economic, social and environmentally friendly sustainable future for the earth and for present and future generations? Right? I quoted here part of the legal definition of sustainable earning in the bill. What does the Minister think? Would an investigation into the need for the intervention now proposed in the agricultural sector fall within the scope of the Growth Fund? I'd like a response from the Minister. Mr. Chairman. Everything is related to how the definition of ""sustainable earning capacity"" is to be read in the law. From the Minister's answers, I understand that a time horizon is maintained for up to 30 years. Does this mean that projects that lead to less earning capacity in the short term, but which are needed to guarantee a viable Netherlands in the long term of 30 years, fall within the definition of ""sustainable earning capacity""? Here it becomes important how the definition should be read in the law. ""A gross domestic product that the Netherlands can generate on a long-term structural basis,"" the legal definition begins. But this definition continues with the following: ""in view of an economic, social and environmentally sustainable future for the earth and for present and future generations."" ""With an eye for it,"" my question is how the government explains this. Should we read this as ""subject to that""? As an administrative lawyer, I note that the legislative text requires at least that account be taken of the importance of an economic, social and environmental sustainable future for the earth and for present and future generations. This interest must therefore be taken into account. Is this true? If so, is the Minister prepared to give that explanation to the Advisory Committee and to implement it in further rules as referred to in Article 8? So ""with the eye for"" should be read as ""subject to that."" Mr. Chairman. We're going to invest with the Growth Fund. The starting point is that we get something in return. According to the Minister's replies, the fund has no revolver and no return target. What we get in return is on another plane. With the increase in our national income, the Minister sees the debt as also increasing the tax revenue for the government. In response to questions from our group, the Minister points out the following. ""Growth contributes to the financing of public services, and the energy and climate transition also requires large investments,"" said the Minister. Mr. Chairman. In order to free up funds for financing public services and transition investments, it is necessary that our gross national product continues to increase. Is it not possible to achieve the same result without growth, but with a fairer tax distribution? Mr. Chairman. The number of super rich is increasing. Oxfam calculated that 62 new billionaires in the food sector were added to the pandemic world-wide, while 263 million people fell into poverty. I would like to hear from the Minister or without the growth of national income, but with a fairer burden-sharing, it is not possible to achieve comparable revenues for public services and investment. Mr. Chairman. The greener the technology, the more it uses essential scarce minerals. In the foreseeable future, demand will be higher than supply. Does the Growth Fund take that into account? My group asked this question in the written round but did not receive a satisfactory answer. That is why I ask the Minister again. I'm just gonna build on those scarce minerals. In December 2021, the Chamber adopted the Prast motion, which calls on the Government to ensure that Invest International takes only initiatives, which are clearly established that no use is made of cobalt mined in Congo. Is the Minister prepared to give the same condition as binding in the case of funding from the National Growth Fund? Mr President, I am coming to the end. I'm joining the advisory committee. Mr Otten has already asked questions about it. The members have a great power. I note from the reply that the starting point is that the cabinet does not accept proposals that have received a negative opinion from the advisory committee. I would almost like to say to Mr Otten: if that is the starting point, then it seems that these ministers are not even involved anymore. But what about when a positive advice has been given? On what grounds can the cabinet decide not to honour the proposal? I'd like a response from the Minister. The members of the advisory committee often have a background in business, as I understood from the Minister's answers. This raises the question of how to prevent conflicts of interest. I do not read in Article 9 of the legislative proposal that there should be binding rules on conflicts of interest. Isn't that strange, I ask the Minister? In the answer to Question 29, Mr Otten also quoted in that reply that there is a kind of procedure, in order to exclude members with interests from taking part in an assessment. Who made those rules? Is the Minister prepared to submit a draft regulation to the Chamber on this issue? Can the Minister undertake to do this? I'd like a response. I come to my last question. The members of the advisory committee have a major influence on the selection of projects. This means, in my view, that they should be appointed on the basis of a pre-established and approved profile by Parliament. The Chamber should be able to check whether a desired mix of expertise and experience can be guaranteed from a social point of view. Is the Minister prepared to admit this? I look forward to the Minister's answers. Thank you."
ParlaMint-NL_2021-07-06-eerstekamer-3.u198,2021,2021-07,Pimvan Ballekom,Unknown,energy-general,0,"Thank you, Mr. Chairman. Thank you also to Mr and Mrs Minister for answering the questions, although some answers have been moved to the second term. So I am still very curious about the final answer to the questions. The Minister states that the reason for the creation of Invest International lies in improving the competitiveness of Dutch business. That is a very nice objective and of course the VVD fully agrees with that. The second objective, the resolution of international issues, is, of course, also to be found in the VVD's objective. The third reason was that the commercial banks withdrew. That will be the case, but I would say: keep the commercial banks on board through FMO's shareholdership, because then they would be better able to serve their client base by saying: we still have a company that we are a shareholder of, so they could help you in this case, and we can also participate in part of the loan or part of the risk. A fourth issue is, of course, always a bit strange: yes, but other countries also have such an institution, and that is why we must have one. Yeah, but those other banks, like Kfw, are real banks and not funds. Moreover, they have a 70- or 80-year experience and a huge network of offices in third countries. This fund does not have that, so all the more reason for another construction to be reviewed once again. I was triggered by the fact that the Minister said in his reply: there is a substantial pipeline of potential projects. Could the Minister provide more insight into this substantial pipeline, so that we have an idea that there is more meat on the bone than in Invest-NL, so to speak? Because that would, of course, remove an important point of discussion, if it is really a massive pipeline that is now about to be realized. When Invest International was founded, that is, of course, an additional argument to say: I take that into account in our final consideration. But Mr Otten has another question, Mr President."
ParlaMint-NL_2020-09-17-tweedekamer-5.u319,2020,2020-09,Klaas Dijkhoff,Unknown,energy-general,2,"No, of course not! I was expecting this, and that's why we'll be launching a comprehensively documented piece next week. Then Mr Klaver can take it all up and read in the latest state of affairs in this area. I think it's all fine and I think all these accusations are too late and blah, blah, blah, blah, blah, blah, blah, blah, blah, blah, blah, blah, blah, blah, blah, blah, blah, blah, blah, blah, blah, blah, blah, blah, blah, blah, blah, blah, blah, blah, blah, blah, blah, blah, blah, blah, blah, We were always in favour of nuclear energy, but you must have a majority for it. What is also rather annoying is that Mr Klaver always chooses the attack, but on that very ominous phrase ""saving a lot of energy"" after not showing how you get it done. Energy savings are fun and we should indeed do so, but we still have to import nuclear energy from other countries. At home, they call it ""hypocrite"" or ""easy."" Perhaps it is also very clever, but I don't care, because Mr Klaver's mix also contains a lot of CO and, secondly, a lot of nuclear energy. This nuclear energy only comes from somewhere else, because ""if it doesn't come from the Netherlands, it doesn't exist."""
ParlaMint-NL_2019-06-04-tweedekamer-21.u24,2019,2019-06,Dilan Yeşilgöz- Zegerius,Unknown,energy-general,0,"I am very sorry if we are going to turn this into a political and Haags game. I especially want to focus on Groningers. In 2013, more than 50 billion cubs were won. A year and a half ago, two years ago, more than 21 billion cubs were won. We are now going to end 2020, beginning 2021 if it is all right to 12.2 billion cuub. I hope this will be sooner. Gas extraction is being phased out. I also hope we're going to zero soon. Most of us didn't even have this in their election programme or dared dream that we could reduce gas extraction to zero. Again, Groningers have nothing to do with this story and this Hague game is useless. They just want to see that things are going well in their home, they just want to direct their own lives and they just want to be able to move forward. That's what I'm standing here for. I am fine with pointing fingers and doing so, but then we have to look at the facts, at what is really happening. What we need to focus on right now is that the Groningers also notice. That's what this is about."
ParlaMint-NL_2022-05-11-tweedekamer-3.u10,2022,2022-05,Thomvan Campen,Unknown,climate,0,"But with the loss of a derogation, there is an acute problem. The Minister is now working for a derogation for this current year. The manure season has been on steam for three months. Farmers are already working on making the soil fertile to grow the crops. So they will acutely need that manure, which growth agents are needed to allow those crops to grow. They'll switch to fertilizer. There's gonna be a huge demand for that. Mrs Vestering also knows that the production of fertilizers is accompanied by a lot of CO production and a lot of gas use. I hear what Mrs Vestering is saying about that future and transition, but I would like to ask again how the Animal Party is looking at this acute problem that arises from the loss of derogation?"
ParlaMint-NL_2020-09-30-tweedekamer-8.u272,2020,2020-09,Hugode Jonge,Unknown,energy-general,0,"I very much share that. That has a number of components. The component you mention: if you have to make a political assessment that does not really require epidemiological or medical consideration, then we have to do our own work. We shouldn't, because we find it complicated, give the decision out of our hands, to the OMT. That requires discipline on the part of politics. I think there's something else that requires discipline on the political side. That's that you need to leave medical scientists, or even scientists, space for moving insight. That is precisely what scientists live on. That's actually the essence of medical science: that you discover new things, that you learn new things, and that given the facts and circumstances of a given moment, you come to a conclusion for that moment, but also that a week later you might come to a different view. This is very difficult to handle in the political context, because we are inclined to justify, for example, the issue of consistency. It was precisely the science that had to be free to have moving insight. That is why it is right to separate the political-administrative domain, of which we are, and the medical-scientific domain, of which they are. Don't sit on each other's seats, it's great. Then test it, Mr. Chairman. I mentioned Mrs Marijnissen, but several Members have asked the question when the test capacity is in order. And then they asked about the role of quick tests. I tasted the impatience in that, which I do recognize. But first, the PCR tests, because with that offer, we have to do it right now. Last week, 40,000 covid tests were taken at GGDs and hospitals together, a day. From next Friday we can take 49,500 covid tests, at GGD's and hospitals together. And as of next Monday, there should be 56,500. So yeah, it's growing, yeah, it's rising. That is a good thing, because we also see that the waiting times have risen considerably and we have to get rid of them, because the testing has to work quickly, at least within the two 24 hours we have talked to the Chamber about before, so within 24 hours after making a test session and again 24 hours until the result. If you look closely at the figures of this moment, we are on average almost double, so it should at least return very quickly to those two times 24 hours. That's the first win we have to make. To this end, everything we discussed last week has been done very extensively with regard to the expansion of laboratory capacity and supplies for the materials currently in the laboratories. In addition, we have concluded contracts with a number of German labs. There is also a Belgian lab with a great opportunity to test a lot more. That's how I hope we're at 70,000 tests by the end of October, where we're at the beginning of October, so early next week, at 56,500 tests. It should be possible, but keep me in good shape, if we scale up at this rate, if we manage to keep this pace and if we do not have any other setbacks along the way, you will hear me make all the comments that could be done anyway to sit over the 100,000 tests in November/December. That is actually the capacity we would not have given until February the scaling-up line we saw before. We're trying to get that done a lot sooner. On the PCR tests, I say. To be honest, what I have put much more hope on in the end is the rapid tests. We're gonna have to do it with the PCR tests for now. That will only always be an actual process, and always have to do with serious lead times. Eventually you want even faster lead times, even faster than those two times 24 hours. What could help us with that? Those are the rapid tests, which are now under development. I'd like to give you an outline of some of the promising things that are going on right now. At the same time, I would like to make a commitment that, in the next progress letter, not next week but next week, I will give a more detailed outline of what is currently going on in the field of rapid tests. If I hadn't had a chamber debate, I'd open a pilot today with the LAMP test. We commissioned TNO and a number of other partners in February. That's a highly simplified PCR test that can be taken much faster, with 45 minutes until you get the results. That's a huge acceleration. Coming weeks will be tested and validated to ensure that it is as reliable and useful as the regular PCR test. That could be a great help. For example, you could provide the rapid test streets that are now being developed at the GGDs. If we are a few weeks away, I hope to be able to say something about its reliability. Then we're going to scale it up and roll it out as soon as possible. We asked TNO to make a plan to do so as soon as possible. That's one. The second is the breath test. It'll be validated in the next few weeks. I have already given orders to buy everything that could be bought, because it is reasonably viable, especially in the area of negative results. This is, of course, very likely to accelerate the testing process in the test street further. If you could pick out all the negatives before they hit the test street and only the positives would then have a PCR test done, it would save a lot of capacity. With that, you can greatly increase the capacity. So that's very likely. There are a number of other quick tests, but I'm gonna leave them for a while. Those were the innovative test methods, which come to a result much faster. In addition, we are currently doing antigen tests. Five are currently in a pilot. Everything for sale, we've already bought or we're buying. In part, it is not for sale yet and then we have bought an option. Those five are also validated in livesettings, in addition to PCR, to see what reliability is compared to PCR. At the same time, parallel scenarios are currently being developed for whom and in which setting they can be of added value, as they cannot replace the PCR test; the reliability is not that high. But you can certainly use them in a number of settings, where the reliability may be a little less important. That's a very logistical process. I hope that at the end of October I have made up my mind about the use of these rapid tests and antigen tests. From the beginning of November, we could use it gradually. The fastest one, if it goes well in validation, is the LAMP test. There's a lot of energy in it to make sure we pull it out of the ground as soon as possible. In short, everything is happening, but for the time being we will have to do it with the PCR tests in the next few weeks. Fortunately, there we see a considerable increase in capacity. I think I've done all the tests in one go."
ParlaMint-NL_2021-01-19-tweedekamer-4.u719,2021,2021-01,Henk Krol,Unknown,energy-general,0,"I have three motions, Madam President. [[Motion]] [[The Chamber,]] [[heard the debate,]] [[Whereas administrative justice has neglected its important function of legal protection of individual citizens in relation to the victims of the supplementing affair;]] [[whereas the Council of State has announced an investigation into previous judgments with disproportionate consequences for citizens, even if the law of the judge calls for strict action;]] [[calls on the Government to ensure that this investigation is organised independently,]] [[and goes to the order of the day.]] [[Motion]] [[The Chamber,]] [[heard the debate,]] [[having regard to the opinion of the Economic and Social Committee;]] [[Whereas the authorities also damage citizens on other files, such as Groninger gas extraction, reclassifications without the support of residents and youth care, where innocent children are locked up;]] [[speaks of setting up an independent Schoon Schip committee to identify the damage to citizens caused by reprehensible government transactions and make proposals to repair the damage,]] [[and goes to the order of the day.]] [[This motion has been proposed by Mr Krol. It seems to me that their submission is sufficiently supported.]] [[She's getting No. kst-355110-40]] [[This motion has been proposed by Mr Krol. It seems to me that their submission is sufficiently supported.]] [[She's getting No. kst-35510-41]]"
ParlaMint-NL_2020-03-05-tweedekamer-9.u4,2020,2020-03,Martin Wörsdörfer,Unknown,economic,0,"Thank you, Mr. Chairman. Many people in debt do not dare to speak out or seek help. Post will not be opened at any time and letters will be discarded. On average, debt holders only ask for help with a municipality after five years. As a result, debts become unnecessary and small late payments quickly become problematic debts. Mr. Chairman. The importance of prevention cannot be underestimated. That was an important issue in previous debates. We want to help people who have problematic debts to get out and stay out of it. That is why it is important to help people take responsibility for debt relief processes where necessary, so that they can take control of their lives. For example, we tabled a motion to examine whether people in Wsnp routes and people in a clean-up process can be supported to handle their accounting properly. I also referred to the early warning, which can also contribute to prevention by pointing out which households are affected by debt. Early warning will prevent small late payments from resulting in heavy debts, requiring friendly or legal pathways, with creditors seeing only a small part of their money back. And that's what the bill is about. This allows signals of payment problems to be shared with a municipality without the GDPR creating all kinds of barriers. As a result, municipalities can have an early conversation with people and that is absolutely good. The bill makes debt relief more effective and ensures that more people are reached earlier, which can help to avoid costly aid in the future. For example, signals about late payment in the rental of the house or in the case of gas, water and light. It is also good that municipalities are given room to experiment with any other signals. I would also like the Chamber to be kept informed of these experiments. We get an update on that every now and then, I ask the Secretary of State. Mr. Chairman. The VVD is positive about the broad debt approach. The Secretary of State is actively involved in rolling out the measures in this approach. This bill is one of them. Congratulations on progress and on concrete steps being taken to improve the functioning of debt relief. We would also like to pay another compliment. During the budgetary procedure we also talked about entrepreneurs in debt and the fact that they are also entitled to help from municipalities. Some municipalities still have a blind spot. This bill makes it clear once again thatzzp'ers and entrepreneurs must be able to contact municipalities. That can't be said often enough. So thank you for the clarification in the explanatory statement. But of course there are some questions to ask. The first concerns the storage of personal data. This is reported to municipalities. These are stored for as long as necessary. In practice, it is expected that this will be up to six months. But how are we gonna keep an eye on that? I think it would be useful to check at some point whether municipalities are actually destroying this data in time. What does the Secretary of State think about this? Rent disadvantages can be an important signal for households with financial problems. It's very good that landlords get involved in that early warning. In the country there are also some pilots and the results sound good, but this is mainly about corporations. Does reporting of a late payment of the rent continue to be limited to those corporations or is it intended to apply to private landlords as well? And if so, does that go in broad for every landlord, or not? Furthermore, more early warning could put financial pressure on municipalities that are given more work to choose. The note following the report states that the structural financial consequences will be neutral on balance, as early warning will also yield a return. That seems to me to be a justified point. But I also think it would be wise to keep an eye on the pulse, because municipalities will have to be able to make the necessary investments. How's the Secretary of State gonna keep an eye on this? Then there's another subject. At least not so much a different subject on this law, but the point that Mr Van Dijk has just raised was it not that I see anyone walking to the microphone. I think it might be useful to wait."
ParlaMint-NL_2021-11-04-tweedekamer-6.u154,2021,2021-11,Henri Bontenbal,Unknown,energy-general,0,"Maybe you could take a look... It is not just a question of electricity networks, where the arguments you put forward apply, but also of certain things relating to congestion, for example, which batch of batteries may invest in certain places. You might be able to put that under the same question. Maybe it'll get a little more interesting."
ParlaMint-NL_2019-09-26-tweedekamer-5.u1,2019,2019-09,Khadija Arib,Unknown,economic,0,"The next item is the order of business. On Tuesday 1 October, I propose to vote on the motions for resolutions tabled at the memo on the initiative paper A European military force of and for Europeans, on two letters from the Bureau (35300-IV, No. 5 and 32140, No. 59) and the motion for a resolution held by Mr Kerstens/Hijink (29538, No. 301). I propose to add to the Chamber's agenda: the draft law Implementing the amendment accepted in New York on 14 December 2017 to Article 8 of the Rome Statute of the International Criminal Court (Trb. 2018, 74, with corrections in Trb. 2018, 200) (35259); the proposal of the Rijkswet of members Sjoerdsma, Asscher, Van Otterloo, Van Wijngaarden and Van Ojik concerning rules on the creation of temporary exceptions to the Rijkswet op het Nederlanderschap (Rijkswet restricting effect Brexit) (35130-(R2119)). At the request of the applicants, I propose that the following debates be removed from the agenda: on the state of the case-law; on the state of the social lawyer; on the practices of manufacturer Leadiant with regard to the medicinal product CDCA; on the notice that pharmacists ignore the wishes of doctors when issuing medicines; on the imminent closure of the hospitals of Bronovo and Antoniushove; on the notice that care is too expensive for minima; on non-profit-making contracts; on the report of the Health and Youth Inspectorate on a medical study in bile road patients; on the Commission's Report on Violence in the Child Welfare Sector; on any commitments to Unilever regarding the establishment of its head office in the Netherlands; on a sneak increase in actual tax rates; on measurements of the KNMI on earthquakes; on the remuneration of the Chairman of Shell; on the shortage of social housing; About the report that the Association of Colleges of High Education is dropping out of the NSE. At the request of the Group of the European People's Party (Christian Democrats) and European Democrats, in the Committee on Petitions and the Citizens' Initiatives, I shall appoint the member of the Central Village as an alternate member of the existing vacancy. I declare that the following motions have been withdrawn: 31936-619; 34682-23; 34477-61; 31015-168; 33836-36; 29911-226; 35022-9. Since the time limits for the following documents have expired, I propose that these documents be adopted for notification: 31322-365; 31289-405; 31288-774; 32793-406. At the request of a number of Members, I propose that the following motions be renewed: 25422-231; 21501-08-765; 21501-08-753; 33529-621; 35000-XIV-55; 34950-XII-15; 34950-XII-12; 21501-08-720. I propose to carry out the following state of affairs: 2019Z16764; 30952-344; 35271-5; 30010-45; 33826-31; 34550-XV-77; 22112-2474; 34855-3; 31322-344; 21501-31-478; 34775-XV-90; 2018Z06196; 21501-31-479; 34924-3; 2018Z06512; 21501-31-483; 34775-XV-104; 34775-XV-107; 21501-31-491; 25839-43; 31524-313; 2019Z03715; 2019Z07431; 31524-408; 31524-419; 31293-475; 31293-450; 31524-435; 33905-15; 31524-436; 31497-331; 31524-437; 31524-438; 2211224-2817; 33576-164; 21501-08-787; 21501-08-788; 35000-XVI-136; 35300-3446-64; 35300-XVI-1375; 35000-1386; 35000-XVI-15; 35000-157; 3124-438; 3124-431; 3124-431; 3124-437; 3141-2817; 22112-2817; 2147; 21501-08788; 3555-47; 3579-X-X-X-X-4747; 3594-47; 3147-47-47; 3142-47; 3524-47-47-47; 3529-47-47; I propose to add to the agenda: VAO Secondary vocational education, with Mr Van Meenen as the first speaker on behalf of D66; the VAO Spoor, with Mr Van Aalst as the first speaker on behalf of the PVV; the VAO Tax Office, with the first speaker, Ms Lodders, on behalf of the VVD; VAO Judicial Youth, with Mr Van den Berge as the first speaker on behalf of GroenLinks."
ParlaMint-NL_2019-01-23-tweedekamer-3.u123,2019,2019-01,Wouter Koolmees,Unknown,economic,0,"Yeah, the working arms. Almost all spokesmen this morning addressed the issue of working poverty. The fact that not everyone benefits from the economic backwind is also reflected in the SCP report on the working poor, which is also on the agenda for this debate. That report shows that work, or actually more hours of work, is the main cause of poverty. That is of course good, but at the same time the report shows that not everyone with a job has an income above the poverty line, and you certainly don't have that if you have a job with few hours. That is why, as a cabinet, we deliberately reduced taxes for people who work and have low incomes on 1 January. So people just have more left in their wallet, so it pays more to work. A broader discussion will also emerge from this. Mr Kuzu said this also in an interruption debate with Mr Wiersma. We must, of course, continue to finance education, care and infrastructure. That means you have a different mix in your taxes. The cabinet has therefore chosen to increase taxes on consumption and energy consumption, and then use that money to reduce the burden on labour and on work, precisely so that you have more left in your wallet when you go to work. On balance, 96% of the Dutch have a positive purchasing power picture for 2019. This is not only according to my own budget figures, but also according to last Friday's Nibud figures. And yes, there are things that are becoming more expensive: the care premium, the energy bill and the VAT. On the other hand, however, there is a very substantial reduction in the burden on work: a higher labour cut, a higher general tax cut and a lower rate in the first disc. They are also aimed at making work pay more."
ParlaMint-NL_2020-10-27-eerstekamer-13.u128,2020,2020-10,Paul Frentrop,Unknown,climate,0,"The third question I asked the Prime Minister was whether we could not postpone some of these expensive climate measures, such as taking homes off the gas, until the corona crisis is over. No, we're just going through with the climate, according to the Prime Minister. The climate is a priority, so I'll translate it for a moment. It is more important to reduce global warming by 0.00007°C while addressing the second corona wave. I conclude that the electorate will have a clear choice in the elections. The priorities of the current coalition are: immigration over housing shortage, unemployed Italians and French helping unemployed Dutch people and combating global warming is just as important as solving the corona crisis. That's clear. I've learned something. I have also learned something from Mr Rosenmöller today, namely that the distinction between the left and the right does not really exist anymore; VVD and GroenLinks broadly agree. They have the same ideas about the course for Dutch society. I didn't hear that contradicted by the VVD. Now everything happens in the Netherlands a bit later than in the rest of the world, but we can say that the end of history, which Fukuyama demonstrated in 1992 for the rest of the world, also reached the Netherlands by the end of 2020. Those were the lessons I took today."
ParlaMint-NL_2021-03-02-eerstekamer-10.u40,2021,2021-03,Tanja Klip- Martin,Unknown,climate,0,"Mr President, I shall continue. In the further reply, we also read that the Minister is now engaged in discussions with neighbouring countries on the cross-border approach to the problem of nitrogen. Model calculations seen by the fraction of the VVD show that we export more nitrogen than we import, both the NOs and ammonia. If that is the case, we ask the Minister. And if that is the case, what effect has this given in relation to the talks with neighbouring countries on our own stated objectives? After all, they see a reduction in the internal nitrogen deposition. And how are these talks going, we ask the Minister, because if we also have to reduce our exports, then should our national emissions not go down any further than is now in the law, or do we see that wrong? Our final point on effectiveness concerns a recent study by Mr Jan Willem Erisman, professor at the University of Leiden. I think I heard Mr Koffeman mention that name. Together with Gispoint, he developed the Nitrogen Deposition Contribution Card for effective emission reduction from agriculture. The starting point is that there are many sources that contribute to the nitrogen surplus in the protected Natura 2000 sites. And nature and agricultural areas are scattered around the Netherlands like a patchwork. For this research, the map of the Netherlands has been divided into compartments of one kilometre, and for each box it has been calculated where nitrogen emissions come from that box. And what's the outcome? That areas with a relatively high deposition effect appear to lie mainly in the Gelderse Valley and on the sandy soils in Brabant, Overijssel, Gelderland and Drenthe. These areas have two other things in common: they are mainly areas with a central location, allowing nitrogen to spread easily to all surrounding nature areas; and these areas also have more worrying aspects, such as poor soil quality and high nutrient leaching nitrate and phosphate to groundwater. The research shows that with the same reduction in nitrogen emissions but with more focus on a more limited number of sites, you will have a much greater impact on Natura 2000 sites than with the present approach. And then you're still talking about area-oriented policies, about generic policies, but more territorially applied. So it's not necessarily about forced buying up, but more about focusing on a number of areas. How could you possibly have a relationship here with the National Programme of Rural Areas, we ask the Minister. And then I'll be at the heading of feasibility. Under this heading the VVD Group focuses on two points: the registration and monitoring system and the relationship with other urgently desired spatial developments. The VVD Group has already asked questions about the nitrogen registration system and the storage functions for those spare nitrogen spaces. How can we find a good balance between not spilling nitrogen space on the one hand and a complicated administrative system on the other, so that the feasibility remains feasible for everyone and the paper results are as close to the truth as possible, we ask the Minister. It is not easy to intervene in our current, often long-term use of space and in the management of farms, including farms. The VVD Group is well aware of this. However, there is no choice. The way out is complex, but intervention in the current course of events is inevitable. An extensive measurement and monitoring system allows us to keep the finger on the nitrogen pulse. However, it is essential for the support base to be trusted in the systems and models used. There's still a point. That also came out a lot more often. Of course, the VVD Group is not deaf or blind to the many alarm messages that have been sent to us, especially from the agricultural sector. For example about the calculation tool AERIUS, which is filled on the basis of old maps and assumptions. And that while companies are paid for 0.05 moles. Mr. Chairman. I have to add that, just before we started again, I was given an app that there are many hexagons that count in this AERIUS system, but that are completely outside the Natura 2000 sites. How is the Minister going to bring these two worlds closer together? A knowledge programme is being set up to improve measurement and calculation systems. That's good. But as far as the AERIUS system is concerned, this is really a bloody situation. How is the Minister going to ensure that the highest possible pace is used in the promised improvement of AERIUS? I would like to hear a commitment from the Minister on this. I have also heard Mrs Prins and Mr Pijlman say something about this. Mr. Chairman. The present bill deals with nitrogen reduction and environmental improvement, but in the view of the VVD Group, it can only be optimally implemented if a link is established with other necessary spatial plans. Last year, the Planning Office for the Environment identified four current, important societal themes, expressed as a relationship between specific, desired, necessary developments. Then you are talking about the relationship between urban and rural areas, in which natural housing, recreational opportunities and mobility come to the fore. You're talking about nature versus agriculture. We are talking about nitrogen problems, but also about food supply, biodiversity, animal welfare, health and drought. Then you also talk about climate change, with the adaptation on the one hand and the energy transition, so the mitigation, on the other hand, and the circular economy. A common denominator for these four themes is that they all have a relationship with space fittings and thus with spatial design. In other words, they all compete among themselves for the limited space available in our densely populated delta. For a sustainable, long-term, effective solution, one should approach several aspects in their coherence, for example, combining the redesign of nature areas in the context of restoring nitrogen irreversibility with the prevention of dehydration, by taking groundwater measures at the same time. And so many more potentially successful combinations are worth investigating. The Study Group on Spatial Planning Rural Areas has been commissioned to develop policy options for spatial choices. This will also involve a change in land use. So it's a spatial transformation. The government suggests the possibility to look at the results of this process in the light of the suggestion of the Advisory Committee on Nitrogen Problems to start thinking in green, orange and red areas and to do so within the National Programme on Rural Areas. When this becomes clearer, we ask the Minister. How does the government see such a path? Mr. Chairman. The VVD Group supports the recommendation of the Advisory Committee on Nitrogen Problems that everyone should contribute proportionally to the solution and that structural solutions should be found for a sustainable restoration of the relationship between nature and economic development. This is clearly more difficult in a densely populated country like the Netherlands than in Sweden, for example. But now to make well-thought-out decisions and implement them carefully and at the right pace is the only way for the VVD Group to move towards a developing economy, forward-looking agriculture, both intensively and extensively, and towards a realistic nature policy. The planned periods of five, ten and fifteen years from now seem to us to be a more than serious start. It's about dividing up scarce space. This law is a first step. However, there is or is the feasibility of the goals with smart and above all fair monitoring, whereby government and both Chambers should be prepared to adjust the sails if necessary, running the route. Previous speakers have already mentioned this in all kinds of different terms. What is the Minister's view of this process of any necessary change of direction and possible additional regulation? Mr. Chairman. As has been said, solving the nitrogen problem is not an isolated process, but part of a collaboration with other desired developments that require space. As an introduction to our last question, I have three quotes. The Advisory Committee on Nitrogen Problems gave its final report the title ""Not everything can be done everywhere."" We would like to say that not everything can go anywhere. A second quote comes from an interview with the new president of VNO-NCW, Ingrid Thijssen, in the Gelderlander. She says: ""There's always a lot of looking at the financial space, but it's the nitrogen space, stupid!"" In Trouw of 31 January, there was an article by Caspar van den Berg, Professor of Public Administration at the University of Groningen, and Annemarie Kok, independent researcher, entitled ""The regions are often treated as difficult children."" This document focuses on the problems that addressing climate change and energy transition, including issues from that PBL list that I mentioned earlier. It is no longer the technical and financial aspects that cause stagnation, but questions of a spatial and also administrative nature. And that means that the space-demanding solutions to be found for residents of the metropolitan Netherlands mean something different than for the inhabitants of the rural, somewhat thinner populated area. Political wishes and spatial sacrifices vary geographically, according to the mentioned Trouw-article. The same applies to the problem of nitrogen. Mr. Chairman. The VVD is convinced that the proposed policy can gain strength as part of a more comprehensive spatial vision. And there is, because that's the NOVI. How is the government going to ensure that the spatial conditions of the proposed policy are really approached through the Novi line? Because sticking a nitrogen patch alone is not enough for the long term. We would also like to receive a convincing commitment from the Minister on this. And as always, we are very interested in the government's response. Thank you."
ParlaMint-NL_2020-06-02-eerstekamer-7.u40,2020,2020-06,Renevander Linden,Unknown,energy-general,2,"Thank you, Mr. Chairman. Thank you also to the Minister for answering the questions we asked. That was actually three on the basis of three issues that we dealt with, first of all the status of the Brexit negotiations. The Minister indicated that the operation would not be compromised, that it would continue and that there would be no reason for concern in that regard. The second point was about the wobbling current, about the adjustable power. What the Minister said about this was already clear to us. It's good to have that confirmation. There will be more non-controllable power from solar and wind energy. So that's what you have to do. That is also what is happening in this bill. Unfortunately, on behalf of my group, I would add that. We are in favour, strong supporters, of energy security, of variable power. You don't have to be with the sun and the wind. You need to find that in the corner of nuclear power and thorium. Until that has been achieved, because that is not what it says tomorrow either, you can do just fine with gas and state-of-the-art coal power stations, which has unfortunately been decided to close early. Then there is the last point I raised in my first term. Is it now possible to pay for the gas linking of homes or companies in the EU through the tariffs of our network operators? There's still no way to decide. I have made a motion for this, but it may be that in the suspension we come to the conclusion that I do not have to submit it if the Minister absolutely confirms that it is not possible for Dutch tax money to be used to link homes to natural gas abroad, whereas the policy here in the Netherlands is unfortunately currently aimed at spending millions to take homes off natural gas. If he doesn't rule that out, I'd like to table a motion for that. But if the Minister really explicitly excludes that from the case, I will not. So I should also like to look at the President: what is the order of business?"
ParlaMint-NL_2022-01-19-tweedekamer-3.u273,2022,2022-01,Wybrenvan Haga,Unknown,energy-general,0,"I've got enough interruptions, and I'm not gonna use them all anyway. The problem is that incredibly many people have been hurt, because the VVD and the entire coalition in the previous period have committed these blunders with the gas field in Groningen. All Dutch people have been duped and the environment has been damaged. All of our neighbouring countries are moving towards natural gas and we are abandoning it because we were too stupefied to find a good technical solution. I would like to ask again: do not let everyone be loser, but let the Groningen, the Dutch, the environment and the Germans to which we still have to deliver be winners. The solution exists. You probably don't understand it, but there's a scenario where you keep up the pressure in the field and start producing in a normal way, with a low depletion rate. Then it's all possible."
ParlaMint-NL_2022-06-28-eerstekamer-8.u57,2022,2022-06,Hugode Jonge,Unknown,energy-general,0,"Thank you. Mr. Chairman. It is good to be able to continue the oral consultation with each other today. I would like to speak a few introductory sentences and then comment on the motions that have been tabled and on a single question that has been asked. Let me begin with the beginning that I also chose in the answer in the oral consultation, namely Mr Otten's statement: if it ain't broke, don't fix it. That is a wise word, which should perhaps be repeated a little more often here in The Hague. But in this case, I don't think it's going to work. At least I would never dare the thesis: it ain't broken. With 26 laws, 60 AMvBs and 75 regulations, we have created a very dark forest with each other throughout environmental law. Procedures take a long time, too long. An important reason for the slow development of the area is precisely the complexity and ambiguity that we have organised with each other. That has also been the view of a very broad majority here in this house when adopting the Environment Act. Only two groups voted against at that time and voted in favour of a very large majority. That was also the view when we voted on the introduction law. There was also a large majority of 53 seats in 2020. So ""Whether or not the Environment Act?"" is a question that has already been dealt with, which has been answered by a large majority in several instances. What we are talking about here is whether it is wise to introduce the law on 1 January next. I understand that, because it is a big law, a big law, in the context that the municipalities already have an incredible amount of work to do and the implementation process is proving to be tough, especially as regards ICT development. That has been the reason for a number of delays, so I understand that not only does the First Chamber want to check the quality of legislation, it still has one of the most important tasks of the First Chamber, and you have done so, but you also want to check the implementation side. I understand that you say: we have to be absolutely sure before we say ""go."" At the same time, I would also like to say that clarity is actually part of that care towards implementation practice. That has to do with all the work that has yet to be done. Municipalities need to know where they're headed. That is why I have outlined a timetable following the oral consultation I had with you and what I myself intend to do. This is actually divided into two key concepts. The first is clarity. We really need to clarify the implementation practice that the introduction will take place on 1 January. If you are alderman in the spatial domain and you want, for example, to guide your new empty regulation through the board, it is nice if you know what date that is for at all. If you are project leader and are in charge of implementing the Environment Act, and you need to excite and motivate your club and keep the good people at work and fill vacancies with the best people in this field, then it is wise that you know what date you are working towards. Leading a complicated implementation without a clear end date is really unwise. It's not going well. You'll lose the energy. Then you lose the power needed to properly appear on the start line on January 1st. That's one. Two is careful. What should be going well on 1 January anyway? That is the urgent development of the area; it must be done well in any case. The second is everything citizens and businesses will have to deal with from 1 January: licensing. Everything related to licensing must work, because otherwise the services of the municipality in the spatial domain are no longer in order, and that is not good. No one's really worried about that last one. You do see flaws in beauty and you can still see work processes that have to be settled in municipalities, but the whole chain, including the functioning of DSO, the national ICT supply Digital System Environment Act, combined with what local software developers have built for co-governments, is just working well on the licensing side. AcICT does not comment on this either. There is still work to be done on the development of areas. You can see that one is farther than the other. There are software providers that are already fully ready and there are software providers that are not quite ready yet. But that is precisely what we have developed the temporary alternative measures for. The care we need to take towards autumn is a to give clarity and b to go through the steps needed to ensure at a good time that no more accidents can happen. We certainly know that because we have done everything necessary to support municipalities and provinces and because it appears that the temporary alternative measures for those municipalities that are not yet sufficiently ready are actually working. The temporary measure IMPRO is a bit of a technique, excuse for that, is about the data standard with which the environmental plans are to be made. It helps and works................................................................................................................................................................................................... I assume that some of the municipalities will indeed choose to do so. This makes it possible for the municipalities that opt for this phased growth, because they can also make the environmental plan for the new period with the data standard they used to work with in recent years. What we have to do is support the competent authorities and keep the finger on the wrist. What I have to do in your direction is to deliver you by October: the progress reports on connecting to the DSO, the final report of Deloitte on the follow-up to AcICT's opinions, and a survey of the experiences of the competent authorities with their implementation statements. It'll follow in September. What can I deliver in October? These are: the results of the integrated chain tests on phase one in July and then phase two in October, the policy response to the findings of AcICT, and a progress letter in which I fully inform you about the implementation and the DSO. I will send it to you in October, which will enable us to hold a debate in October. And let us be clear: I think we should be clear about implementation practice and I think we should be careful. I said that at the committee meeting. The best way to be careful is to provide that clarity today. And the very best way to provide that clarity would have been, as far as the cabinet is concerned, to beat the KB and to accord by the First Chamber that the cabinet that KB was going to beat. You have considered: no, we prefer to do so at a later date, if we have more progress information to make sure that that is a correct decision. I respect that, but it is precisely for this reason that it is very important to say very clearly to the co-governments and the market players, who are asking for this, that the date of introduction should be 1 January. That is what I said in the committee debate. That brings me to the motions that have been tabled. For that reason, I advise against the motion of the Member Otten. That is why I leave the judgment to the Chamber on the motion with the letters DZ, the motion Rietkerk et al., with a whole list of signatories. So I am doing so because this motion states that the entry into force of the Environment Act on 1 January is and will continue to be the starting point, because it is so important to clarify. I think that is the most important element. At the same time, I understand that you say that we want to have a meaningful debate in October on whether that is really certain. That is a 'yes, if', as Mr Rietkerk put it. I want to respond to the 'provided' as well as possible by doing everything and delivering everything I have just outlined. Mr. Chairman. Which brings me to the next motion. That is Mr Janssen's motion. The motion says, ""Don't make those sentences out of that decision note public."" I would like to explain again why I do not. I've been hesitant about that for a while. When you read those sentences, you're like, ""Oh, come on, just say that; it's not that exciting, is it? That's what I'm saying, homey. And yet I won't. It is about the impact of conversations that have been there. That means that it is about the political process leading up to such a chamber debate. It is important to be able to conduct the political process in a confidential manner in the run-up to a parliamentary debate. That makes sense, otherwise we would keep all our conversations out in the open. That's not true. It's never like that. I believe that this political process is worth protecting. And so, in appealing to the interest of the State, which is an appropriate provision not to meet an information request, I am not releasing the sentences that stand here, although you might say: what is that about; it is only about the political process leading up to this debate? And yet I think it would be wise not to set a precedent. That means that I cannot comply with this request and also that I reject this motion."
ParlaMint-NL_2022-02-23-tweedekamer-6.u96,2022,2022-02,Sigrid Kaag,Unknown,economic,0,"Those frameworks remain in front of us. If you're asking for a 100% guarantee, I can't give it right now. Mr Omtzigt also knows that the spring decision-making process is really the main decision-making moment on which the cabinet can see what the windfalls and also the setbacks are. Of course, we didn't count on box 3. The fact that the recovery and resilience fund's contribution would be less than 1.2 billion is a known setback, but it was not expected. Of course, that was already included in the Start note. I don't think it's right to pretend that we're here for the first time... The Ministry of Finance is one of the oldest ministries. That's what this is all about. It's not like we're suddenly completely surprised. I describe purely the process, as it always starts. I think we should take that space right now. And perhaps Mr Omtzigt knew how quickly the situation about Ukraine would deteriorate, but I do not think so either. This has implications not only for energy prices but also for inflation in the broad sense. There is also the fact that we have more delays in supply in the chain. This also has an impact on price development. These are all factors that cause us to have other setbacks as well. I want to map them carefully, and we will take that into account in the choices that we then have to make with each other. But the budgetary frameworks are leading and we will have to pay this off. The aim is, of course, always to stay below 3% and also to look at debt write-off."
ParlaMint-NL_2020-06-11-tweedekamer-9.u177,2020,2020-06,Sandra Beckerman,Unknown,energy-general,0,"And that is indeed not what the cabinet does, because the cabinet actually comes up with a drop in the ocean. Of course it is very difficult to do a lot of homes at the same time. But at the same time both tenants already say cooperatives: but there is much more possible. We still see houses with label F and label G. The people who live there have a towering energy bill. Why not just help those two or three labeled properties? You make five wins. People have low energy bills, they have a better home, we get the climate targets, we can turn off the gas tap even faster and we can create jobs. I really cannot accept that the cabinet says 'we do so, but to a limited extent'."
ParlaMint-NL_2021-11-02-tweedekamer-20.u120,2021,2021-11,Henri Bontenbal,Unknown,economic,2,"A lot of the facts just don't add up. Business is taxed. The EU ETS stands somewhere between €55 and €60 per tonne. You say that there is no subsidy to houses to generate renewable energy, and a lot of money goes to business. People can place solar panels on their roofs and use the netting system. That is a very large tax subsidy scheme, which is many times higher than what is in Germany. People can get subsidies for housing insulation. People can get subsidies for a heat pump. And yes, when it comes to business, of course there is a lot of money going there, because they are big measures. If one company reduces megatons of CO, that's a lot of money and then those amounts also rise."
ParlaMint-NL_2021-11-02-tweedekamer-20.u42,2021,2021-11,Arda Gerkens,Unknown,energy-general,0,"I largely agree with Mr Eerdmans. We have a small country, which is fully built. If there are windmills on land, it must be well secured and they must be at a distance from those living nearby. We are in favour of this, and that is why we are in favour of this motion. We await the conclusion of that. But you also have choices in this. We have the North Sea, which is a lot bigger than the land surface. There are other interests that we must safeguard there, such as, of course, fishing. But the North Sea is also a lot more logical, because there it blows a lot more. In addition, we have huge distribution centers, including in Limburg, but also in other places, where all roofs are still empty. There's no solar panels on it. We also want to focus on nuclear energy. So I think we can make other choices in that with each other."
ParlaMint-NL_2020-11-03-eerstekamer-3.u197,2020,2020-11,Ben Knapen,Unknown,security,1,"Mr. Chairman. Politics seems a bit cynical sometimes. People need to grab media moments, catch flies, debit firmities. That is why, at least, I hope, it is a good thing that we are talking about Europe here today. Here we don't have to do it for publicity, because usually everyone outside this room misses what we discuss on these occasions. This is an important prerequisite for a more nuanced political debate, namely that exchange of arguments should not suffer from the need to score. That being so, I would like to dwell on the word'sovereignty'. That keeps popping up like a kind of catch in the debate on Europe. Usually it's about surrendering sovereignty versus retaining sovereignty or getting it back. ""Take back control,"" as the Brexiters called it. If you dig something, you'll soon find out that no one actually knows exactly what it is. Being sovereign is like being the boss of yourself. Because each country wants to determine the course of things for itself, you can say that every country wants to be sovereign as much as possible, but the other way around it is with countries like with people: you cannot live on your own. So to be sovereign, you have to do things together and pool sovereignty. That's when all the confusion begins. 'Cause take the Netherlands from before the war. That was a neutral country without alliances. How sovereign can you actually have it in the world, you'd say. But that same side country had to do all kinds of things again and again that the sovereign didn't really feel like doing, because it wasn't that sovereign. We had to censor the media, for example, because we didn't want to annoy a neighboring foreign head of state, listening to the name Adolf Hitler. We couldn't afford that luxury as a small country without allies. We had to turn in the gold standard so cherished by us, otherwise we threatened to go bankrupt. 'Should', I say, because the outside world was going to use new monetary rules that we didn't really like at all. We had to negotiate trade quotas with abroad. Sovereign as we were, we actually didn't feel anything for that, but we had to, because we wanted to have food and stove. I would just like to say that sovereignty is an elusive concept, especially in our country, which, as few other countries in the world, is so intertwined with foreign affairs. In my view, a country's sovereignty is linked to its capacity to act. Is a country capable of acting, influencing and concluding the corresponding compromises, with the aim of promoting the prosperity and well-being of its own population as much as possible? In today's world, capacity for action is the practical core of everyday sovereignty. Also well-understood self-interest therefore relates the pursuit of being boss in his own home. Mr. Chairman. It is our firm belief that our country's ability to act is best served in the European arena. There we find sufficient scale and equalism to protect and promote our interests and values in the world. Here are our allies, and here we have influence. The threats to our way of life in this part of Europe do not need to be outlined in detail here. They are well known. Whether it is the economic, political advance of China, Russian revanchism, the struggle for raw materials, the security of supply of products, the struggle for spheres of influence in Africa, the instability of that continent or the dependence of Silicon Valley, all over the world there are forces that seriously violate our way of life. Everywhere it is about forces that are too great for us alone to face them. People want protection from this, and we cannot offer it alone. That is a kind of protection that we should not be fooling our citizens into believing that we can deliver it on our own. Mr. Chairman. Sometimes people are enthusiastic about Switzerland's paradise independence. I remember how PVV leader Wilders enthusiastically tweeted about the outcome of a Swiss referendum in February 2014. A narrow majority of Swiss citizens did not want immigrants to work in Switzerland in that referendum. No more immigrants. And do you know what happened to the outcome of that referendum? The answer is unheard of, namely nothing. Nothing at all. In order to be able to survive, Switzerland has more than 100 agreements with the European Union and, logically, this includes the obligation not to shop unilaterally in that package, because the guillotine falls on all the thousands of agreements. Let me give another example: Norway. There the Nobel Prize Committee decided ten years ago to award the Nobel Peace Prize to the Chinese dissident Liu Xiaobo. China was angry and Norway was punished. Suddenly Norwegian salmon was banned from China for veterinary reasons and further chicanes followed. The sequel is significant. First, we saw Norway's voting behaviour in the United Nations becoming more friendly to China. Norway subsequently supported Chinese observer status at the Arctic Council. Norwegian politicians solemnly and neatly promised not to receive the Dalai Lama and they promised not to take any more action against the one-China policy. That may be understandable opportunism, but it is also something that happens to you earlier when you are alone as a small country. Mr. Chairman. In order to keep this part of the world democratic and stable, efforts by countries such as Germany and France are of particular importance. We will certainly not always agree with them on what they want and do, but as soon as they join forces, this weight will be on the scale, with Germany in particular having the means and France in particular having the reflexes to manifest themselves. Their support is crucial when the European Commission comes up with plans to protect investment, take climate action, rebut China, intervene in Africa, introduce a trade boycott or build something that looks like a start of a common defence. This requires a constructive role of Dutch diplomacy. Do we want to realize that? Do we want to have that ambition and share it with our citizens? To avoid misunderstandings, there are enough things in the European Union to be extremely critical about. Italy's budgetary policy is a tragedy, although it is worth noting that every Dutchman earns €1.516 a year from the EU and every Italian barely half, says Bertelsmann Stiftung."
ParlaMint-NL_2019-02-19-tweedekamer-2.u33,2019,2019-02,Alexander Kops,Unknown,energy-general,2,A lot of people live in energy poverty. This cabinet has promised that everyone would improve.
ParlaMint-NL_2021-11-02-tweedekamer-20.u23,2021,2021-11,Wybrenvan Haga,Unknown,climate,3,"Mr Erkens is beginning to be very promising. He says: sustainability and economic growth must go hand in hand. I couldn't agree more. But then he said, ""It's got to be smart."" Then I'll have some questions. You are a member of the largest party, my old party: the VVD. I'd like to tell you a few things. There are billions going to the climate. I wonder if that's as clever as you say. We're gonna make houses gasless, which is bad for the environment in the short term. We have subsidised biomass plants with billions. That's bad for the environment. We put agricultural land, which we might even be able to build, full of solar panels, while 90% of the roofs have no solar panels yet. Now we're moving on to CCS, Carbon Capture and Storage, while net CO2 emissions are higher than what we capture. Recently, from Japanese research, I come to my question, hear that we are better able to continue in combustion cars than to switch immediately to Tesla's. Don't you agree with me that all these things aren't so smart, and that we should be doing smart things?"
ParlaMint-NL_2022-04-20-tweedekamer-4.u7,2022,2022-04,Laurens Dassen,Unknown,energy-general,2,"Thank you, Mr. Chairman. We had an important debate on hydrogen last week. In my view, it is still unclear how we are going to use it. We notice that a lot of hydrogen is going to be used, that many sectors also want to use it, but that it is not yet quite sharp where it is best to use it. That's why the next motion. [[Motion]] [[The Chamber,]] [[heard the debate,]] [[Whereas the use of green hydrogen in our economy requires a lot of green electricity and should only be used in sectors where electrification cannot be achieved;]] [[Whereas several sectors want to apply hydrogen;]] [[calls on the Government to make an explicit weighting, for example through a cost-benefit analysis by sector, on the use of (green) hydrogen compared to other forms of energy (e.g. electrification),]] [[and goes to the order of the day.]] [[This motion was tabled by Mr Dassen and Mr Grinwis.]] [[She's getting No. kst-32813-1027]]"
ParlaMint-NL_2019-06-06-tweedekamer-12.u288,2019,2019-06,Chris Stoffer,Unknown,economic,0,"Mr. Chairman. I assume that this judgment will be given to Chamber: one motion. [[Motion]] [[The Chamber,]] [[heard the debate,]] [[noting that the Netherlands scored low on the theme ""environment and raw materials,"" according to the Brede Welvaart 2019 Monitor,]] [[Whereas this is due inter alia to imports of metals and fossil energy sources from developing countries;]] [[Whereas our prosperity must not be at the expense of the poorest and most vulnerable people in developing countries in particular;]] [[calls on the Government to take full account of the effects of our action on developing countries,]] [[and goes to the order of the day.]] [[This motion was tabled by Mr Stoffer and Mr Nijboer. It seems to me that their submission is sufficiently supported.]] [[She's getting No. kst-35200-29]]"
ParlaMint-NL_2020-06-30-tweedekamer-38.u32,2020,2020-06,Royvan Aalst,Unknown,energy-general,0,"Perhaps I have an addition to Mr Stoffer and perhaps he can agree with it. Well, then, as far as I'm concerned, it's enough. He probably agrees with me that when you have too little capacity in the waste incineration plants and you then connect a whole district heating network to them, the result is that you have to run all kinds of diesel generators to heat that same district. Does Mr Stoffer agree with me? 'Cause he didn't have that in his motion yet."
ParlaMint-NL_2021-10-14-tweedekamer-14.u27,2021,2021-10,Raymond Knops,Unknown,economic,2,"I'll be sure to. I can already say that, when it comes to disasters, we have a great deal of experience with the International Red Cross in Saint Martin. I have also recently made a contribution to equipment for the firefighters on St.Maarten in order to do good things in case of hurricanes. That's an occasional benefit. I will also answer your question in the second term. Then I'll get to the second block, Mr. Chairman. It sounds a little disrespectful, but it's about poverty. I think poverty is one of the biggest challenges for the Caribbean parts of the Kingdom. As I said before, I've seen what people are going through up close. Often they are at age and have worked their whole lives. I met a 71-year-old painter who said, ""I've worked my whole life and now I have to think every day if I'm gonna make it through the day and if I have enough food."" That man burst into tears and said, ""What can you offer me perspective?"" For example, there are a lot of people who have used the food packages. I'm sure you've made the same visit. I have to say, you don't forget those impressions easily. I believe that as politicians here, but also on the other side of the ocean, we have an expensive duty to do everything in our power to combat poverty and inequality, which is also there. The inequality is enormous. Speaking of solidarity: in a civilised country, attention should be paid to these groups. We have initially committed the 85 million for emergency aid, we have created a support and recovery package for the Caribbean Netherlands, similar to that for the European Netherlands, and we have helped entrepreneurs to get through the crisis. But that's not enough. Ultimately, the best perspective that these people can have is that there will be economic development, that there will be less dependence on tourism, that they will be better able to take any blows. The board needs to get organized. The taxes must be collected; I will say something about this in a moment. 'Cause sometimes the money's on the street, but they don't pick it up. Then there is no money to finance education and care. I believe that one of the lessons and assignments within the Kingdom should be that we should address each other, but not just that: we should also help each other, to prevent these people from getting into this situation. [[Sentence could not be parsed: Want als je 71 jaar]] I mean, you've worked your whole life, you've got a not-too-best health, and there's more in a cabin than that. You don't have to ask yourself, who's taking care of me, who's taking care of me? You don't expect that in the Kingdom at first. That's what you expect in other parts of the world, but not in the Kingdom. I think we all have an assignment in that. Mr Kuzu and others have drawn attention to the fact that people in the Caribbean Netherlands are also faced with higher burdens and that incomes are lagging behind accordingly. This is partly due to the small scale of the islands, which makes them particularly vulnerable, but you can see that since 10-10-10 they have not worked on this at full speed; let me put it this way. That also led me to go to the islands with Secretary of State Van Ark at the time and show her what was going on. I have said it before and I say it again: compliments for her, for how she picked it up and for what she did with it. In the various debates in the Chamber, which were constantly working on this, she said that we want to make the minimum standard of living better step by step, to raise the social minimum and to raise incomes. That's important. If that perspective exists for people who cannot work and who do have to provide for their livelihood, then you can make sure that deep poverty can disappear. You saw that poverty when you were visiting with the IPKO. Mrs Kuik rightly mentioned this in her contribution. You have to make those improvements step by step. Steps have therefore been taken: the disability allowance has been increased to the statutory minimum wage, a supplement has been introduced for AOW beneficiaries with an income below the statutory minimum wage, and family allowances have been increased to almost double compared to 2018. Steps have also been taken in the fields of employment and debt relief. Moreover, in order to further improve the income position of workers, the legal minimum wage in the Caribbean Netherlands has been gradually increased. In doing so, the AOV, the AWW and the state-of-the-art benefits have been increased proportionately. There has also been an improvement in the purchasing power of the islands, thanks to the measures aimed at reducing the cost of living. It's not just about income. If you don't pay the bills anymore, because they rise every day, that's not gonna help you with your purchasing power. As a cabinet, we have invested 3 million euros in expanding the range of social housing. A temporary subsidy has also been granted to reduce the rents of social minima in the private rental sector and the landlord's subsidy in the social rental sector has been increased. The pilot mortgage guarantee that started this year also makes the sales market more attractive for people with lower incomes. It is currently examining how food costs can be reduced. It is therefore a question of improving purchasing power among all types of households and income groups. Raising incomes cannot be separated from reducing the cost of living. It is clear that this will take some time. Let it also be clear that the balance between revenue and expenditure is very fragile. Additional cost increases hit the people on the small islands extra hard. Mr. Chairman. The motion adopted on the island councils of Bonaire and Saba is very understandable. This motion calls on the new government to set a social minimum for Bonaire, Saint-Eustatius and Saba as soon as possible, on the basis of the real cost of living and equivalent to that of the European part. However, the cabinet does not want to take the real costs as a starting point for the social minimum. In setting the benchmark, the cabinet deliberately did not choose to do so, because that would mean taking the too high costs for granted and focusing only on that revenue. That would create an unbalanced situation. So there is all the more reason to do something about these costs. After all, it cannot be the case that the inhabitants of the Caribbean Netherlands with a smaller wallet will not improve anything. At the same time, I would like to say to the Minister for Social Affairs, and now the Secretary of State for Social Affairs after the event, it is important that the social minimum is set in step and in view of the regional context, the capacity of the economy and the competitiveness of the islands. These are things that you may not immediately think about when you look at the income position, but it does do something about employment and competitiveness in relation to the nearby islands. The most important thing is that we not only focus on the tourism sector, but that there is a diversified economy where income can be generated on multiple fronts. This has been the subject of many debates here in the Chamber. I sympathise with the speeches made by several Members to increase the minimum wage and related benefits as from 1 January 2022. Such a step is also in line with the approach taken by the government in 2010 to the social minimum benchmark. It is also in line with the Kralendijk Agreement concluded at Bonaire with the social partners. Members De Vries, Van den Berg and Kikken asked if this cabinet will take steps by 2022. In the debate we had before the summer on the social minimum benchmark, in which Minister Koolmees was still present at the time, this was also discussed with him and he explained that in view of the missionary status of the cabinet, it is not obvious that the cabinet would now take that step on its own. At that time that was based on the idea that the formation would not be completed for too long. However, with support and a concrete proposal from your Chamber, there is a basis for taking this further step by 2022. However, an appropriate proposal to cover the Social Affairs and Employment budget is needed. I would like to point out, however, that raising incomes cannot be separated from reducing the necessary cost of living, as has been discussed repeatedly in the Cabinet and also in previous debates with your Chamber. As far as the cost of living is concerned, we have recently been faced with setbacks that affect all the people on the islands. I mention higher costs for energy, internet and water. This is still separate from the recent global increase in gas and electricity prices. Mrs Van den Berg asked whether the Caribbean Netherlands would also be included in the debate on possible compensation or mitigation measures. In principle, the Caribbean Netherlands has a similar approach to that of the European Netherlands. I would say that it is reasonable for the Caribbean Netherlands to be involved in the decision-making process on possible compensation. Let me put it very carefully, because that is a debate that is still taking place at the moment, also on the basis of studies being carried out. As you know, Internet costs are also high in the Caribbean. The Secretary of State for EZK is currently considering the possibility of extending the corona grant for fixed internet for a further six months. The extension of this subsidy is desirable because otherwise a huge increase in costs would occur at once on 1 January. We were just talking about occasional and structural. Of course, it's up to a new cabinet to see how you're going to do it in the longer term. But we must bear in mind that the revenue side and the expenditure side must remain in balance. Mr Ceder also expressed concern about energy prices in subsidies on energy. It's gonna expire. At present, the fixed connection rate for both electricity and water is already structurally subsidised by the Ministry of Electricity, and IenW, in terms of water, at the European-Dutch cost level. At present, the Ministry of IenW has no additional budget to take structural additional measures on the costs of drinking water. The State Secretary of EZK is investigating the possibility of investing in its policy participation Bonaire Fuel Terminals. This could allow the terminal to invest in a solar or wind energy project. I'm very much in favour of that. A number of your Members referred to this yesterday, when it comes to good investment, which leads to lower structural burdens. The goal is therefore to find an optimal mix of speed, cost reduction and sustainability, as the motion Chicken asked earlier. In all solutions, it is important that production is co-ordinated responsibly in order to ensure security of energy supply. Ultimately, it is up to the next cabinet to decide on possible structural measures to reduce the cost of energy and drinking water. This brings me to the end of the poverty block, Mr President."
ParlaMint-NL_2019-01-16-tweedekamer-6.u372,2019,2019-01,Matthijs Sienot,Unknown,minerals,0,"Thank you, Madam President. We've heard a lot from the Minister, lots of good noises. But yes, now result! I think that has also become very clear in this debate. I hope we will see the statement that 2019 will be the year of truth for damage and reinforcement become reality. I would like to make two motions to contribute to this, in addition to all the good work that has already been done. [[Motion]] [[The Chamber,]] [[heard the debate,]] [[Considering that many homes in Groningen with damage are still open to the Temporary Committee on Mining Damage Groningen (TCMG);]] [[noting that the confidence of the Groningen people is affected by the slow handling and that there is a great desire to clarify the handling of damages;]] [[Whereas there is already a pilot with experience in simplifying claims reports, such as the use of photographs as evidence of damage and automatic assignment;]] [[calls on the government to take concrete acceleration measures, and to inform the Court of Justice about them before the May recess,]] [[and goes to the order of the day.]] [[This motion was tabled by Mr Sienot, Mr Agnes Mulder, Mr Yeşilgöz-Zegerius, Mr Dik-Faber and Mr Van der Lee.]] [[She's getting No. kst-33529-569]]"
ParlaMint-NL_2022-05-31-eerstekamer-12.u192,2022,2022-05,Sigrid Kaag,Unknown,climate,3,"It's a pretty bulky document. The imvo, sustainability, the Climate Agreement and the SDGs are central. It's about SDGs and climate. Then you've got imvo. Of course, the energy transition is also included. At the same time, we're not gonna ask a company to comply with everything. They're choices and guidance. But I'll take your question again, because we haven't finished it yet. He hasn't gone through the cabinet yet. So I'll see if the level of ambition is high enough. Secondly, I would also like to say a word about Mr Van Apeldoorn. I am still looking for how far we can go, what is appropriate and what is no longer appropriate in terms of the definition and translation of activist shareholdership of a government that makes choices in certain companies for the sake of public interest. For example, if we look at Schiphol: we are shareholders, but Mr Harbers and I do not want to sit on the board seat either. At the same time, we need to ensure that there are frameworks that make people feel more committed to implementing the policy and making it measurable and demonstrable. That's a bit of a search."
ParlaMint-NL_2021-11-04-tweedekamer-6.u216,2021,2021-11,Dilan Yeşilgöz- Zegerius,Unknown,energy-general,3,"That link is in the review of the energy tax, so that's also in all the thirteen chips we sent around Fit for 55 around mid-July or late July. The part about the energy tax review, that's what this is about. And I will see if we can add a comparison with other countries. So I think that that last part could perhaps be added, and that the other items may already be in Mr Dassen's possession. If he wants to take a look at this and then have supplementary questions, I can come back to that in a more specific way. Thank you."
ParlaMint-NL_2020-12-09-tweedekamer-3.u12,2020,2020-12,Stientjevan Veldhoven,Unknown,energy-general,0,"Thank you, Mr. Chairman. Mrs Van Esch tabled a motion, but first indicated that she wanted a judgment on another motion. I indicated at the time that this motion was not with me, but with the Minister. It shall provide the motion with an opinion in writing. Then there was a motion in part No. 349 of Mrs Van Esch's report on firewood, which we ask the municipalities to give serious follow-up to reports. I don't think that's a problem. Judgment Room. The motion in part No. 350 on committee-Van Aartsen I advise against. The committee itself deals with its members. Shell's president-director has been asked because of her knowledge of the safety situation in the industry. Someone's already on the committee from the environmental point of view. I'm dissuading the motion. Mr Laçin mentioned Tata Steel, with the request to remain in good contact with the deputy. Absolutely, I'm very regular. Then the motion to part No. 351 on asbestos in cosmetic products. It's already forbidden. Enforcement is at NVWA. That's what I said in the AO. I will ask the colleague of VWS who is responsible for the NVWA for an opinion on this motion."
ParlaMint-NL_2019-05-21-eerstekamer-3.u31,2019,2019-05,Gomvan Strien,Unknown,energy-general,2,"There is at least one point on which Mr Pijlman and I agree. That is the percentage he has just mentioned of what is being generated by so-called renewable energy at the moment. He mentioned 5.3, I mentioned 5.5. I was even a little higher, but I'm sure that's within the margin of error. But of course there are other countries, such as Sweden, that have a piece of cake. They just put a wheel under a waterfall and Kees is done. Electricity is virtually free: white coal, as it is called. We can never handle that, but we can handle nuclear power. Why doesn't D66 come up with that idea? If you talk about saving on CO emissions, there is really only one real alternative to electricity generation, and that is nuclear energy. Why don't you come up with that?"
ParlaMint-NL_2021-05-11-tweedekamer-29.u286,2021,2021-05,Basvant Wout,Unknown,energy-general,0,"That's what I just said. We have, of course, made every effort in recent years to see what can be done to meet the Urgendavonnis. This is a big part of it. Coal-fired power stations are completely closed, which is simply not possible, because with the security of supply in the Netherlands we will have a great danger or problem. I don't think you'd like that either. As I have just said, we will have to look very carefully in the future at what additional efforts we can make, because I really do see that challenge. I would also say that it is ultimately about achieving our goals by 2030 and 2050. We all care about that. Those targets will be raised. This cabinet, if there is no new cabinet yet, or the new cabinet around the summer, will have to talk to a lot of people."
ParlaMint-NL_2022-06-09-tweedekamer-8.u245,2022,2022-06,Sigrid Kaag,Unknown,economic,0,"Yes, but the nuance was in the statement Mr. Heinen gave. I am not afraid to give an opinion at some point, but it was about the possible misunderstanding that I thought he was asking for a letter on a decision, a specific possible new ECB instrument. Well, the Dutch Bank is in the governing council. The Dutch Bank has an opinion on this and shares it publicly. That's how we settled the trial. What I would like to do, however, is to indicate, in a broader paper on the euro area, what the potential risks are, what the different bodies, including the ECB, can and what we expect from them. For example, Mr Heinen asked earlier whether we believe that the ECB's traditional role has been exceeded. I would also like to comment on stability: does the ECB not do too much; is there not too much intervention from the ECB? These are all things that we naturally have to debate with each other without, of course, knowing in this case that we are going to change a jota. If the ECB says tomorrow 'we are going to do A, B, C', it will do so in the independence of the role of the ECB, but the debate on this is important. I think those two can find each other. We haven't even had the debate yet, but I'm not going to send a letter tonight stating what I think of a possible decision by the ECB reported in the media. I'll take a look at the questions. Mr. Alkaya of the SP said that it seems that the cabinet is facing signals from society with distrust, as opposed to signals from business. Why don't households get five years of tax deferral if companies do? Yes, this is the same as the arrangement has been agreed with you, I believe. In the generic aid package, for example, employees were paid wages by the NOW scheme. That was part of the generic aid package. In some cases, restrictive measures have prevented companies from making sales. I understand the social sentiment that Mr Alkaya raises, but these are very specific arrangements. For the average citizen in need, there are other measures, through a different form of support that is already provided regularly, corona or no corona. Mr Van Dijck of the PVV asked for a reflection on the profits of large companies and on the risk of bankruptcy in small companies in corona time. I think that I and the Prime Minister have already explained what was intended with the generic support package: to provide certainty for entrepreneurs, to help them quickly and to mitigate the negative effects of corona as much as possible. But generic support also has its drawbacks. This also means that it does not end up very specific and completely in the right place. For example, it was also found in non-viable companies with low labour productivity and in companies in sectors not affected by corona. That is, of course, an element on which you say: can this be changed in the future and is that possible within our system at all? We're getting researched from preparedness, I'd almost say more targeted support, preferably sectoral, is an option if we're dealing with a corona crisis or another type of crisis. You will be informed about this after the summer. Mr Nijboer rightly asked about concerns about ICT. Well, in this case, we share it entirely, I'm afraid. It would be better if it weren't. The Tax Office already has the so-called multi-annual improvement initiatives. I believe that you had a technical briefing on this in January. A prerequisite for improving the ICT situation is the recruitment and retention of experienced personnel. Of course, we can all count and see that because of the current tight labour market this is extremely difficult. So that's a huge obstacle, but that's new, or relatively new. That does not explain, of course, how all the ICT problems in the Tax Administration have been able to accumulate. I know that the expectation has been expressed that the ICT system will have to be set up in 2025 in such a way that legislation is much more possible than in previous political stages. Anyway, that's three more years, and that's not exactly satisfactory. I also get the warning that the impact of new legislation and recovery policies, for example on box 3, must be constantly assessed and what this means for the maintenance and necessary modernisation of systems. Yeah, it's what I said: anything but satisfying. But there's a lot of work going on. Mr Grinwis asked: at the General Reviews a motion had been adopted to investigate and counter non-use; how is the investigation going, and how do we meet the motion? The evaluation of the Awir, the implementation and service of supplements, which will be completed in the summer, will include non-use. And, of course, figures on the extent of the non-use of the care allowance and the child-related budget are updated in accordance with the Grinwis motion. And literature research is also done on behavioural aspects and causes of non-use. Mr Nijboer asked: is the cabinet prepared to question the main issue of fiscal expenditure? ""Fiscal arrangements"" rather. Of course, we always have to take a critical look at tax regulations. This is also reflected in the policy and implementation agenda shared with your Chamber last week. It states that tax regimes can only be justified if they are effective and effective. Because, of course, a number of tax regimes have recently been assessed negatively. Before the summer 2023 you will be informed in a plan of approach. Mr Grinwis asked whether an update could be given on the implementation of the Grinwis motion. It does not say at which motion Mrs Grinwis, I must say, but I think it is about the complexity of tax regulations. During 2022, we strengthened supervision within the Ministry of Finance in the policy and implementation agenda. You've already had it. Well, I already named that. There's gonna be a plan of action. Mr Van Dijck has asked if the cabinet has a crisis approach in Groningen so that we can intervene more. Wait a minute: ""Mr Van Dijck has asked whether the cabinet or a crisis approach in Groningen is needed so that the cabinet can take more action."" I do not think that the phrase has been taken up entirely here in the haste. But the essence is: the Secretary of State for Mining discussed with your Chamber last week about Groningen, and about the progress of the damage recovery and the reinforcement operation. And you also exchanged with the Prime Minister. Mr Eppink asked whether the cabinet could make the real cost of migratory flows clear on the budget. The annual report of the Ministry of Justice and Security, Article 37, shows the expenditure incurred for admission, stay and departure from the Netherlands of foreign nationals, as well as obtaining Dutch citizenship. That's it."
ParlaMint-NL_2022-02-03-tweedekamer-12.u139,2022,2022-02,Jaspervan Dijk,Unknown,security,0,"Mr. Chairman. Mr Ceder is not only the last speaker, but also the last coalition party to speak. He was my last hope. That is why my question is whether arms supplies are really so sensible? I see three reasons why it's not good. One. It's throwing oil on the fire. Two. You yourself want a lot of unity, I would say: look at Germany. And three. There are also rules, such as the criteria for arms exports. They say no weapons to conflict zones, no weapons to countries where the region is unstable. Doesn't the Christian Union respect those rules?"
ParlaMint-NL_2019-04-23-tweedekamer-6.u11,2019,2019-04,Sandra Beckerman,Unknown,climate,3,"With this cabinet sustainability becomes a celebration for the elite, because hundreds of millions of grants go to Tesla's for the rich. It's just gonna happen. To social tenants sitting through this cabinet with a towering energy bill, the Minister says very nicely: we will stop this arrangement. 80% of the money for sustainability goes to the most wealthy Dutch. That can't be true, can it? I would like to know from the Minister whether she is prepared to invest in the low-income and middle-income people right now by setting up a master plan for isolation."
ParlaMint-NL_2022-02-23-tweedekamer-2.u229,2022,2022-02,Joris Thijssen,Unknown,energy-general,2,"Thank you, Mr. Chairman. I was visiting Victor and Hans yesterday. They both live in a rental house in Zoetermeer. Just over a year ago, they got six solar panels on their roof. They were at first a little hesitant and hesitant about it. But I was visiting them yesterday. I got a cup of coffee. Then I asked, ""What do you think?"" They said: well, actually this is very nice, because our energy bill is about €200 to €250 lower this year. If that housing association had also dealt with their house and made sure that it was well insulated, then of course the energy bill would have fallen even further and Victor and Hans would have suffered much less from these enormous energy price increases that are now there. The same goes for a cop, a teacher, a nurse who owns a store. Of course, he or she wants to isolate his or her house. But it will take just €20,000 or €25,000 to do that. And yes, they don't have that money on the shelf to do that. And then they won't be able to get those subsidies that are there for this, because you can only apply for them afterwards. I would like to make a number of proposals today to make and maintain this whole climate transition, which is, above all, a social transition as far as the Labour Party is concerned, feasible and affordable. I come now with proposals on the built environment, but I will come forward with all kinds of proposals in the coming months, including in the other areas. Firstly, the PvdA welcomes the national isolation programme which is also included in the coalition agreement. The problem is that, for example, the agent, teacher or nurse with his own house does not just have a lot of money on the shelf to make the house more sustainable. That is why the concrete proposal of the Labour Party to extend the Heat Fund, which already exists, is much further. An agent and a teacher should be able to borrow €25,000 at 0% interest so that they can participate in the insulation of the house and put those solar panels on the roof. For example, they can reduce their energy bill and contribute to climate change and to less dependence on gas. The Labour Party wants the housing corporations, like Victor and Hans, to be obliged to fill the roofs with solar panels as soon as possible to get that energy bill down and that all homes that are still very drafty and where the gas is being run through are well insulated by 2030. The Labour Party wants the third proposal that house milkers are also obliged to do so: solar panels on the roof, let the tenants participate and make sure that these rental homes are properly insulated. Now squeaks and cracks the power grid. We heard this last week in a debate. This scaling-up of solar energy is possible if the system operators are instructed to simply achieve much more storage capacity in the grid. We've heard that's possible. This brings together the energy transition, the rising gas prices, but also the necessary growth of renewable energy in the built environment. But in the very short term, of course, that will not help us at all. An agent, a nurse or teacher does not have just over €1,000 lying on the shelf to pay higher gas prices. The PvdA therefore wants the Minister and the Cabinet to fix this. The statement by Minister Kaag that no compensation will be made in the very short term is totally unacceptable as far as the Labour Party is concerned. This compensation must simply be provided, because people simply cannot do this. I'd like to get a response from the Minister. With these rising gas prices, you'd almost forget that we're here in the climate debate. That is a terribly important debate, because our beloved country is threatened by climate change. It is therefore a good thing that the goal of the coalition agreement has been raised. It is good that there is a separate minister and it is also very good that this person will play that role in the coming years; congratulations again. It is extremely important, as I have also shown in my example of Hans and Victor, that climate change is being tackled in a fair way. There is talk with the Labour Party about the 35 billion, about the fact that we need to invest it in our country, that we need to get rid of the gas and that the CO pollution goes down. But the life of that cop, that teacher, that nurse, needs to get better through climate policy. It's possible. You can isolate houses and take them off the gas, you can electric from A to B with cheaper and better ov and with electric subcars. We can generate a lot more green jobs, with a green industrial policy, than all those fossil jobs we have today. We will need a working guarantee fund, but I will make proposals on this later. It can be feasible and affordable, but the coalition must really change course. For the past four years, that has not been the policy. Then the subsidies ended up twice as much with the rich as with the people on less high incomes. Then the rich could buy an electric car, put solar panels on their roof and benefit from the subsidies, but people who didn't have access to that capital couldn't. Hence our proposal: make sure that these people can invest 0% interest in their homes and benefit from it. I am therefore looking forward to a response from this Minister. Climate policy must indeed be fair so that everyone can experience it in a feasible and affordable way. I also agree with the bright green words of my colleague from GroenLinks. It's nice that we complement each other so well. It is very important that climate policy is bright green and bright red. I think there will be more proposals for this. I would like to repeat two questions from her to the Minister, firstly the question of timing. I had the debate with the Minister of Industry yesterday. He's not gonna save May 1st. Then how are we going to know at some point whether it adds up to 60%? Secondly, there was the very important question of whether the Minister has the power to make these wonderful goals public. Thank you, Mr. Chairman."
ParlaMint-NL_2020-06-23-tweedekamer-31.u25,2020,2020-06,Evavan Esch,Unknown,energy-general,0,"Then move on to the oil spill in Rotterdam in 2018. In replying to the written consultation, the Minister states that she wishes to confine herself to the findings of the OVV. As far as we are concerned, this is not in line with her commitment of 2018. Then she said, ""The OVV is doing research. In that ongoing research I will certainly pay attention to the availability of people and materials for bird shelter. That is what I say to you today."" So the Minister can say again that he does not want to do so, as in her written reply, but as far as we are concerned, that commitment was made in 2018. So we are now tabling a motion to get that done again. [[Motion]] [[The Chamber,]] [[heard the debate,]] [[noting that during the oil spill with the Bow Jubail in 2018, many hundreds of swans were smeared in the port of Rotterdam;]] [[Considering that the rescue operation for the swans falls outside the scope of the OVV investigation, while this part is also much to be learned for a better approach to future accidents;]] [[Considering that in 2018 the Minister undertook to pay attention to the availability of people and materials for bird shelter;]] [[calls on the government, in parallel with its response to the OVV report, to inform the Chamber of the lessons learned about the rescue operation for the swans, taking into account the necessary crisis resources and the availability of caregivers,]] [[and goes to the order of the day.]] [[This motion has been proposed by Mr Van Esch. It seems to me that their submission is sufficiently supported.]] [[She's getting No. kst-31409-289]]"
ParlaMint-NL_2022-03-30-tweedekamer-13.u13,2022,2022-03,Mahir Alkaya,Unknown,energy-general,0,"Thank you, Mr President. A slightly different sound from that of the two gentlemen who spoke before me, not because I am jumping over this package, but because, if I take over the thrust of the input of the PvdA and GroenLinks, we send the cabinet back to the drawing table. And speed is also important. People are in trouble now. I do not think the package is good enough either, but I want to avoid further delays. I have three motions. On one of them, the Minister has already made some sort of commitment, but that motion will then be able to accept it later, so that we do not have to vote on it. All three motions aim to ensure that we take action quickly and, on the other hand, maintain solidarity in society. First of all. [[Motion]] [[The Chamber,]] [[heard the debate,]] [[noting that it has proved difficult to map households most in need of compensation for increased energy and fuel prices;]] [[calls on the government to examine how, in future, more rapid and targeted assistance can be given to households threatened with energy poverty, including in the middle class,]] [[and goes to the order of the day.]] [[Motion]] [[The Chamber,]] [[heard the debate,]] [[whereas rapid compensation is almost by definition unfocused and a large proportion of it reaches households that do not necessarily need this compensation;]] [[calls on the government to organise solidarity in society, for example by increasing the tax on high incomes or the tax on profits of large companies,]] [[and goes to the order of the day.]] [[This motion has been tabled by Mr Alkaya.]] [[She's getting No. kst-35925-XV-118]] [[This motion has been tabled by Mr Alkaya.]] [[She's getting No. kst-35925-XV-119]]"
ParlaMint-NL_2021-10-28-tweedekamer-11.u233,2021,2021-10,Joost Eerdmans,Unknown,energy-general,2,"I was concerned about the questions I asked about the natural gas-free neighbourhoods and the test grounds. We talked about that. The PBL says that the 1.5 million houses in 2030 will not become natural gas; this needs to be adjusted downwards. Today this has become known by the PBL's explorations. The PBL doesn't like that. We at JA21 have been saying for a long time that it is very difficult to force people to get rid of natural gas. Eventually, it's priceless. For the whole built-up area, that's a billion-dollar project. Yeah, right up to the moon! I'm trying to get steamed up, Mr. Chairman. The bottom line is: what is the Minister's view of today's reconnaissance, which says that it doesn't actually succeed at all?"
ParlaMint-NL_2021-09-28-tweedekamer-16.u230,2021,2021-09,Reinade Bruijn- Wezeman,Unknown,energy-general,0,"Motion in part No. 76: It will not surprise you that I advise against it. I have already said that I do not think it is wise to withdraw from the Energy Charter, because then we will no longer participate in the discussion and place ourselves outside the ring."
ParlaMint-NL_2019-04-03-tweedekamer-7.u46,2019,2019-04,Esther Ouwehand,Unknown,energy-general,0,"Once again, we cannot just talk about palm oil and just look for a solution in this context, but I think that the Minister's portfolio of development cooperation and its responsibility for sustainable development objectives is really inadequate if she does not want to recognise that greater system changes are needed. If we eat less meat and dairy in the rich West, a lot of land will be released. We will then be able to grow oil crops in Europe. Indeed, they ask for a little more land than those high-efficiency plantations, but we can just have that. The Minister here shields with small farmers and says that they must be the carriers of a sustainable food system, which I acknowledge but not of such monocultures in which they have to work with their children in order to earn a decent living. I think the Minister should not ignore these effects. This debate is only about palm oil, but I will certainly come back to the Minister. I think she should acknowledge that the creation of this large-scale monocultures for consumption in the rich West does not fit in with the development goals she claims to pursue as minister for OS."
ParlaMint-NL_2021-12-09-tweedekamer-4.u3,2021,2021-12,Henri Bontenbal,Unknown,energy-general,2,"Mr. Chairman. I have a motion and a question. I'll start with my motion. [[Motion]] [[The Chamber,]] [[heard the debate,]] [[noting that the implementation of RED II in the Netherlands excludes the production of green gas bio-LNG transported through the gas network;]] [[noting that the liquidification of green gas benefits from sufficient scale and the exclusion of transport via the gas network leads to unnecessary complexity and unnecessary costs;]] [[noting that the use of CNG remains possible under RED II to use the gas network for the transport of methane and subsequently to create HBEs;]] [[Whereas bio-LNG will be necessary for the sustainability of heavy transport and shipping;]] [[Whereas the use of the gas network prevents a lock-in and provides flexibility to easily supply the built environment and industry with green gas;]] [[Calls on the Government to reconsider the eligibility of green gas transported through the gas network for HBEs so that bio-LNG can be included in achieving the national renewable fuel targets,]] [[and goes to the order of the day.]] [[This motion was tabled by Mr Bontenbal and Mr Hagen.]] [[She's getting No. kst-21501-08-841]]"
ParlaMint-NL_2022-02-17-tweedekamer-11.u95,2022,2022-02,Suzanne Kröger,Unknown,minerals,0,"What's bothering me is this. With regard to the waste water injections, we have a Chamber statement saying: shut them down. The Secretary of State says, ""No, I'm gonna leave that Chamber speech beside me."" Now the Secretary of State implies that if a natural permit is issued so directly by LNV and the mining permit becomes final, the Secretary of State intends to listen to a ruling of a majority of the House, and then not to implement it. Is that what the Secretary of State says?"
ParlaMint-NL_2019-03-05-tweedekamer-29.u3,2019,2019-03,Mahir Alkaya,Unknown,energy-general,0,"Thank you, Mr. Chairman. What a crazy word market forces are. It suggests that something works without actually having to work. If the market certainly does not work, there are public interests in play that need to be protected, such as accessible care, proper postal delivery or a well-accessible country with an airport with sufficient destinations. Last week was therefore quite hopeful. We could all see that a number of parties who believed blindly in the functioning of the market for years now seemed more realistic. Ladies and gentlemen, public interests are not in safe hands with people who want to maximize profits. The fact that the market is being reduced in sectors of public interest is therefore simply sensible and I welcome it as a socialist. I therefore hope that buying a state interest in Air France-KLM is a trend break with the naive policy of previous years. If so, I'll ask the cabinet. And what does this mean, for example, for the planned privatisations? Think of De Volksbank, ABN AMRO or Eneco, the greenest energy company, which is also on sale. When I read the answers to our written questions about the secret operation of the cabinet, which only came in yesterday at 10:00 p.m., and when I put them next to the letters of the cabinet-Balkenende II, especially of the two VVD-persons of that time, Zalm and Schultz, I can only conclude that the Netherlands was naive when KLM was taken over by Air France. There has simply been gambling with the Dutch public interest. For years our interests were not in our own hands, but in the hands of the market and the French government. Only a few buttery agreements were the basis for this. Why was there no participation in the holding company at the time, in 2003, I ask the cabinet. The cabinet says in the written answers that this was simply not considered at the time. Is there nothing else known at the Ministry of Finance or at the former Ministry of Transport and Water State, today Infrastructure and Water State? Although things were bad with KLM at the time, I can't imagine that it wasn't considered at all at the time to take a share in the holding company. Therefore, I would like to ask you once again very sharply: in the run-up to the acquisition of KLM in 2003, there were no opinions or notes on whether or not to acquire shares in the holding company, and if so, what was the point of not doing it at the time? I would find it extremely strange and unlikely if this were not discussed at all in the ministries at the time. This is why I will shortly be proposing that a parliamentary inquiry be carried out into the situation surrounding the takeover of KLM in 2003. This must be prevented, at all costs, in the future. What is even more clear from the documents is that it was in fact the agreement to reduce the shareholder interest together with France. But if the French state is the only culprit, I ask the cabinet. Does the cabinet really think that the public interest of the Netherlands is safe with other shareholders, for example with state-owned companies such as China Eastern Airlines, which is already a major shareholder in the holding company? Or are other foreign shareholders or investors going to work hard for the Netherlands and the thousands of people working at Schiphol? Of course they won't. What difference does it make if the public interest of the Netherlands is threatened by a foreign government or by shareholders, by the market? Can we assume that this cabinet will always protect our public interests, regardless of who is threatening them, governments or market parties? Whether or not the government should intervene in the market is governed by the so-called Note Participation Policy. It dates back to 2013. In its written replies, the Cabinet states that it sees no reason to change this 2013 note following the purchase of Air France-KLM shares. A screening is only planned in 2020. That's way too late. I started by saying that thinking about the market, about what the market can and above all not, seems to be changing. Fortunately, the cabinet must learn from the mistakes that have been made in the past. A new and more realistic view of the skills and incompetence of the market must translate into new policies. For example, the 2013 Note Participation Policy states that making returns is a criterion for entering or not entering a business. But at Air France-KLM, that wasn't the trade-off, was it? It was all about the public interest and commitment in the company, wasn't it? That old policy isn't enough now, is it? I therefore believe that it is appropriate to review this policy as soon as possible and not to wait until 2020. Is the cabinet prepared to do so? Finally, the exceptional way in which this Chamber was informed of the nearly 750 million spent. Mr President, you know better than I do: budget law lies with the States General. We have the right to assess state expenditure and then, if necessary, approve or reject it. Did the Chamber have the opportunity to reject this purchase in advance? I'm really wondering. The De Wit Committee was clear: the Chamber should be able to control these types of acute purchases in advance and afterwards. It is possible to choose the route of confidential information. This is, of course, quite understandable in this case, and this is also apparent from the written answers. But what if a majority of Members of Parliament had not agreed to the purchase of shares at the time? Could we then debate it beforehand? I doubt it. Members of parliament even had to sign a confidentiality agreement to get the information at all. What if MPs hadn't signed the statement? Could they have done their constitutional task at all? I wonder, Mr. Chairman. The way in which this process has been conducted is more like informing the Chamber, while this is really about the budget right of the Chamber. And although I understand specifically this purchase of the cabinet, I do not know whether I can support this method of working, this way of informing the Chamber. In any case, this should not lead to a precedent for the future; we must discuss this further in the Committee on the Rules of Procedure and then draw our conclusions. Thank you, Mr. Chairman."
ParlaMint-NL_2019-12-03-eerstekamer-9.u373,2019,2019-12,Eric Wiebes,Unknown,energy-general,0,"Mr. Chairman. I'll start with the questions that have been asked. Then I'll come to the motions. I'll start with Mrs Teunissen. I note that it is not easy for me to satisfy Mrs Teunissen. In earlier deadlines, it was deeply concerned about deforestation and concerns about under-planting. In this contribution, she is concerned that forest planting is affecting biodiversity. It must remain as much forest for Mrs Teunissen, with military precision: it must not be less, but it must not be less. In its direction, I can only point out that this proposal concerns the phasing out of coal for electricity generation. I hope that at least I have her sympathy on that point. It's not about other things right now. I will give some thought to how this military standstill of forest areas in the world will then take shape. But we are going to talk about this in the halls. I have also listened to Mrs Faber and Mr Otten. Mr Pijlman asked me once again to go into this coordination. In all honesty, I cannot add much more to that than we are very seriously engaged in that pentalateral context. These TSOs really do their job and the Netherlands and Germany are closely aligned, in all areas, not only on the electricity networks, but also explicitly on hydrogen and also on the CCS infrastructure. It's all about these things. Could it be sooner? That is actually what Mr Vendrik also asked and Mr Pijlman is asking for it now. Yeah, it could be. If ETS is really going to do its job, then of course it will be over at some point. Then there is no such thing as a leak. So it would help enormously, in all kinds of ways. I have heard his call for vigilance on biomass very well. He also asks what we're gonna do with Urgenda. The section on Hemweg contained in this proposal for 2020 is, of course, explicitly aimed at this. There has been no other purpose in bringing it forward than Urgenda. There are many other things to do. I believe that Mr Vendrik asked for it even more precisely. I shall deal with this later. But Hemweg plays a role in relation to this bill. The fact that we would not be involved in thorium at all is not true, because there is state subsidy to NRG, also for nuclear research, indirectly via the lump sum of OCW for TU Delft, which works on the fourth generation nuclear. The Reactor Institute Delft is the coordinator of a European project in this field. So we do all kinds of things about that. A lot of countries do. Of course, we hope for a breakthrough there too. Mr Pijlman also pointed out that the SDE++ had not yet been designed on hydrogen. Now the question is whether hydrogen saves an sich as a medium CO. That is not the case in the immediate sense. It's an energy carrier. A power cable also does not save CO. But even if that had been the case, we still have to deal with a very uneven race, because the whole learning curve is still going on with hydrogen. It is therefore a very uneven competition to allow it to compete with developed techniques on the basis of cost-effectiveness. This is still relatively in its infancy, so that would not be a fair match. It is therefore important that we arrange for hydrogen in a different way. We do this through, among other things, the DEI, the demonstration scheme. That's 40 million a year and it grows to 60 million. That's gonna make half a billion in ten years anyway. There are also research programmes. But we are also working hard on all kinds of conditions, certification, standardisation, safety and a vision of market organisation, because how should we deal with this medium? In all these ways, we're dealing with hydrogen. We now have hundreds of companies in sight that are also planning to do something with hydrogen. In the north I have also spoken a few myself, but also in other parts of the country I will report soon. Something is happening in all kinds of areas. It is now important to select a few really concrete projects as well. On the working arrangements Hemweg I will come back at a later moment. Mr Vendrik asked the most comprehensive question about Urgenda, so I am now answering it most comprehensively. That's what I attribute to his question. We agreed on a package in June. That includes the Hemweg. According to the experts, there was an estimated 3 megaton effect on top of the Hemweg. We decided on a further gear package in November. Then there was another nitrogen package with a speed measure in it. This also soon adds up to CO savings. But we're not done yet. It's clear there's a verdict. I'm committed to that. I have to do everything I can to get it. The perspective is that further nitrogen measures are also needed. They go hand in hand with greenhouse gases to a great extent, because when we talk about ammonia on the nitrogen side, a lot of ammonia measures are synchronised with methane measures. That's a greenhouse gas. NO measures on the nitrogen side often run in parallel with CO reduction. So we have two issues in common, but one set of rules might work for both. So we're just gonna keep going. I never radiated that I felt the verdict served with the middle value. I never said that. I know what I have left to go. I don't suppose I'm gonna stop at midterm either. I know there's still work to be done. I know that a lot is still happening and that all kinds of things will have to roll out of the band step by step. I'm aware of that. I know I'm not ready. I have just said a few words about the North Sea Agreement. Whether Mr Vendrik calls it a growth agenda or a transition agenda, I leave it to him. I think his party wants it to be a transition agenda, but as an economist I can also appeal to sensible growth. I hear him say ""wide prosperity."" Let me put it this way: if broad prosperity is the best approach to happiness, then it counts, but also our earning ability. In the end, we will also have to be able to pay our pensions and the AOW. Care is getting more and more expensive. The ageing population is on the rise. We have to pay for all this. That should go hand in hand. That hydrogen or specifically the transition should be prominent in the investment fund, let me put it in the middle, because I do so together with my colleague in the finance department. So what we're thinking about will be announcements. I have already stated that it will be prominent in InvestNL's portfolio. I've already reported that in this Chamber. Are the corresponding CO rights withdrawn from the market? Yeah, but not by the Netherlands, because that's what the Market Stability Reserve is for. That mechanism consumes the excess rights itself. So we don't have to buy them anymore. This is a fantastic reform, which has been pushed by the Netherlands to a large extent. Sharon Dijksma deserves all praise for this masterful reform from 2016. More reforms are needed, but this was a very good move from her. I listened carefully to Mr Van Kesteren with his final legal questions. I have not been able to convince Mrs Gerkens in the field of biomass, I hear. But on one point, I do not think she does justice to my argument. I'd like to mention that. I'm aware that I didn't convince her. That is entirely up to me, because it was my intention to convince her as well. But I find the term ""wave the doubts away"" too thin. I've submitted a serious argument. I didn't rob anything away. She refers to twigs and leaves, but I never mentioned twigs and leaves. I mentioned the residual streams. Let me put it this way. My attempt was more serious than she suggests. I can tell I didn't convince her, but that's something else. How many petajoules do the coal plants give? Only three of them will be left by 2030. I have studied the hypothetical case that in one way or another all three would run with a reasonable number of hours of rotation, say 6,000 or 7,000. That would amount to 80 petajoules. That's it. It doesn't even matter so much on which fuel that is, because the capacity shouldn't be that different."
ParlaMint-NL_2021-11-23-tweedekamer-18.u95,2021,2021-11,Wybrenvan Haga,Unknown,security,0,"Mr Amhaouch speaks, so this is a perfect opportunity to interrupt my old friend again. You are talking about the need for international trust. We are of course a very small country, although with the sixteenth economy of the world. But I wonder: should we not, given what has been happening recently, also restore internal confidence a little bit? Shell and Unilever are all leaving. Foreign trade becomes a foreign walk. The location climate is under pressure. That is also part of foreign trade. The competitive position is incredibly affected. We are very busy with climate and all kinds of fun things. The charges are going up. We have also talked about China in the past. We have hardly been able to do anything about China falling over us. SMEs are deeply affected by this. Do you agree with me that we should also do something internally, instead of having a wonderful story here about all kinds of foreign things that we hardly have any influence on?"
ParlaMint-NL_2022-07-05-tweedekamer-37.u48,2022,2022-07,Jesse Klaver,Unknown,energy-general,0,"Don't bluff. Don't. I think that's very unwise. We have a history with that. You're bluffing about that the CPB would say you shouldn't take any extra action right now. That's bullshit. The CPB says that the consequences that exist today are not only due to rising energy prices, but also to structural wrong policies. It says that something needs to be done structuralally to help people with the lowest incomes and middle incomes. That is something other than that it would say that we should not intervene now. You simply repeat your answers, which you also give to colleagues all the time. They're just the same answers. I asked you a very specific question. I'm gonna stand here until I get an answer to that question. What proposals did the cabinet itself come up with? You have only responded to our proposals and said what cannot be done. What else did you come up with?"
ParlaMint-NL_2022-05-18-tweedekamer-3.u64,2022,2022-05,Maarten Goudzwaard,Unknown,energy-general,3,"I would like to comment on it, because in the Provincial States you often see a lot of residents coming to us. They say: you will then be included in the framework of the energy transition and the climate agenda, and there you will also be very much concerned about taking part in the plans for windmills, but at the end of the story they will just be in your backyard. A new example of this cabinet is the heat pumps that will be placed in 2026. So it's only compulsion that hits the drum. So I do not really see what is democratic about it, and I do not understand why you have no confidence in the current functional management and that you want to throw it overboard."
ParlaMint-NL_2021-05-20-tweedekamer-7.u49,2021,2021-05,Stientjevan Veldhoven,Unknown,energy-general,0,"We in the Netherlands have said that growth, as proposed in the Climate Agreement, must come from advanced biofuels and not from food crops. That's the deal we made. This is not going to attract additional palm oil, which Mr Madlener is talking about, because the growth comes from advanced biofuels, that is, from waste and waste streams. That's where we want to get the growth out of in the Netherlands."
ParlaMint-NL_2019-09-26-tweedekamer-6.u104,2019,2019-09,Jessicavan Eijs,Unknown,energy-general,0,"I don't think it's ever nice when people start paying more taxes, but in the end, the question is what do you do about it as a government. One billion is now being released to build additional homes. It could have been chosen not to. It has been chosen to charge up to 1 billion less in landlord tax so that there is more space to build homes. Mr. Chairman. I was talking about various measures to share the scarcity fairly. Households with higher incomes are going to pay more. So the skewer doesn't have to be evicted from his home and can just stay there, but is asked to make a larger contribution so that the burden of others can remain lower again. Expensive houses in the neighborhood are no longer an obstacle to affordable rent. The WZ value still counts for a maximum of 33%. It is also important to give start-ups a fair chance against investors. That's why we got a letter from Secretary of State Menno Snel about the treatment in box 3. I will not go into too much detail because it is fiscally complicated. The investigation of lower borrowing capacity for buy-to-let homes and the investigation of lower transfer tax for start-ups will also contribute to that fair opportunity vis-à-vis investors. The Minister indicated that he would be able to inform us about this in October. Can the Minister state what progress has been made on the development of these measures? I think this is all very nice measures, and I welcome them, but I have also spent the last few months trying to create an emergency button to counter disproportionately high rents. Unfortunately, the scarcity of housing remains for a while, but meanwhile, bad landlords are struggling with usury rents and asshole behavior. I understand that this matter is complex, but I was wondering if the Minister could tell us what is going on with the development of this emergency button? And shouldn't we also look at the maximisation of rent increases, so that the effect isn't destroyed after a year? Another button we can turn on is the energy load. Less gas fired, less money tapped. A real no-regret measure is to isolate, but to tenants with only glass and without good insulation the website of the Empire says: turn the stove up a bit. Most subsidies are for property owners or landlords, while building wall insulation is already earned after three years and there are also opportunities for tenants locally, in Amsterdam and Leiden, for example. Why is there no national subsidy for tenants who do not want to wait for their landlord with sustainability measures? The Climate Agreement agreed that the taxation of gas should be increased and that it should be reduced on electricity. All new buildings become gasless and more gaps go off the gas. This is how we achieve the key climate targets by 2030. It was also agreed in the Climate Agreement that the right of initiative for tenants to get rid of the gas would be increased. However, tenants are still dependent on investments made by the landlord or corporation. How can tenants enforce sustainability of their property with their landlords and how can we ensure that sustainability for tenants will be cost-neutral or even advantageous? Because then we'll get everyone involved in making our homes more sustainable."
ParlaMint-NL_2020-11-04-tweedekamer-6.u5,2020,2020-11,Eppo Bruins,Unknown,economic,0,"Mr. Chairman. When Mrs Mulder reported this morning that it was a thank-you day, I saw from the minister's body language that he had no idea what that was about. Thank you, yes. In the Netherlands there has been a habit of praying and thanking for a good harvest since the Middle Ages. Prayer day in spring, thank you in autumn. And as industrialization increased, the thank-you day for crop became a thank-you day for crop and labor. So let me just start today by thanking all those entrepreneurs who are fighting for the preservation of jobs and for the survival of their business. They form the backbone of the Dutch economy. But I also look with gratitude at a robust government that has built buffers and can now create a temporary safety net to take the worst hits. Mr. Chairman. For the Christian Union, the company is a community of values, where people work together for a common goal. We shape this community of values by how employer and employee interact and how they take responsibility for the impact of the company on the environment, the natural environment and society, here and far away. The company as a community of values is the foundation for an economy in which relationships between people are central and in which we behave as good stewards for creation. An economy that we want to pass on to our children and grandchildren, one that offers room for economic growth, but also peace and attention to what really matters. In that we take some nice steps. The cabinet has taken over my proposal for the social enterprise, the bvm. As far as the Christian Union is concerned, the bvm is the banner for that economy of the future. The company with a social mission will increasingly become the standard and ever less the exception. In addition, we see the choices for imvo and for Rhineland-Palatinate conditions in case of state aid to individual companies that this cabinet formulated at the beginning of May. We see the adopted motion on the national company guarantee that can further shape these ideas and we see plenty of attention for family businesses, including from the political point of view. Family businesses are the example of the company as a community of values with by definition a long-term focus. That is the Netherlands, that is enterprise and we want to cherish these companies. At the start of the corona crisis, we saw a number of companies changing quickly, but it was unheard of that we had to get the most vital products with an air bridge from Asia, with weeks of delay and only after political pressure. We need a manoeuvrable, innovative manufacturing industry that makes and exports smart products. The economic basis is also our manufacturing industry in the 21st century. The Netherlands must learn technologically and in terms of production to stop its own pants together with its neighbors. I would like to hear from the cabinet about the implementation of the Heerma/Segers motion on strategic dependencies of vital sectors. But you can never predict exactly what you need in the future, so don't suddenly build a mouth cap factory. We need a versatile and agile manufacturing industry, with smart, practically trained technicians. Technicians are literally vital. That's why I'm going to focus on the three m's, people, means and measures. People first. Even with today's unemployment, there are major shortages in the manufacturing industry. We lack tens of thousands of practically trained professionals, while at the same time many recently graduates do not know how to get a job. Vocational education in science and technology must be made more accessible, including in study costs. We need to invest heavily in technical VMBO, MBO and HBO training. Until universities, we must make these studies attractive where employers are raving at the gates when there is a graduation ceremony. Does the cabinet feel this urgency with me and does the cabinet share my view that we should dare again to steer the influx into education? There should be a brake on training which has a lean labour market perspective, especially in times of crisis when many people need to be retrained. How is the cabinet going to steer this so that we can train the professionals of the future? That is an EZ question for me and not just an OCW question. The second m stands for means. Investing in innovation pays off. That is why it is a good thing that the Growth Fund is going to be there. What does everything I have said in this regard about long-term focus, agile manufacturing industry and training professionals for the Growth Fund mean that we have to take this green and circular future into our hands? How are we going to ensure that the whole country benefits from the Growth Fund, knowing that this innovative manufacturing industry is also located in Twente, in the Achterhoek, around Brainport, near Chemelot, in Southeast Drenthe? How does the Growth Fund strengthen our earning capacity across the country? And how's it gonna relieve the Randstad? Mr. Chairman. The cabinet supports R&D with the Wbso scheme. Very well, but isn't it also time to look at an extended first disc or a new second disc, to stimulate companies to do more about innovation and not just make it cheaper? Very well that the Secretary of State supports sustainable shipbuilding on a multiannual basis, but is the maritime industry also covered by the European recovery fund? After all, we now see that other countries are also supporting their maritime industry. Does the cabinet guard the European level playing field in this very international sector with severe competition? When is the government going to buy something really innovative? The number of SBR projects is still very low. It seems that purchasing departments of governments never think about buying innovation-oriented products, while it allows you to support the Dutch manufacturing industry and SMEs in a very targeted way. Can the Secretary of State ensure that the number of SBR projects increases across the whole range of government, right now, in crisis time? Mr. Chairman. The third m stands for measuring. The calibration of measuring instruments is of great importance for the Dutch manufacturing industry. For years I have been concerned about the availability of measurement standards and the continued existence of high-quality calibration facilities in the Netherlands. The staff turnover at our national measurement institute VSL is high and the corona crisis has made the financial situation more serious than ever before. I still believe that it was a wrong choice by the previous cabinet to reject this institution and put it completely on the market. The need to make a financial contribution now shows that. The basic infrastructure of metrology is vital infrastructure which should be in public hands. But now that it is as it is, the government must at least have control over the services offered by the institute and the unique measurement standards associated with it. I note that the Secretary of State is aware of this, and with her letter to this effect she is taking a number of important steps. However, the various tasks, roles and responsibilities of the Ministry, the Institute and the Board of Experts are still simply too unclear. As the government's concerned controller, I just want to make sure that all the services that are crucial for the Dutch high-tech manufacturing industry are continued, crisis time or no crisis time. I'd like a response. Mr. Chairman. Then there's the climate. We see that the Netherlands is becoming greener and cleaner, but we need to take additional steps in our care for creation. The Christian Union believes it is important that we build a climate-neutral economy and society together with citizens, cooperatives and entrepreneurs. The KEV shows that it needs a strong tooth in the coming years, with the major challenges of heat production and doubling energy savings. A national isolation program as advocated in the Segers/Klaver motion that helps people to make their homes more sustainable is more urgent than ever. It is therefore a good thing that all sectors of the economy take their responsibility quickly and that there will be a strong CO levy for too many greenhouse gases emitted by industry. But the Council of State is critical. I know the Minister of EZK as a rasoptimist, but more measures are really needed here. In November there will be proposals from a study group. Do I find the Minister at my side when I ask him to look with me at these proposals with an open mind to see what we can quickly pick up so that we do not move on to another cabinet period? Mr. Chairman. There is also a regional and local energy transition, but what I miss is a clear message from the Empire. When the Minister of EZK once again prices a nuclear power station or when the Minister of BZK thinks that all wind on land is going to fall into the sea, municipalities find it a bit more difficult to create support for the local transition. Because why a windmill in my garden, if Mr. Wiebes is going to build a nuclear power plant anyway? Is the Ministry willing to support the municipalities in the local transition in word and deed? And is the Minister prepared to adapt the national rules on local property and citizen participation in such a way that bumps are removed so that this can really get going? Mr. Chairman. The Christian Union and the CDA advocate that most of the Just Transition Fund be used to boost the hydrogen economy in Northern Netherlands. What is the situation with regard to the implementation of the motion for a resolution on this matter? What means and instruments does the Minister provide to enable the scaling-up of the hydrogen economy and thus achieve the objectives set out in the Climate Agreement? I'm closing up. I started with the explanation about thank-you day for crop and labor. And yes, there's a lot to be thankful for, even in crisis time. But gratitude is never complacency. Ora et labora, pray and work. We need to get our hands on a delta plan manufacturing industry, for training professionals, for building a fully circular economy, for innovating and creating the necessary transitions so that we build the 21st century economy, the economy of our children. And maybe we should adjust that age-old habit of a thank-you day for crop and labor to this time of year. A thank-you day for crop, labor and innovation and then the Minister and Secretary of State, knowing them, will probably join us. Thank you."
ParlaMint-NL_2019-06-04-tweedekamer-21.u115,2019,2019-06,Mark Rutte,Unknown,energy-general,0,"Can I try to be very sharp? There are two aspects in my head that I completely separate. If that does not work for Mr Wassenberg, he must say so in his response. On one side of the wall is the gas extraction. We need to get it back as soon as possible, not to 12, but to zero. There are no financial considerations not to go back to zero faster than can be. The only consideration is that you have to avoid that by doing it too fast, well, I'm not going to repeat what I just said in cold winters a problem with security of supply comes. I seem to have just turned Groningen and Limburg against each other; Mr Kops just pointed that out to me. I didn't mean to, but I tried to use that example to point out that there would be nationwide risk. Okay, that's one piece. There is no other consideration. There's no ulterior motive not to go back to zero. There's no financial motive; I'm underlining it here again, with capital letters. Do we agree?"
ParlaMint-NL_2019-07-03-tweedekamer-14.u55,2019,2019-07,Eppo Bruins,Unknown,economic,0,"Mr. Chairman. During the debate on the Autumn note, I was also here and I was interrupted by my highly valued colleagues from the PvdA and GroenLinks, in particular about the energy bill. I have to say, that was right. At that time, I could not say much more than that in the framework of the Climate Agreement our commitment was to reverse the unfortunate reduction of the discount and preferably more than that. I am really pleased today that we can now have the debate on the Spring Note with and definitely more discount on the energy bill and a shift in the storage of renewable energy towards companies and a heat fund from which home owners can also invest without savings in making their home more sustainable. I hope that my esteemed colleagues will now appreciate these wonderful developments together with me. It is good to reflect together on ""June month of agreements"" and to look forward to what is needed. Mr. Chairman. There's a lot of beauty in the spring note. Large amounts, but big things are also done with small amounts. Take the approach of anti-Semitism in our country, the approach of jihadism, of drug dumping, the extra money for getting out of prostitution, 41 million extra for science and technology education, and of course the 40 million for the lock at Kornwerderzand. Mr. Chairman. After years of scarcity, the coalition agreement finally offered a new perspective for municipalities. They would greatly improve so that they could properly carry out their extensive tasks. The previous cabinet had intervened hard and now it would be different. The practice, however, has proved to be unwieldy. Mr Nijboer pointed that out. Since 2015 with the Wmo and youth care a number of open-ended schemes have been thrown over the fence and they are almost without exception lacking. It is a good thing that this cabinet came up with large sums of money in the Spring paper. At the same time, we know that for many municipalities these amounts solve barely half of the problem, while for other municipalities this is different. This step-on-step afsystematiek, which in the coalition agreement seemed so good for the municipalities, is in practice a turnoff for them at the moment. Mr Nijboer also pointed out this. What is the Minister's view of this problem? What can he offer congregations and the Chamber? In the run-up to the August decision-making process, is the cabinet prepared to take a round along the municipalities in order to get up to speed on their budget preparation? Mr. Chairman. Two weeks ago, the Commission's regulation of work came up with its first pen fruit title in what kind of country do we want to live in? This question is one of the most pressing questions of our time, because the labour market is making it more flexible. It is not the case that we stand by and look at it purely. I am thinking of the Labour Market Act in balance, compulsory disability insurance and minimum rates forzzp'ers. But it's gonna take more, and fast. For one in five workers work in temporary employment and one in eight workers work inzzp'er. It takes about ten more years, and only half of the workers have a fixed contract. And that is not a natural phenomenon, but the result of too large differences between these groups. It is a gap, creating an unprecedented flexibilisation almost unnoticed. Young people are the main victims of this. It is precisely the Minister of Finance who should be concerned about this. Why? Well, this minister ""threatens"" to become the prime minister with purely budgetary surpluses due to years of economic growth and prudent fiscal policies. And while the cabinet is investing again in crucial public tasks that have been over-involved in the years to come, we find daily that it is not easy to bring the service back to an acceptable level. Whether it's the Tax Administration, the Food and War Authority, the UWV: the financial attacks have taken their toll and you don't just make up for that in one cabinet period. This alone is a reason why, in the next recession, automatic stabilisers should do their job so that public interests, good service and so on are not compromised. But one of the questions that comes out behind the Borstlap committee is whether the automatic stabilisers will be stable enough in future in times of recession. Will they still be stable enough? And has not continued flexibilisation in the labour market triggered a process whereby, in the next recession, massively flexible workers will be dumped, or forced to work at lower wages, andzzp'ers will be allowed to bite? Does this minister have sufficient control over the impact of this flexibilisation trend on public finances? Because the figures for economy and society have been wonderful on the outside for a number of years since we crawled out of the deep valley after the crisis, but let's not forget that we skated on thin ice all this time. Let us therefore work after the pension agreement and the Climate Agreement to close one of the biggest gaps of our time, a real social issue, with a labour market agreement. For although work is not everything, work is valuable and contributes to meaning and dignity for many. Thank you."
ParlaMint-NL_2020-11-03-eerstekamer-3.u270,2020,2020-11,Marjolein Faber-vande Klashorst,Unknown,security,0,"As the political elite is gaining more and more power, more and more power is being taken away from the people. The huge tax burden and regulatory burden are increasing the pressure on SMEs. Our farmers and fishermen are also gradually being devastated by increasingly suffocating rules. As a citizen, you'll only have a job with the government or a multinational that will set up your life together: what you eat, how much energy you use, how many miles you can drive, or you can still fly and what you can think. And those tricky populists you take to court, demonize and shut you out. Their supporters are blackmailing you financially by threatening to take their jobs. How much longer are we gonna take this? Why are we being led to this European slaughter? Why are we being robbed of our freedom? It is high time we got out of that madly runaway European train before it derails even further, and we escaped through the emergency exit. There is no other way out of taking back our sovereignty and setting up our own lives. We shouldn't be afraid. Fear is a bad counselor. We must take back our country and our freedom. The only exit is a nexit. That's it, Mr. Chairman."
ParlaMint-NL_2022-01-18-tweedekamer-9.u328,2022,2022-01,Gert- Jan Segers,Unknown,energy-general,0,"I think we need to find another time to talk about Saint Anthony. Then as a Catholic from South Limburg you should explain what role he plays in your life. We're gonna talk at another time. Madam President. If we are thinking about parts of the Netherlands that have been abandoned, then there is one province that I would like to mention in particular. That's Groningen. Yesterday afternoon I had a digital meeting with members of our party and representatives, mainly from Groningen and partly from Friesland and Drenthe. What has remained with me are not so much the very concrete complaints, but above all the despair and the deep disappointment that there was: do they see us? It took a torch ride to make it clear again: ""Look at us. Listen to us."" I find that painful. I find it painful to see that in my own party, to see that people doubt whether we see them. But I also find it painful to see where that extra gas extraction came from. Was there really no alternative? It is so contrary to the decision of the previous cabinet. I also find it complicated what the Prime Minister said, namely that there could also be a risk with security. Is that right? That's impossible, isn't it? If we have a balance between gas extraction and safety, doesn't safety always have to have the primacy? Can he explain that again? It is good that the cabinet has raised the budget for the subsidy scheme for the Groningen houses, but it was painful and embarrassing to see how people had to line up. They've experienced it as humiliating. It was painful that there had to be a fuss before that arrangement was completed. The bottleneck was inadequate. Think also of the timing of decisions. Just before Christmas, there was the decision to move the child's heart centre. And then there was Minister Blok, who announced on the last day of his term that this gas extraction is going up. Make a fresh start here, too. I am pleased that there is a special ruler for Groningen and for what is called ""Mining."" Secretary of State Vijlbrief went to Groningen and had good talks there. I'm happy about that. But how can the recovery and strengthening operation be accelerated and improved? That's the question. Wouldn't it be a good thing if the executive also physically kept office for part of the week, or parts of the year? For example, I know that the town hall in Slochteren is empty, so that could be a beautiful place. Madam President. It is significant that confidence is the smallest and distrust is the greatest at the edges of our country. That is why I am pleased that, for example, there is a perspective on the Lely line, that there is a physical link between regions. That is why I am pleased that regional deals remain possible, that they will be closed again. It is crucial that the government invests in that region and, together with local authorities, is shoulder to shoulder with that perspective. But make it clear that this cabinet is there for the whole of the Netherlands, not only for the Randstad, not only for the cities, but for everyone. That's my passionate appeal to the cabinet. It is not just a cabinet of and for satisfied people, but for every human being. A cabinet where every person counts. In the study of Cuperus and De Voogd it becomes clear that in addition to the places of mistrust there is also a strip of confidence. Colleague Heerma pointed out the same thing. From Zeeland via parts of Zuid-Holland, Utrecht, the Veluwe, to other parts of Gelderland and Overijssel. Indeed, there is another word for it, namely: the Biblet. That's not a strip where people are just rich. It is not a region with only believers. But it is a strip where many people have not forgotten to see each other, where people trust each other, where there is noaberdom. That is why it is so crucial that that government can be trusted and that that government also trusts its citizens. It is crucial that there are once again counters with serving officials, officials who listen, who take someone by hand and seek until the problem is resolved, and that there are servants. That is why it is so important that what has often been made subordinate and often not interesting is now a priority of the cabinet, namely: implementation. The point is that the basis is restored and there is room for human measure in legislation, that an exception can be made if it is simply not just, if it is not true. There must be a basis on which trust can flourish. That is why a good income is needed. You need to be able to live and work. The point is, there's more certainty. There must be room for that society. I told you before: freedom of education is not the toy of confessional parties, but is what the Netherlands is, namely space for difference, space for parents to start their own school. A society without religious stress. A government that is a partner of society. That is why I am pleased that we are continuing social service, the place where young people learn to do something for another and where they are encouraged to see each other. That is why it is a good thing that large law firms also take their share when it comes to social law, that that is not just a hobby of a number of passionate lawyers, but a responsibility of everyone. That is why we in the Christian Union Group also take the pandemic, the virus, as seriously as the social and mental damage in our society in the corona crisis. That is why we as a group are critical of 2G, because it drives people apart and we see much more in measures that require something from all of us, such as testing more often and in more places. Today, an investigation came out that also underlines this. At least what is at odds with working on trust is driving polarization. Those are politicians who talk about the democratically elected government as a totalitarian regime, who talk about the institutions of our rule of law, a fake parliament and fake judges, who talk about the free press baths. Polarisation leads to hatred, to threats, to extra security, to politicians who go from misery to something else, to an unliving society. That is why I would like to ask the cabinet and also propose to do more research into this polarization in the Netherlands, about its costs, but above all about what can be done against it. For example, social media platforms have a responsibility but they do not take it sufficiently. I am very concerned about that. In that strip of confidence also resonates a story Jesus once told. He has a kind of visual story in which there is a king who has before him righteous and unjust. He then speaks to the righteous and says, ""You are righteous."" When I was thirsty, you gave me a drink. When I was naked, you gave me clothes. When I was in prison, you visited me when I was sick, you visited me, and when I was a stranger, you took me in. But the righteous ask: when then? They had no idea they had done that for the king. Then the king says: you have done so for the slightest of brothers and sisters and therefore for me. This resonates in a bench of Major Bosshardt where a picture of her stands in front of her old house in Amsterdam, in which her image is written in large letters: serving God is serving people, serving people is serving God. I started with St. Anthony. I have now arrived at the Salvation Army via the Biblebelt. I've had the entire ecclesiastical map of the Netherlands by now. But that is not only reserved for Christians. Of course not. This is the beating heart of the Netherlands. Take care of each other, look after each other. If we do that, we can have faith in the future. Thank you."
ParlaMint-NL_2019-06-04-tweedekamer-6.u2,2019,2019-06,Khadija Arib,Unknown,energy-general,0,"Dear Mrs. Bruins Slot, dear Hanke, When you were a kid, you had two dreams. Your father was mayor and at the kitchen table it was often about politics, but you had other plans. You wanted to go to law school, and you wanted to be an officer in the army. Both dreams have come true. You became a lawyer and later commander of the Houwitsers. You were sent to Uruzgan in Afghanistan. That made a lot of impression on you, and it was also indirectly the reason to run for Parliament in 2010. During your broadcast, you saw what could go wrong in a country where a government is absent and lacks trust in society. Once again, it made you aware of the importance of a good and reliable government. As a fresh MP, you went back to Afghanistan in 2010. The dusty roads to Chora were replaced by asphalt; in Tarin Kowt light burned everywhere. You saw economic growth, opportunities for a better future for the Afghans. You just mentioned a few lessons from your military career that you were able to apply here in the Lower House. An important resemblance: it's both human work. You have to keep asking questions to the people around you and in the country. Eventually, the best ideas come from below. And you don't do it for yourself, you do it for others. On top of your very first girl dreams, other dreams came true. In 2005 you became Dutch champion hall hockey. You said about this during one morning fishing with General Dagblad journalist Jan Hoedeman: ""The main task as goalkeeper is to make sure that the ball doesn't come to you."" Johan Cruijff couldn't have said it better. But just like with him you later think: there is still a core of truth in it. As a member of parliament, you gave others room to play the game. You didn't come to the fore. But when it came down to it, you were there. One of the pillars of the CDA, you've been mentioned in a newspaper article in the last few days. One of your greatest qualities is that you can ask difficult questions. It seems very common for MPs, but it is not always. We saw it when you were a member of the temporary committee on ICT projects in the government, but also when you spoke about defence, sports or medical-ethical issues. You managed to maneuver your opponents in hypothermia in difficult situations, with calmness and patience. You didn't grow up, but you didn't let them put you away either. Like that one infamous time in the debate with Mr Thierry Baudet. He said, ""I quote, ""that he thought it was cute that you were so naive in life. You reacted directly and sharply, and of course let him know that you served in Uruzgan when he was still in college. Dear Hanke, I hope and think you will look back at a period when you have achieved great results with your own ""team CDA"" and other colleagues. Your aim was to get systems back to the people. You were often concerned with very practical and tangible solutions. You used local examples to make things concrete in The Hague, like when you mentioned the example of sports associations in Utrecht, because there you heard that the energy bills were very high. That's actually how you got something done and mean a lot to your city and to your region. You are now going to strengthen that role as a deputy in the province of Utrecht. There is a new chapter, a new dream. I wish you every happiness and good luck. Thank you very much."
ParlaMint-NL_2020-11-04-tweedekamer-3.u155,2020,2020-11,William Moorlag,Unknown,energy-general,0,"I'm not going along with that reasoning. Noord-Nederland, Groningen, is not considered targetted area for nothing. Choosing half plus one means that 49.99% goes to other parts of the country. Is that fair if you look at what has happened in the past with gas benefits and the Economic Structure Fund? 1% of the natural gas benefits from the FES have ended up in the north of the Netherlands, 88% have ended up in the Randstad and the remaining funds have ended up in the other regions. Surely it is only fair that this money should be concentrated in the North of the Netherlands?"
ParlaMint-NL_2021-11-17-tweedekamer-19.u224,2021,2021-11,Frank Wassenberg,Unknown,economic,0,"Yeah, we have a date. Who could have guessed? That kind of unexpected thing just happens with the OCW budget. Mr. Chairman. I had just mentioned KLM, which invades schools with running competitions to fill them with advertising. Shell, which was forced by the judge to reduce CO emissions this year, is trying with technical festivals and children's councils to glue the youth, while it is busy trying to kill the earth. My party is asking the Minister to better protect children from that. A greater role for the education inspection, for example, would be obvious. We are also curious whether the government is ready to work on stricter measures in advance of the next evaluation of the sponsor agreement, so that they can be implemented immediately if influence does not stop. What possibilities does the Minister see for converting this sponsor agreement, which does not work, into legislation that does work? I'd like a response. Mr. Chairman. Finally, I have some questions about the BPRC. I think the minister was expecting it. In 2016, the Chamber unanimously voted in favour of the final phase-out of trials on non-human primates. The plan drawn up by the BPRC itself is about 40% reduction, to 150 tests per year in 2025. The zero that the Chamber asked for is far from in sight, but that is really what the motion asked for. Can the Minister reflect on that? I'd like a response. The BPRC itself reports that it reports annually progress in monkey trials to the Ministry of OCW. Is that what's happening? And if so, how many tests on monkeys were carried out in 2020? Finally. Of the 13.5 million euros in the entire national budget going towards animal-free innovation, 2.3 million is earmarked for the BPRC. That goes to transition, but also to animal welfare. But, of course, those are other posts. Money for developing animal-free research should also be spent on animal-free research. Animal welfare must be an independent cost. Is the Minister prepared to assess the contribution to non-animal innovation to the BPRC and to increase it annually at the expense of the contribution to animal testing? Thank you, Mr. Chairman."
ParlaMint-NL_2019-09-19-tweedekamer-6.u499,2019,2019-09,Mark Rutte,Unknown,energy-general,0,"Mr President, thank you. I will start with a few points that were partly still there after my answer in the first period. I also have one question from the second term. Then I'll get to the motions. I come first to the questions, starting with the question about the nursing home care places. I had a conversation with Geert Wilders from the PVV. And yes, it is, of course, true that waiting lists are increasing and that the labour market is tight. We're working really hard on that. There is a difference between active and inactive people waiting on the waiting lists for nursing home care. Clients who are actively waiting are actively mediated by the healthcare office. This also usually works within the standards. It's gonna happen as soon as possible. The inactive have been given an indication and often an offer, but do not take advantage of it for them. They get care at home and they're on the waiting list for an interview. They have therefore indicated a particular place of preference and are awaiting it. That's one. Then two. A motion was adopted by Mrs Agema of the PVV calling for a review of that distinction between those two categories. The Minister of Health, Welfare and Sport has promised to come up with a response to this question. He's hoping to send it next week. This is without prejudice to the duty of care offices to provide sufficient places in nursing homes. Every year we make sufficient budget available on the basis of the advice of the Dutch Healthcare Authority. Waiting lists are also taken into account. The VWS Minister will send a letter next week on the development of demand and capacity. He will also address the question of how these two relate to each other. In December, a letter will follow on the issue of existing capacity, including in relation to real estate in relation to demographic developments. So there will be documents and then the debate will take place further. The second theme is dementia. Indeed, the number of people with dementia indicators is expected to double towards 2040. The RIVM expects a doubling of 172.000 people to 337.000 people. This is also taken into account in the annual growth of the available budget, but it calls for more than just resources. That is why there is also considerable investment in the quality of nursing home care. That's what happens with the program Home in the Nursing Home. With the Work in Care programme, we are committed to providing sufficient care staff. The Langer Home programme is working on the quality of care. For the Work in Care programme, 50 million extra has been released from the VWS budget. This is specifically used to maintain staff and train people for care, making a total of 420 million available for this subject. Nevertheless, more needs to be done in the future, because demand for care will increase significantly over the next 20 years. The number of employees in the care sector and caregivers is not likely to grow to the same extent over the next twenty years. This means that a number of fundamental discussions need to take place on how to organise care. That is precisely why VWS leaders announced that they would come forward with proposals in the first half of next year, before the summer, to better organise care and make it future-proof. In the same context, there was another question from Mr van der Staaij about measures to get enough hands on the bed and, if necessary, unorthodox measures. The cabinet wants to try to do something about this, but the question is exactly what measures work. Unorthodox, yes. But they must also be effective. It is not easy to solve this problem. That is why we are already looking at how innovations in care can help to do the same with fewer people, of course, while maintaining quality. The cabinet also shows what needs to be cared for in the region. Then we can also look into whether and, if so, what unorthodox measures can work. The outline note will therefore be given and sent in the spring. It will also examine the type of measures needed. That does not alter the fact that a great deal is already happening. I would just like to refer to my previous answer on the Working in Care programme, which also looks at a sector-wide approach. Then it is intended that it is measurable and there is a noticeable result. This is done through three lines of action. First of all, it is intended that more people should opt for training and a job in health care. By doing so, we are trying to increase the influx and the number of re-enterers and side-intromers; in this sense, there is again analogy with the education issue. The second has to do with learning: learning better in care. This means that there is sufficient availability of sufficient and good traineeships, including in order to increase the efficiency of training. The third is working differently. It is important that employees in the care find it more pleasant in the care, so that they can work well there. This means that the workload needs to be addressed. It is also about the question of what we can do that is necessary in the field of training, of being able to develop and of getting a good team mix. All these factors need to be right when it comes to the question of choice, the issue of training and learning, but also to ensure that people have a good time. Additional funding is available: for training, for advice to job seekers, for career interviews and for a recruitment campaign. We keep a finger on the wrist, even several fingers on the wrist, through the Committee Working in the care. The Spring Report is due to the Chamber this autumn. Then there was the question about the azc in Gilze. For this purpose, in general terms, the shelter is sober within the azc's and consists of accommodation, living expenses and access to basic facilities such as medical care. This is also the case in the scheme for asylum seekers and other categories of foreigners. Specifically in Gilze it is a maintenance and improvement programme, so that this reception site can be used for a longer period of time. It's a monumental building in Gilze owned by the COA. The COA has a duty of care to maintain that monument. There is the specific circumstance that this is not just an asylum-seekers' centre, but an azc in a monument. Then there is Mrs Marijnissen's question which I would like to return to. I was informed about the content of the documents during the week before Grapperhaus sent his letter to the Chamber, so that is prior to 10 September last. The Animal Party: the CETA Convention. It's about a claim in relation to Groningen. Here's what I'm gonna do. NU.nl reported on a pamphlet by Milieudefensie, FNV en Handel Anders!, in which they argue that the EU Trade Treaty with Canada, CETA, may impede the phasing out of gas extraction in Groningen. The link these NGOs make between CETA and Groningen fits within their criticism of investment protection in general, but frankly, in this particular case, they really miss the point. It is precisely in view of the criticism of investment protection that CETA's Treaty text has been modernised and the right of governments to regulate and the public interest has been confirmed. CETA thus grants foreign investors the right to compensation only in the case of expropriation which is not in the public interest or where no adequate compensation has been paid. During the phase-out of the Groningen gas extraction issue, the Groningenveld, a public interest is sought and agreements have been made, also in the financial sense, with Shell and ExxonMobil in the main agreement. Part of the agreements contained in that agreement is that the NAM, Shell and Exxon renounce any claims on the State in connection with gas reserves in the Groningen field that will not be won. Then there is Mr Segers' first-term question about a one-stop shop for sustainability. The way in which Mr Segers describes it cannot and must not be the intention. The ambition of the cabinet is to support and facilitate people in the sustainability of the built environment. A system has been chosen in which everything around the house, the street and the heat plans is located at the municipality. I do not want to rule over the head of the municipalities, but I think we should take this kind of example seriously, so I take it seriously. At regionalenergiestof.nl you can see whether a municipality has an energy window. Such a point of contact can, of course, help to request and assess a quote or other questions. The climate agreement has agreed to broaden the points of contact with energy. VNG and Rijk are now discussing proposals for minimum criteria, standardisation and standardisation. That will therefore also help the neighbourhood approach. I think it is important that citizens are properly supported and informed in this way. That must of course be free in the base. Municipalities can choose to offer detailed personal advice through these points of contact and could cost, but the basic opinion should be free of charge. My colleagues in the cabinet, Mr Ollongren of the Interior and Mr Wiebes of Economic Affairs and Climate, will, in their consultation with the municipalities, draw attention to the need for the basic information provision to be available free of charge as far as we are concerned. In addition, efforts are being made to develop widely available care-free offerings for citizens and businesses. You will be informed about this by the Minister for the Interior, Mrs Ollongren, this autumn. Finally, a question from Mr Kuzu's second term. It was about my presence at remembrances. I'm very regularly present at a lot of remembrances. I take these suggestions very much to heart, of course. For example, in 2012 I attended the commemoration of slavery. It is attended annually by a member of the cabinet, each year by another member of the board, usually from the corner of Education, Social Affairs, Home Affairs or Justice. The commemoration of Srebrenica is attended in The Hague by the Minister of Defence. The Netherlands is represented in Bosnia at diplomatic level. I am not going to complete my agenda here, but I am, of course, taking note of Mr Kuzu's suggestions. Once again, I am present at many commemorations and it is also very conceivable that I will be present at such a memorial, but I am not going to record it now."
ParlaMint-NL_2021-06-29-eerstekamer-3.u11,2021,2021-06,Henk Pijlman,Unknown,energy-general,0,"Thank you, Mr. Chairman. The proposed legislative amendment implements a European directive agreed by the European Parliament and the Council. It also partially implements our Climate Agreement. Transport becomes a step greener. 14% of the energy must come from renewable sources, but there is no obligation to add it. Mr. Chairman. We support the proposal, but we also see it as a transition proposal. We believe that, in the end, the sectors concerned will not be able to achieve the objectives by using biofuels even though this proposal is not just about achieving them, but that, for example, green hydrogen is the solution for them. Biofuels are theoretically a good solution for greening transport, but they also have practically major disadvantages. Biofuels are often imported from Europe, but also from the USA and China. Bulk transport from these parts of the world on fossil-powered ships whose greening is still in its infancy will undo much of the environmental gain. I said it last week, I say it now and I say it this afternoon in the debate on reducing the use of coal in electricity generation again: cabinet, work on the hydrogen agenda. Hydrogen can mean the greening of chemicals, for example, hydrogen can mean the greening of heavy land transport and hydrogen can mean the greening of shipping. The Netherlands must make much more haste with the hydrogen agenda, says D66. If we compare our country with, for example, France or Germany, then we must do very much to ensure that we do not lose the battle, and that we have great opportunities through the extensive international gas network to transport hydrogen gas and to play a central role in Europe, which can mean a lot for maintaining jobs and for international trade. For this reason, too, it is important that the parties do not exclude each other in this formation, but quickly come to a new government. I would like a reaction from the Secretary of State, not so much on the formation of the Council of Ministers, but on the hydrogen agenda. Mr. Chairman. We very much appreciate how the Secretary of State is also committed in Europe to preventing biofuel from being extracted from soya and palm oil. This is no longer happening in the Netherlands, but it is not yet international. We also appreciate how the Secretary of State is committed to implementing the Schonis motion to prevent indirect land use in biofuel production and to consider soya and palm oil as a high ILUC risk. That brings me to the enforcement and implementation of this proposal. Implementation of this proposal is bureaucratic and enforcement problematic, as it is difficult to oversee the entire chain internationally. In fact, in order to do it right, a new instrument, the BKE, is needed to measure greenhouse gas emissions. But the NEA is very critical about it and has serious doubts about enforcement. Therefore, it is stipulated that the BKE will not start for the time being. But that does raise the question of what enforcement is going to be like. I'd like a response. Mr. Chairman. That is also why we need to move towards a more sustainable system that certainly applies to aviation and shipping which cannot do without hydrogen. We therefore consider this proposal to be the most feasible, but certainly not the ideal means of greening transport. In addition, we will have to answer a great many questions in the proposal for a decision on energy transport, but this framework will, of course, be very helpful. Mr. Chairman. Our group is looking forward to the answer of the Secretary of State. Thank you."
ParlaMint-NL_2019-02-05-tweedekamer-15.u61,2019,2019-02,Jesse Klaver,Unknown,energy-general,0,"We have also made proposals, for example on the closure of additional coal plants, for the next two years. I also hope that Mr Jetten is prepared to look into this. But I see his answer in this way: it is indeed an obligation on this cabinet to produce results. And just saying that it's ""the goal to achieve the goals"" is like a little too noncommittal."
ParlaMint-NL_2022-02-28-tweedekamer-3.u16,2022,2022-02,Sjoerd Sjoerdsma,Unknown,security,0,"I would like to hear from Mr De Roon, after which I will respond to his proposal, whether his party, or his group, or his foreman is prepared to support these sanctions. Whether his party is prepared to restore unity in this parliament. Whether his party is willing to make it clear to Russia that this is not possible. I would also like to say to you, Mr President, that the majority of this Chamber is saying that we want the cabinet to look at how the increase in the energy bill can be taken as well as possible. These are motions that have already been tabled here from the left to the right, which have been shared and which the cabinet is looking at. That's not new. That wish exists, Mr. De Roon. So you can add another proposal to that, but the wish from the Chamber is already there in a majority. The question before us now, Mr. De Roon, is much more urgent. Confess color. Where is your party? Are you here for the Dutch interests, or are you representing others' interests?"
ParlaMint-NL_2022-01-19-tweedekamer-6.u388,2022,2022-01,Mark Rutte,Unknown,energy-general,0,"No, I don't have one here. But knowing her, that's never gonna take long. Mr. Chairman. Then there's the motions. The motion in part No. 911 is a speech-out. So I don't have to give them any advice. The motion in part No. 113, with reference to the debate, I should like to advise against. We have discussed this in detail. The motion in part No. 114 is about the increase in the energy bill. Significant measures have been taken: the energy tax, the energy allowance for minima, a budget for minima and a budget for insulation materials. We're holding the finger on the wrist. In view of all these activities, I would like the motion in part No. 114 dissuade. Then the motion to part No. 115. The coalition agreement includes an investment for pandemic preparedness, including for flexible scaling-up of intensive care. I want the motion in part no. 115 dissuaded. The motion in part No. 116 has no cover. Moreover, the coalition agreement provides for a structural allocation of 200 million for this type of business. I'm deceiving the motion in part No. 116. The motion in part No. Mr Wilders' 117 concerns the 60 billion for the climate and nitrogen fund. All that has to go to purchasing power. With reference to the debate, I would like to discourage that motion. The motion in part No. 118 is about taking away the right to vote and stand as a candidate. On this point, I would like to say that the removal of the right to vote requires a judicial decision. So that's not up to the cabinet. The Constitution and the law provide a basis for crimes that seriously affect the state system, but I do not believe that there is any reason to change the legal framework. I want the motion in part no. 118 so advise against it. The motion in part No. 119 is a pronunciation. The motion in part No. 120, I'd like to leave judgment room. We naturally support the importance of tackling cybercrime. That's what the coalition agreement says. Entrepreneurs also already have the attention in the cybercrime approach. The motion aims to strengthen it. The motion in part No. 121 is about the gas extraction. Gas extraction is completed as soon as possible and is justified. That is also laid down by law. That's what the Cabinet is doing. I reject this motion because the cabinet cannot now give guarantees about the gas extraction that is needed this year. The Secretary of State shall inform the Chamber before a decision is taken on all relevant estimates, security frameworks and considerations. The motion in part No. 121 is therefore not recommended. The motion in part No. 122 is about power inequality. I should like to say the following. That ibo comes in April and we come in for the summer with a reaction. Let us have the debate on this. Perhaps I could ask Mrs Marijnissen the motion in part No. 122 in that context."
ParlaMint-NL_2022-03-08-tweedekamer-18.u7,2022,2022-03,Tjeerdde Groot,Unknown,security,2,"Thank you, Mr President. Also on the situation in Ukraine a question to the Minister. The Minister discussed this with his colleagues. I'd like to hear more about it anyway. As far as D66 is concerned, there are two effects. The first is, of course, the effect of the import of Russian gas, which is, as is well known, used for the production of fertilizer. The largest industrial gas consumer in the Netherlands is a fertilizer manufacturing company. The second effect is, of course, the export of animal feed by Ukraine. Cattle feed is actually a bit the fossil fuel of current agriculture. So we need to reduce animal feed. That is exactly the transition that the cabinet has put into circular agriculture, because that only gives proteins to animals that people cannot or do not want to eat. Could the Minister respond to the view that, as Europe, as the Netherlands, we can reduce our dependence on the rest of the world if we switch to circular agriculture? Thank you."
ParlaMint-NL_2022-06-02-tweedekamer-9.u8,2022,2022-06,Wybrenvan Haga,Unknown,economic,2,"And then the last one. [[Motion]] [[The Chamber,]] [[heard the debate,]] [[noting that energy prices have increased exorbitantly and that variable rates will be increased by 25% to 30% on 1 July;]] [[noting that in many sectors, such as agriculture, construction, transport, contract work and earthmoving, this has a problematic impact on business operations;]] [[Whereas red diesel may be used in other countries, such as Belgium and Germany, thereby creating legal inequality and an uneven playing field;]] [[calls on the Government to allow red diesel in the aforementioned sectors,]] [[and goes to the order of the day.]] [[This motion was tabled by Mr Van Haga and Mr Van der Plas.]] [[She's getting No. kst-36045-81]]"
ParlaMint-NL_2022-03-08-eerstekamer-6.u38,2022,2022-03,Pimvan Ballekom,Unknown,energy-general,3,"I don't regret anything. And I'm not sorry I didn't listen to you before. The situation has changed. It is always the VVD Group that I have always argued from the outset about reducing CO emissions, without any taboo. This means that we are in favour of nuclear energy. This means that we are in favour of Carbon Capture Utilisation and Storage. Now, in these circumstances, the question is: can we make better use of these elements to keep our energy supply balanced and as cheap as possible and to broaden our base? Because we have to meet these climate objectives."
ParlaMint-NL_2019-12-03-eerstekamer-9.u347,2019,2019-12,Tineke Huizinga- Heringa,Unknown,energy-general,0,"Mr. Chairman. Of course, I would like to thank the Minister for his reply. I am not going to say his ""extensive answer,"" because there are some questions that remain here and there, including mine. Anyway, it happens sometimes. I repeat a single one in the second term. The Minister said that the annual supply of biomass is monitored by the PBL. He also mentioned the point made by Mr Van Kesteren, who said: should we not take the place in 2015 and see if we are still on the right track with this road towards the closure of coal plants? What does the Minister do with this monitoring? What does that mean? If there is scarcity, price rises or whatever, what instruments does the Minister have to use? That's what I meant when I said that reports actually don't give you anything, because your economy eventually runs on electricity. I would like an answer from the Minister. The Minister said, I think, on Mr Van Ballekom's question, whether we could postpone the discussion of the law for a number of months: I do not understand that. This law is about 2020, he said, and biomass doesn't play until 2030, when the coal plants are closed. But that's a little weird, isn't it? Because if we now know that the coal plants are going to close, we are now looking at biomass and now it is important that there is a framework for biomass sustainability. Then you can't say: that biomass doesn't come until 2030. This is the time we are talking about: how do we get good biomass, how do we get sustainable biomass, and all those questions that have been raised in this debate. Did the Minister mean it when he said that biomass will not be dealt with until 2030? Then I asked how much gas we could generate, thinking that maybe we could keep the use of biomass as low as possible. I asked whether the Minister would see a combination with CCS in the future. Then, like Mr Crone, I said that we need to do more in Europe. The minister said, preferably to bet on ETS. But you can do one thing and you can't leave the other. I would think that you and your commitment to ETS, as well as trying to cooperate with neighbouring countries as much as possible. I'd like to hear from the Minister how he looks at that. Now it seemed a bit like: I choose ETS, so I leave everything else. That's not supposed to happen, is it? We talked about biomass. Many groups have expressed their concerns. I have, let me be honest, just heard the Minister say too often: biomass is in the mix, that is part of the mix. As if, because the fact that we need that biomass, we no longer have to think about it that it is very acidic that it does increase CO emissions, that it becomes more polluting. Then we can stop all sorts of stories and say all kinds of things, but at least in the time of one generation it is. While we're all doing it because we want to bring CO emissions down. I understand that the Minister says that we need it and that it is in the mix, but I would really like to hear more from the Minister about the concerns that are there. With that..."
ParlaMint-NL_2022-02-09-tweedekamer-5.u77,2022,2022-02,Jeroenvan Wijngaarden,Unknown,energy-general,0,"Eric Wiebes, of course, was the one who said at some point: we're gonna close it. That was the goal. We're on our way to that target. That is what Mr Nijboer and I share. It is now about the pace at which we achieve that goal. As far as the VVD is concerned, that pace cannot be high enough. That is why I have just said: go before 1 April to see what possibilities there are to refrain from this extra gas extraction. I really challenge the Secretary of State in that. I really think we have that commitment to Groningen. But I just don't want to make false promises here either. I can do all kinds of tough language around here, but I don't like it."
ParlaMint-NL_2022-02-09-tweedekamer-5.u95,2022,2022-02,Sandra Beckerman,Unknown,energy-general,0,"That's not very clear. To say that safety weighs heavily is another thing than to say that safety is one thing. We already have an emergency plan that is already in place to ensure that safety can actually stand on one. Then I have a second question. The spokesperson of the Christian Union says: if the extraction goes up, then there will be extra money for Groningen. It was added in the media that that money is for damage recovery and reinforcement. If the gas extraction doesn't go up, doesn't Groningen get that extra money?"
ParlaMint-NL_2019-02-05-tweedekamer-15.u456,2019,2019-02,Mark Rutte,Unknown,security,0,"Sure. I'm doing the same thing. This is very often the case on Friday at the press conference and in the conversation I have then, but I now understand that Mr Segers does not see it every week. Shame. It's always in the top ten best-visited programs. I was also thinking partly because Mr Segers was looking at it. But without madness, the answer to that is yes. But let's get these two aspects out of there right away. There are two major concerns. I wanted to deal with the first major concern in the performances mentioned by Mr Segers, but also at other times, for example in May at the VVD Congress, when I spoke about this in a party context. That is about the great concern in the world about climate change, about the fact that it's two to twelve and that if we don't take action, we're taking big risks with the whole system we live in. That's one side. That care lives with a lot of people. This can be translated into air quality in the short term. If you don't believe in the CO problem and global warming, then the fact that we are living here on one of the most polluted parts of the world may be enough motivation for me to believe after a few regions in China and Hong Kong. For the climate skeptics, I would like to say that you can also have the dependence of the Middle East and Russia on your energy supply as a reason. There are so many reasons to do this, but for me the direct, personal motivation lies in the great concern for the system in which we live and the thought that this generation needs to clean up this mess and can't move through it. In that sense, it's kind of like the state debt. You don't move it to the next generation, and you don't move this shit to the next generation, if only because it might make it impossible for that generation to fix it. That's one concern. The other concern is: but how? There I see a bright spot in this debate. Call me an optimist there you have it again; sorry, I can't let it go either, but if I listen to this debate and see what it's about, about whether we do the industry via the Asscher route or via the cabinet route, I think: you know, you might get out of it. If that's the big debate in the Netherlands, you might get out of it. So you could work on that after a lot of battle, because it's going to be a lot of battle in the campaign and so on and you could eventually agree on a path with perhaps more than 100 or perhaps more than 125 seats in Parliament. A path where you meet the goal, where you take everyone in the country and no one suddenly has to cancel their holiday, sell their car or buy their heat pump tomorrow and take a huge loan. A path where you can take away all those worries. Ladies and gentlemen, the viewers at home, we have 11 years. After that, if you take it until 2050, we have 31 years. It doesn't have to be tomorrow and we're gonna do it in a proper way. We're not gonna make life impossible for people in their personal lives. In addition, there is the third leg of the triangle as I always have it in my head and I even drew it here: the companies. That is the point of the discussion I just had with Mr Asscher and others on how to ensure that companies participate properly and that competitiveness is maintained. But that is also a concern, namely that we do not get that right, that we only go for the 49 and do not take the other things into account or that we say: oh, what a disaster; purchasing power is falling all the way through the floor, so leave the 49 alone. So you have to settle it in a balance, with broad support, after which you can say to the Netherlands: this is now the plan with broad political support. So it's probably about cabinets. That's why I'm so supportive. In addition, you are not dependent on the elections of 2021, but roughly set out a path for the coming years until 2030 and 2050, with the rest that goes with it: boys, we can do this together in a decent way. And, you know, that was what I believe Mr Asscher said, so it can be fun, because then we can also make a lot of money from it."
ParlaMint-NL_2022-02-23-tweedekamer-2.u116,2022,2022-02,Joost Eerdmans,Unknown,energy-general,0,"At first I heard a bit of a brake on sun and wind, because you are actually going to look more at the demand side, actually at the loss of energy needs. JA21 is, as we know, critical of solar and wind energy, very critical. We are looking at the impact that this has on the climate we see, on the landscape. We also look at the costs and problems that people are experiencing, also in terms of health, by placing these huge ugly wind turbines. So I was hoping that you, as a Party for the Animals, could embrace that a little, because it is soiling. I think that's an important aspect of placing all those turbines. I can see the Minister nodding: it is indeed soiling."
ParlaMint-NL_2021-09-29-tweedekamer-6.u1,2021,2021-09,Vera Bergkamp,Unknown,minerals,0,"Good morning, allies. Welcome to two minutes of debates entitled Mining/Groningen. One is the follow-up to a committee debate which took place before the recess on 1 July. The second took place on 15 September. I would like to welcome both directors, Mrs Ollongren, Minister for the Interior, and Mr Blok, Minister for Economic Affairs and Climate Policy, as well as my fellow chamber members. For the first two-minute debate, seven speakers spoke. Mrs Beckerman has requested the debate, so I give her the opportunity to use her for two minutes to table motions."
ParlaMint-NL_2021-05-11-eerstekamer-10.u316,2021,2021-05,Kajsa Ollongren,Unknown,energy-general,0,"Mr. Van Hattem and I see it quite differently. I think that the municipalities also see it differently from Mr Van Hattem's description here. It's just a joint task. The municipalities and the co-governments have taken them on because they also feel that they have a responsibility in this regard. They consider that they themselves should have an influence on how the declaration is completed. That is the whole concept of the Regional Energy Strategy. This gives them a lot of space to fill in. Once again, they regard this as their task and their responsibility. So I really do see that quite differently from what Mr Van Hattem is describing."
ParlaMint-NL_2021-11-04-tweedekamer-4.u31,2021,2021-11,Stef Blok,Unknown,energy-general,2,"First of all, the point of substance: the rise in energy prices. Of course, the measures announced by the cabinet through the energy tax also provide relief for SMEs. Once again, as we pointed out at the presentation, I do not want to give the impression that we can eliminate all the cost increases. However, energy-intensive SMEs will benefit significantly from this. Moreover, I do not want to hide the fact that energy prices are then partly reflected in a higher price of products, including bread. I do not see Mr Azarkan right now, but that is one of the driving forces behind inflation. Then there's the point about the contacts. The trade association and its chairman are, of course, very welcome. I don't want to hide the fact that I usually start my weekend at the local bakery in Enkhuizen on Saturday morning at 06:30. The dogs have to get out anyway, so I can hear on the spot about the sweetness and suffering in Enkhuizen and specifically with the bakers. But it's not about personal anecdotes. Entrepreneurs are welcome. Then I get to the point..."
ParlaMint-NL_2019-01-16-tweedekamer-7.u27,2019,2019-01,Cem Laçin,Unknown,energy-general,0,"I would like to make a number of specific points, starting with information. The Secretary of State says she wants to improve current information. In her letter yesterday, she mainly points to the way of burning and the time of burning, while in our opinion information should focus on air pollution and its impact on environment and health. As far as we are concerned, wood-burning must therefore be discouraged. Does the Secretary of State agree with the SP? And if we want to discourage firewood, it goes without saying that we are going to end the subsidy on pallet heaters as soon as possible. On the one hand, discouragement and, on the other hand, the granting of subsidies is totally unbelievable. As far as we are concerned, research into the desirability of subsidies for small installations is therefore superfluous. I'd like to advise the Secretary of State as soon as possible. Information should focus not only on current wood producers, but above all on the general public. Because we know that when the energy bill goes up, there is a refuge on wood stoves. And what account goes up because of government policy? Indeed: the energy bill. The high-energy bill hotline that the SP launched on Monday is red-hot, I can report to you. Is the Secretary of State prepared to focus information also on the general public and not just on the stokers of today? Mr. Chairman. Germany and Belgium already have stricter requirements for wood stoves. In order to prevent wood stoves that will not be used in our neighbouring countries from coming to the Netherlands, the Secretary of State will also introduce the Ecodesign Directive in the Netherlands by 1 January 2020 at the latest, she writes. But the question is, of course, Mr Van der Lee also asked this question: what happens to the heaters that are already being used, those older, more polluting heaters that can still be purchased this year? What do we do about it? The Ecodesign Directive has not yet solved this problem. Does the Secretary of State agree with us? Finally, Mr President, I come to enforcement. There are rules regarding nuisance in the neighborhood. But how are they maintained? What rights does someone who experiences nuisance, went to the neighbors and got zero on the record? A report to the municipality and, with luck, someone who comes to check in, is not enough. Maintaining a national problem must also be regulated nationally. We need to outline frameworks so that there are no differences between the municipalities. Is the Secretary of State prepared to look into this? As far as we are concerned, direction by the Secretary of State and setting up frameworks are necessary, including with the Clean Air Agreement, which is now being drawn up. Is the Secretary of State prepared to include wood stumps in them and set enforceable targets in them? Thank you."
ParlaMint-NL_2021-10-06-tweedekamer-2.u2,2021,2021-10,Tonyvan Dijck,Unknown,energy-general,0,"Thank you, Mr President. Let me begin by asking this outgoing Minister of Finance what it was like yesterday at Ecofin, whether he was still addressed on his construction in the British Virgin Islands. As we have seen from here, the newspapers in Italy were full of them. So I would like to know how people reacted to that news. That brings me to the credibility of this minister. The question is of course: can he still act as a warrior against tax havens and tax avoidance, now that he himself has used such a construction on the British Virgin Islands? Compare it with a Minister of Justice and Security who wants to tackle drug policy, but rather ran a coffee shop himself. How credible is that? The minister plays here in this house the alleged innocence and wants to end it with ""2009 was a different time,"" but he doesn't get away with it. Normal people just pay taxes in this country and they don't retire in Guernsey and they don't help a boyfriend with a start-up in Africa with €26,000, which you still have. That's not normal, Minister. The minister wants us to believe he didn't know he was investing in a letterbox company on a Caribbean island. But nobody's gonna believe that either. 'Cause if you transfer $26,000, you know what to do, don't you? Then you know what you invest in, especially when you're 34 years old. That's a car. Or does this minister have too much money? It could be. Nor does he supposedly know who those other investors were. That also sounds unbelievable, because it was a friend club, that's how we were able to read. They were all friends of the Leiden student corps Minerva, of McKinsey, of ABN AMRO, the old boys network. Mr. Chairman. If you analyze it, that whole construction was built to avoid tax: pure tax planning. You earn your money in Kenya, where the Vpb is 30%, then you channel it to a holding company in Mauritius.. a commonly used construction to avoid tax in Africa, where the Vpb is 0%.................................................................................................. This has been considered. Thought of the Zuidas whizzkids. This place stinks. It reminds me of Sywert van Lienden, also one of those CDA benefactors, who spotted 9 million with his mouth cap deal. So to speak, he wanted to do the right thing. Just like this African minister, Sywert wanted to do good for public health in the Netherlands. This minister knew very well what he was doing and if he had called Sywert, he would now be able to cash, because by now that start-up of the minister is making 5 million sales and 900 people are on the payroll. That's not a small start-up anymore, that's just a big company. If the minister had cashed his shares now, he'd have made a hell of a lot of money. The question is therefore: how credible is this minister? And how credible is this minister in Europe? I told you in the beginning, the Italian newspaper headlined: from prosecutor to defendant. This Minister with his lifted finger and his strong attitude towards southern Europe is no longer credible. Mr. Chairman. Speaking of credibility. The cabinet headed by Mr Rutte has plunged the Netherlands into a major crisis in recent years. We are in the midst of a housing crisis, an energy crisis, a migration crisis, a care crisis, an education crisis, a security crisis and so on; one crisis after another. How credible is it, then, that this coalition, which has caused all this misery, now wants to make a start? They want to clean up the mess they've caused and they promise to get better. But nobody's gonna fall for that, right? That's like a pyromaniac says, ""I promise to put out my own fire."" It doesn't work. It is therefore not surprising that more than 70% of the Dutch population have no confidence in this. Mr. Chairman. Let me run by some crises. First of all, the purchasing power crisis, which is well known to us here in this house. People's purchasing power has stopped since the turn of the century. People crave a little air in the wallet. Despite the fact that the economy is growing by 3.5%, next year we will get nothing in purchasing power. The Netherlands is impoverished. More and more people don't make ends meet. Meanwhile, the Netherlands has about 250,000 working poor, we were able to see in a source of the ESC last week. 1.5 million people in the Netherlands suffer from problematic debt and poverty. That's the Netherlands in 2021. Meanwhile, everything becomes more expensive. We have seen it: the care, the own risk, the energy bill, the messages. Everything has become a lot more expensive in recent years. Take the gas. Nowadays you pay more than €2 for a liter of gasoline. Why do we pay €0.50 more in the Netherlands than in Belgium and in Germany, so I ask the Minister, or actually the Secretary of State. Half of the Netherlands is now filling up in neighbouring countries. It's been going on for years. More than half of every gallon of gas goes to the state treasury. The PVV says: lower excise duties below the level of our neighbouring countries so that they can make our state treasury here instead of the other way around. Mr. Chairman. Then there is the energy crisis, which the newspapers are full of. Gas prices are going through the roof. Meanwhile, we pay more than €100 per megawatt hour. That was the beginning of the year €17. 550,000 households now live in energy poverty. If this goes on like this, we're gonna be in the cold in winter. This year the energy bill increased by €500 and next year it will probably rise by €550 again. We're heading for a direct energy disaster. But what does this minister do, what does this cabinet do? Nothing! Other countries have now taken action. Italy, Greece, Spain, France, they all reduced the energy costs for families. And this minister leaves the whole of the Netherlands in the cold. Then there's the pension crisis. That's something like that. The pots are bulging out. Meanwhile, in ten years' time, the pension assets in the Netherlands have doubled from 830 billion to almost 1,700 billion. However, pension funds must be poor and pensioners have not been indexed for ten years. Pensioners pay the bill and now lose 11% of purchasing power. A math example. A retired person with a small supplementary pension of €700 is now missing after ten years €200 per month, because there is no index. That's inexplicable. The immigration crisis. Under the guidance of Mr Rutte, 900,000 non-Western migrants came to the Netherlands. That's a city the size of Amsterdam. That has cost us 200 billion so far, in care, benefits, housing, you name it. Why isn't anybody talking about that? When we ask a question about the Millions note, they say: we are not going to calculate that. We must not know what the open borders cost. The policy of open borders now costs the taxpayer EUR 20 billion a year. Mr. Chairman. Under Rutte, our society has visibly changed. In the big cities, more than half of the newborns are non-western. So count out your future. It goes on and on. The COAs are filling up again. We were able to see it in today's papers and yesterday's papers. Last month alone 3,000 asylum seekers came into the Netherlands. The PVV therefore wants to close the borders for all asylum seekers and migrants from Islamic countries. It can't go on like this. We're gonna be strangers in our own country. So cut it off and close the borders. That brings me right to the housing crisis, which is also such a huge crisis right now. Partly because of the migration there is no house to get in the Netherlands. The housing shortage has now risen to 30,000 homes, and if anything is released, 27,000 waiting status holders are ahead. So the starter in the Netherlands is screwed and the waiting lists are getting longer and longer. Apart from a shortage, the houses are now priceless, as we know. In a year's time, prices rose by almost 20%. A terraced house now costs four tons. In 2013, that was two tons. In seven or eight years the prices of the houses have doubled. Living is priceless and also the rents have increased exorbitantly, in the last ten years under Rutte by 30%, so that 800,000 tenants can hardly pay their bills anymore. We also see that there are no rentals. The stock of 2.3 million has been the same for ten years, because corporations don't build. Of course, it's the landlord's tax. Therefore, the PVV is also in favour of abolishing the landlord's tax and the suffocating rules. Mr. Chairman. Then there is the supplemental affair, such a crisis, a crisis that stopped this cabinet and sent it home."
ParlaMint-NL_2021-10-28-tweedekamer-11.u332,2021,2021-10,Sylvana Simons,Unknown,energy-general,0,"If Mrs Leijten had really wanted to put all the energy into that, she would not have set this painful debacle in motion here tonight. That's one. I can say a lot about the number two, but I think it is well known that this gentleman is no longer an active part of my party. On the tweet to which Mrs Leijten refers, which she has sent me and which she now says she has addressed me to, did I answer her, outside the Chamber, or not? Those aren't things you need to bring in right now. Those are things that you and I have already discussed, Mrs Leijten. You were just talking about another tweet. ""It repeats itself,"" I hear you say. But it's repeating itself..."
ParlaMint-NL_2022-04-20-tweedekamer-4.u9,2022,2022-04,Pieter Grinwis,Unknown,energy-general,1,"Thank you, Mr President. Three points. Green hydrogen is not the hairminder oil of the energy transition, but we do need it. Hence, along with Mr Dassen, a nice motion. My second point. During the debate I made an example of the field lab in Dordrecht and the beautiful farm Dogterom in Oude Tonge. I encouraged the Minister to help these initiatives by creating more experimental space. I know that he must work there with other ministries and ministers such as Mr De Jonge again, who should make this kind of experimental space possible with the Environment Act. My appeal is: please, Minister, give these companies a boost by giving their innovation space. 'Cause it's beautiful if this can get a boost in that way. My third point. We should not trade Russia's disproportionate dependence on natural gas for new disproportionate dependencies. Hence the next motion. [[Motion]] [[The Chamber,]] [[heard the debate,]] [[Whereas the current high European dependence on natural gas from Russia is highly undesirable;]] [[Whereas the sustainability of the economy will require a scaling-up of production and imports of green hydrogen from abroad;]] [[Whereas the current situation of disproportionate dependence on imports of natural gas from Russia should not be exchanged for disproportionate dependence on imports of green hydrogen;]] [[calls on the government, in cooperation with market players, to combat disproportionate dependence on green hydrogen from a single country by focusing on diversification in countries of origin and fixing a maximum share of total imports of hydrogen per country,]] [[and goes to the order of the day.]] [[This motion was tabled by Mr Grinwis and Mr Erkens.]] [[She's getting No. kst-32813-1029]]"
ParlaMint-NL_2021-11-02-tweedekamer-20.u85,2021,2021-11,Renske Leijten,Unknown,energy-general,0,"That is a ministry that opposed the advent of a coal fund at the time when we are going to phase out coal plants. That coal fund would then ensure that people who work there are accompanied to another job, perhaps in the green industrial policy. We did get that, partly because of your support, but this is the Ministry that opposes it. For years I have seen how the VVD has implemented the principle of profit for residents of our country. Do you need care? High own contribution. Are you going to study? Why don't you pay for yourself? The housing corporations can be reduced, and so we impose a tax on them. If Mr. Erkens and I grab a terrace, we'll pay more taxes on what we order there than Shell on his winnings. That's what it's like now. And that's why I keep asking. There are fine words to be heard: no free lunch; conditions must be laid down. But of course we haven't seen that in the last few years. A person applying for benefits in this country will be checked and punished ten times better than a polluting plant that has been emitting too much cancer for years. That's where we stand now. And I'd like to know where the VVD would like to be if appointments were made. Is it possible to maintain it? Are licences actually being withdrawn? Is money being recovered? What are we gonna do with these companies?"
ParlaMint-NL_2022-04-20-tweedekamer-3.u20,2022,2022-04,Arda Gerkens,Unknown,economic,2,Then I would like to ask one more question: can Mr Van Raan explain why he thinks it is a fossil subsidy when it comes to companies that use electricity for production? That's what it's all about. They buy in that power and the compensation is about the power they buy. So these companies can't change that themselves.
ParlaMint-NL_2022-06-22-tweedekamer-13.u20,2022,2022-06,Fahid Minhas,Unknown,climate,3,"Mr. Chairman. I have two motions, so I'm gonna start soon. The first motion concerns the taking of a leading role on the issue of water safety. [[Motion]] [[The Chamber,]] [[heard the debate,]] [[noting that the Netherlands, despite being the most safe delta in the world, can also be vulnerable, as it turned out last summer in Limburg;]] [[Whereas the challenges of water safety are becoming more complex due to climate change, such as flooding and drought;]] [[Whereas the increasing complexity of the tasks in our scarce space requires spatial choices and a coherent approach;]] [[noting that our country's viability depends on water safety policy and that the Minister of Infrastructure and Water State has final responsibility for the water assessments in the Netherlands;]] [[Calls on the government to take a leading role in the field of water safety together with local authorities by implementing the principle of ""water and soil management"" as laid down in the coalition agreement for all relevant policy areas including housing, infrastructure, land planning, energy transition and rural areas within this cabinet period and to draw up a programme for that purpose;]] [[calls on the Cabinet to broaden the approach to water security by addressing the effects of extreme showers and to discuss this with the parties concerned,]] [[and goes to the order of the day.]] [[This motion was tabled by Mr Minhas and Mr Stoffer.]] [[She's getting No. kst-27625-579]]"
ParlaMint-NL_2020-02-19-tweedekamer-4.u39,2020,2020-02,Arie Slob,Unknown,energy-general,0,"There are some investigations into parental empowerment, but not yet in relation to this subject. So as far as we're concerned, that can be taken. You know that there is a great deal of energy going into the evaluation at the moment, so I hope you will understand that it is going ahead for a while. But we'll take care of this if the Chamber asks us to. Then the motion to part No. 348 by Mrs Westerveld and Mr Kwint. The initiative Together to School classes is indeed a very nice initiative. There is also in principle no legal objection to registering the children in a regular primary school. Then a school also receives the basic cost and additional resources can be made available through the partnerships. And if care is needed, then the municipality is covered. There is also no need for an exemption from compulsory education and for funding to run through the municipality. In that respect, therefore, you are right to note that we should not want to do so. I am willing to engage with the collaborations and with the Nsgk to further shape this. In secondary education, the situation is different, because there is a diploma requirement and these children cannot meet this requirement. But you know, we have also discussed it in the general discussion that education through the school can be arranged as a secondary location of, for example, a special school in the regular school. Once again, it falls under the banner of education. I am also talking about that. So I can give this motion judgment room."
ParlaMint-NL_2021-07-08-tweedekamer-57.u9,2021,2021-07,Ruben Brekelmans,Unknown,security,1,"Thank you, Mr. Chairman. We are on the verge of the summer months, but for the VVD there are three challenges in foreign policy that we should not lose sight of. These are: one, reducing our strategic dependencies on China, two, finding counter-measures against digital attacks by Russian hacker groups and, three, preparing additional sanctions against Belarus, especially now that they have migrants flying over from Iraq and using them as leverage against the EU. In order to encourage the cabinet to take action on these three points, I shall table the following three motions. [[Motion]] [[The Chamber,]] [[heard the debate,]] [[noting that the EU is highly dependent on China for various rare raw materials, key products and key technologies;]] [[noting that China is pursuing an aggressive strategy to become self-sufficient as soon as possible and to reduce Western dependencies;]] [[Whereas there are several initiatives at national and European level to reduce strategic dependencies;]] [[considers that these initiatives do not contain enough urgency and that acceleration is necessary to reduce China's strategic dependencies;]] [[calls on the Government to identify options to accelerate the decline in China's strategic dependencies and to inform the Chamber shortly after the summer recess of these acceleration options,]] [[and goes to the order of the day.]] [[This motion has been proposed by Mr Brekelmans.]] [[She's getting No. kst-11501-02-2383]]"
ParlaMint-NL_2019-07-04-tweedekamer-43.u7,2019,2019-07,Isabelle Diks,Unknown,energy-general,0,"Yes. [[Motion]] [[The Chamber,]] [[heard the debate,]] [[noting that the Chamber had adopted the Diks motion (Room Paper 26485, No. 285), calling on the Government to support a reconciliation dialogue between mining companies and victims of human rights violations in Colombia;]] [[calls on the Government to continue its support for the Colombian Government's commitment to a reconciliation dialogue between mining companies and victims of human rights violations, and to call on Dutch energy companies to stop the decline of coal from coal suppliers frustrating this reconciliation dialogue,]] [[and goes to the order of the day.]] [[This motion was tabled by Mr Diks and Mr Alkaya. It seems to me that their submission is sufficiently supported.]] [[She's getting No. kst-34952-70]]"
ParlaMint-NL_2020-02-11-tweedekamer-31.u6,2020,2020-02,Erik Ronnes,Unknown,energy-general,0,"Mr. Chairman. Isolation of homes and buildings is a good thing. Well insulated buildings cost less energy. Non-use of energy is still the best step for the climate. But isolation can also bring disadvantages. Fire safety is one of them. The fire in the London Grenfell Tower temporarily woke us up. But now we're a few years away and few seem to be concerned about what happened then. Recently, the municipality of Nijmegen presented the results of an inventory of buildings with façade plating, the fire safety of which may be at stake. That's 62. It didn't cause any fuss. According to experts, risks have not disappeared. If there are 62 properties in Nijmegen alone for further research, this will be a lot more for the whole of the Netherlands. I'd like a response from the Minister. Mr. Chairman. The Minister instructed the municipalities to make an inventory of possible risk exposures in their municipalities. That overview appears to be there by now. Is that right? Can that be made public? Is the Minister aware of what action is being taken? More and more municipalities want high-rise buildings, but the fire department's ladders reach a height of 30 meters. Up there, the fire department can only fight a fire inside. The fire department wants more fire safety to be considered in high-rise plans. The use of better building materials is advocated. According to the fire department, about 10% of construction costs should be reserved for fire-proof construction. It is at odds with the affordability of new buildings. How do we ensure that we build safely, but also affordable? I would also like to receive a response from the Minister. How does he think that balance can be guarded? Mr. Chairman. I would also like to raise the issue of solar panels in relation to fire. My colleague Agnes Mulder has asked questions about this before. The fire department's worried about this. Those solar panels are sometimes poorly installed, as it turned out last weekend during the storm, and they make it difficult to put out fires. In the meantime, there are over 700,000 solar panels on Dutch homes, but is there sufficient attention to fire safety aspects? When the panels are connected over multiple premises and when they catch fire, the fire spreads from one house to another, from number 7 to 9 to 11. The fire walks right over the rooftops to the other houses. Thus, with the new phenomenon of solar panels, we are also faced with new problems, including new challenges. Can we do something about this? Is there a need for regulation? Are agreements with the sector needed? Is this on the table with the minister? Can the Minister respond to that? Mr. Chairman. We have received an extensive letter from Brandweer Nederland and the Association of Insurers. I assume the Minister himself knows that letter. There are several aspects to which our group would like to hear a response from the Minister. For example, it is claimed that it is wrong to install façade coverings and carry out maintenance work on them. Is that right? Is that right? What would be a good reaction from the government? It is also written that in the Netherlands it is even allowed to work on flammable insulation with open fire, which means that there are unnecessary fires. This is prohibited in other countries. What does the Minister think of the idea of doing something about this? Mr. Chairman. Finally, I would like to raise the issue of vulnerable groups who are not able to flee quickly enough in the event of uncertainty, when there is a fire, for example. We have discussed this extensively with the Minister before. The Minister responded in his letter of 31 January with the state of play on the implementation of various commitments and motions on fire safety for older people. We have made several proposals for this. Much has already been done, and I congratulate the Minister and the Cabinet. We are curious about the results of various studies that have been started. However, I would like to comment on chimney fires. That's 2,000 a year in the Netherlands. How can we in the Netherlands together ensure that something as simple as a chimney fire, which often has to do with maintenance, can be prevented more often and better? What can we do about that? I would also like to hear a response from the Minister. Thank you, Mr. Chairman."
ParlaMint-NL_2021-12-21-eerstekamer-4.u19,2021,2021-12,Kajsa Ollongren,Unknown,energy-general,0,"Thank you for the opportunity to be here today in your Chamber and to talk about the BZK budget. I would almost say that this is in several respects the trap, this year's trap and the trap of this cabinet. Maybe I can start by saying that I'm doing this a little bit with mixed feelings. As I usually start my letters to the Chamber positively, I would also like to start this debate positively. In fact, I would like to share with your Chamber that the budget as it stands is, in its entirety, a budget that I am proud of. This budget is actually about a lot. Among other things, she's dealing with the reinforcement operation for Groningen. That is an incredibly important file that BZK has included in it halfway through this cabinet period and on which we have concluded an administrative agreement. We got extra money for the National Coordinator and extra money for stuck files in Groningen. There's 342 million in this budget. This budget is also about improving services for people, as a direct result of the report on the childcare allowance. Precisely because the municipalities are so close to their citizens, 130 million are reserved for better services by municipalities. This budget is also about tackling energy poverty. She's about making social real estate more sustainable. She deals with a concession for small landlords because of the freezing of rents and the construction of flex houses. And I could go on like this for a while. That's what I wanted to say first, Mr. Chairman. Then there's today's topic. As Mrs De Boer also said, the reason why the Upper House has taken this opportunity today is that there are still questions and wishes about the part to live. I would also like to make a positive start here. It is not for nothing that I stress every time how important it is that people in the Netherlands can live well, fittingly, nicely and pleasantly. That goes for everyone in our country. At the same time, of course, I can see that there is a large deficit. Mr Kox pointed that out. There are people who have to wait and who cannot find a suitable home with them in the place where they want to live. This naturally leads to discomfort and also to a feeling of impatience: how do we solve this? I feel the same impatience. At the same time, I think I can also see that during this cabinet period the change was made, the shift from cutting back and reforming to building and investing in the housing market. Much has been achieved there and we will see these results in the years to come. This could only be achieved through cooperation. This concerns cooperation between the Empire and the other governments, provinces and municipalities. But also the corporations are of course a very important partner in this. This also applies to the developers and the builders, who have hired people again and made sure that during the pandemic there was also simply built in the Netherlands. That's really special. That's something to be proud of. At the same time, I fully agree with everyone who says that more is needed. I will come to a number of other areas in a moment. Now I happen to have mentioned the building, but it is also about the whole rental policy. It's also about affordability. It's also about sustainability. These are all kinds of elements that are important in the policy that has been pursued and that can hopefully be extended by the new cabinet. First of all, I would like to answer a number of specific questions. First of all, I come to the Tax Plan. When we spoke about this last week, Mrs De Boer, with others, said quite strikingly that we were still awaiting the coalition agreement. In the meantime, we know the content of this. So what many of us were hoping for was also materialised in that coalition agreement. This will therefore be a task for the new cabinet. This is about abolishing the landlord's tax. I have often said to the Chamber that it is actually inevitable to abolish that landlord's tax, because in the long term the investment capacity of the housing corporations is simply being eroded. So I was also happy to see, with many in this Chamber, that the new coalition has decided to abolish the landlord's tax. That happens as of 2023, that's how I read it. I think there can be no doubt about that. In the series in the coalition agreement, the proceeds will be charged to zero from 2023. It has therefore been abolished de facto. I know that parties in this Chamber, including GroenLinks and PvdA, have argued that they should be abolished a year earlier, namely the next financial year. I have spoken about this before in the House of Representatives, and also here too. I think that for the whole sector, for the housing corporations, the fact that the new cabinet will abolish this landlord's tax by 2023 will have a huge effect. We are already seeing the impact of the 500 million; we discussed this in detail last week. Following is the abolition of 2023. That means a huge increase in their investment capacity. This means that much more can be built in the long term, that more can be preserved and that more maintenance can be done. This is extremely important for the housing market. He hasn't been abolished by next year. I did not find any budgetary room for that. Luckily, while the cabinet was outgoing, I was able to do a number of things for the housing market. But I couldn't do more for that landlord tax than what we discussed last year. Full abolition next year would cost another 900 million; I have no budgetary room for that. But once again, for the whole social sector, it is abolishing as such what it was about and that is what is going to happen. Then there were the questions that were more about the Housing Fund. As far as the Housing Fund is concerned, I would almost say that we have set it up together. It was the result of a political consultation in the Lower House between coalition groups and a number of groups in the Upper House. It was very enthusiastic, by the way, so it was very good that the Housing Fund could get there, with 450 million. In the meantime, it has found its destination, so the best projects have been awarded. That is not the only thing that is going to happen for the coming period, because we have also made 1 billion in the budget available for housing. There is also 250 million for a fourth tranche of the Housing Impulse. It will be part of the 2022 budget. That is simply part of the budget that this cabinet has submitted. Why are we doing all that? Because we do regard this housing as a priority, and we consider it extremely important. The same applies to the Housing Fund. That's not just housing, I'll say, that's restructuring. It is about improving the quality and living environment in the most vulnerable areas in the Netherlands. However, almost 22,000 homes in the immediate vicinity of the homes are handled. That is why there is a lot of enthusiasm among municipalities. There were 15 mayors who sparked this up. They have once again drawn attention to this and called for it to be continued. I was also very pleased that I saw in the coalition agreement that a follow-up is being given to the Housing Fund, and that it therefore responds to the call made by these municipalities. Mrs De Boer and Mr Crone said that there were more plans and proposals than money. That was true for what I can now call the first tranche of the Housing Fund. That's right. That was because it was limited to 450 million. There were more plans, and there were also more plans that crossed the line qualitatively. So they basically had a sufficient score as a final score, but there was no State contribution for it, because the money was run out. That's how it works for these kinds of constructions, of course. If there is limited money, it may be that there are proposals that make it to the finish line, but do not get any money at this stage. Those projects don't run away. I will also be very happy to show at the time of the transfer that there are already projects that a new ruler could try to prioritize. I'm not in charge of that. I want whoever gets to do this beautiful file, to give up the stick, and at the same time I don't want to rule over my own grave. There are a number of points which fall more into the category of 'other' or 'other' items. Mr Van Hattem has made a number of points which he often makes. I'm gonna try to just answer the actual questions. Should Dutch house seekers longer look for a bigger house, and what is that because of? There's just a big cut on the housing market. This means that it is difficult for many people to find a suitable home for different reasons. Therefore, this cabinet has always been working to increase the supply of housing in all segments of the social sector, but also in the other segments, so that there is indeed a flow on the housing market, so that people can move and leave behind another home that is suitable for other people. But it's not easy to find a place to live, is it? I think it will take at least eight, nine, ten years to rebuild and improve that housing market. I had a few more questions from Mr Kox. He asked what he called the crooked growth, the difference between the buyers and the tenants. Of course, we've run a rental policy. That is what we have had heated debates on here. Luckily, we've found each other again, when it comes to rental policy. I do think it should always be a combination: how can you ensure affordability for the tenants, while at the same time improving the starting points for start-ups in the housing market? We have adapted the rental policy in this respect by, among other things, the one-off rent reduction for low-income tenants and high rents and by maximising the rent increase in the free sector. These are all measures that I am very pleased with. More affordable construction for start-ups has been stimulated mainly through the housing impulse. We introduce the possibility for municipalities of social purchase with priority for starters of interest to the municipality, for example people who already live in the municipality and otherwise have to leave or people who work in a sector that is important to the municipality. Those are all policies that really make a difference, which the municipalities like to make use of."
ParlaMint-NL_2019-12-03-eerstekamer-9.u225,2019,2019-12,Eric Wiebes,Unknown,energy-general,2,"Whether they do so legally in the same way is another question. But it is well known that our eastern neighbours are in the process of phasing out coal. That is a whole programme, which ends in 2038, or in 2032, to finally close a huge amount of coal-fired power stations................................................................................................................................................................................................................................................. Unfortunately, coal does not fit in with the Paris solution."
ParlaMint-NL_2022-07-12-eerstekamer-32.u3,2022,2022-07,Roelvan Gurp,Unknown,economic,0,"Thank you, Mr President. Thanks also to the members of the cabinet, who want to have three women and one man with us at this late hour this important debate on purchasing power development. My group very much appreciates that. Mr. Chairman. What is at issue in the First Chamber is legislation, in this case a budget law. The key question to ask is: does this budget law provide an answer and direction to what is currently going on in the country? That is the key question I will raise in my speech. What's going on in the country? I say nothing new: the security of existence of large groups of people is under severe pressure. We are not talking about purchasing power plates with +0.5 or -0.5 and whole point clouds where you can get anything. We are not just talking about people who have been on or below the poverty line for a long time. Of course, we are also concerned with those people, but there are much larger groups of people, and that is actually quite unique in society as we know them over the past few decades, who have a great deal of trouble getting out each month, or are lacking in regular monthly money to pay for the energy bill and the groceries. So the question is whether the supplementary budget for SZW, which we have with us today, will answer this question. Let us be clear: it is not really about the SZW budget alone. It is about the whole of the national expenditure framework. That is why we welcome the fact that the directors of finance are behind the government table as well. Is the government doing enough? No. Does the government do anything? Oh, yeah. We're not gonna faint; the government is definitely doing something. The €800 for people with a social minimum is a gesture that is complicated in implementation, but is at least a gesture that actually means something to people who are at the level of assistance. With a lot of political push and pull, €500 was added last week. That brings me to the question of why that has been so incredibly difficult. We all see that this is not a question of the left or the right; it is a politically broad question of the fact that these people have really fallen into trouble. The least there could have been is that this €800 had been extended more heartily and earlier by the cabinet to an amount of about twice as high or to the €1,300 it is now. Anyway, anyway, it finally came about and we appreciate that. But we all know it's too little. It's not enough for those people. I also experience them daily in my work: people who can't pay the rent, who are at the bottom, who walk by the food bank, who nibble on their food, et cetera. For this group, €1,300 is too little, but it is far too little for the group that earns just a little more, the low middle incomes that are just not at the level of the social minimum or at 120% of them. They just don't come out and they don't get a penny. We should be ashamed of ourselves! I am not saying that we could have seen or seen this crisis coming. It's four verbs in a row, but I think it's true. I am not saying that we could have predicted this inflation either. Economists are capable of much, I must say, of the economists in this Chamber, but an economist who gives an adequate prediction of the future, I still have to come across. However, I say that we should have developed the social foundation and the social resilience of our society in good times in such a way that a major crisis such as this would have been able to cope with without the consequences of it bringing millions of people into great financial worries. We should have done this by taking structural measures, such as raising the minimum wage and related benefits. Yes, it's finally being worked on, but after a long time of whining, slow and at a much too slow pace. By setting up financial buffers and instruments that can be deployed in times of crisis, so that we do not have to be panicked by policy. It's called fixing the roof when the sun shines. The power inequality in the Netherlands is enormous and there is really easy power to transfer or to roam, without us having to be afraid that we would end up in too egalitarian a system. I say that especially for those people who have great concerns about it. Mr. Chairman. None of this has happened and now we are taking emergency measures, because special times call for special solutions. If we then look at the supplementary budget for Social Affairs and Employment, we find that really insufficient. Yeah, we're looking at the broader picture. This extra €500 has been included in the supplementary budget, which we in the committee have said in broad terms today: hammer it out as quickly as possible. So it has become €1,300. Something has happened to the fuel tax, which, by the way, often does not produce anything for the people who really are at the minimum, because they are no longer able to drive cars. The reduction in the energy tax also offers some relief. I'm not here to bitch. I am not here to say that it is all bad, but I say sincerely from the bottom of my heart and also from our point of view that it is really too little, especially for the people with an income just above the minimum. This budget is therefore inadequate and has been discussed in detail in the House of Representatives last week. All kinds of concrete proposals have also been made. In the end, nothing has come out that can count on a majority that will help people with low middle income in the coming months. We've been thinking about doing that again. In the end, we chose not to do so from our group. There is no lack of good intentions for the future, but they do not yield anything. Then we are talking about specific measures, specifically to give this group of people extra money. I do not mean all the fine things that can be included in the budget for 2023 or 2024, because with the budget for 2023 you will not get through the autumn. When the heating season starts again, about from October, I see the people whose energy contracts have now gone to flexible €100, pay €150 more. They're already panicking and panicking at my desk, like, we're not gonna figure it out, what are we gonna do? Mr President, this is a very important speech. It is also our role in this Chamber to look with commitment, but also with distance, at legislation that is being presented to us. Unfortunately, the Group of the Greens/European Free Alliance has no choice but to conclude that the legislation that has been submitted to us is inadequate on this point. Legislation does not provide a good answer to the fundamental questions raised by society and to the legitimate demand of the population for public protection. I'd have liked to have come to another conclusion, but I can't. I am, of course, curious about the contribution of colleagues and about the answers and reactions, reflections, of the members of the government in the first term. Thank you."
ParlaMint-NL_2021-11-04-tweedekamer-4.u30,2021,2021-11,Dion Graus,Unknown,energy-general,0,"Thank you for keeping the Minister in touch at least. What strikes me is... That's why I specifically mentioned the fairgrounds. They provide affordable entertainment for everyone, including for Jan with the hat, as opposed to those expensive amusement parks, which not everyone can afford. We sometimes forget that these bakeries... That word is not meant to be derogatory, but it is always about ""the bakery on the corner"" from childhood. That's what it's called. They provide a primary need for life. I'm really worried. I have been a Member of Parliament for 15 years so far, and I hope to be able to do so for a while. I suddenly got a message from the baker's foreman. He said, ""I want to talk to you."" Then I think something is wrong, because I haven't heard those people for 15 years. I am very concerned, even though this is more on the plate of my colleague Kops, who is already committed to this. How can those bakers, who have a very high energy bill through their ovens, pay it in a minute? The bread and everything they make is a primary need for life. That's nutritious and healthy. That's a primary need for life. That is why I would like to draw particular attention to it, even now and also on behalf of my colleague Kops."
ParlaMint-NL_2021-11-18-tweedekamer-4.u214,2021,2021-11,Sjoerd Sjoerdsma,Unknown,security,1,"Finally, Mr President. [[Motion]] [[The Chamber,]] [[heard the debate,]] [[Whereas there has been a devastating conflict in northern Ethiopia since the end of 2020 and this conflict is spreading like an oil spill across large parts of the country;]] [[Considering that, in view of current developments, Ethiopia is unable to meet the arms export criteria set out in the European Union's Common Position and all contracts pose a further risk for further escalation of the conflict;]] [[calls on the Government to establish a European arms embargo for Ethiopia,]] [[and goes to the order of the day.]] [[This motion has been proposed by Mr Sjoerdsma.]] [[She's getting No. kst-35925-V-28]]"
ParlaMint-NL_2021-05-19-tweedekamer-4.u5,2021,2021-05,Anne Kuik,Unknown,energy-general,0,"Mr Baudet spoke of ""a warm invitation to come back."" It is about the dictator who used poison gas against his own people. I hope that we are critical of people who attack their own people. I'd like a response to that. And then I still have the question of exactly how Mr Baudet sees it, because if you are going to deport people, you must have intensive cooperation with that country. People have been tortured by this regime who fled from it. What indication does Mr Baudet have that all this would be safe again? Because the Secretary of State has also indicated that people really need to fear for their lives. I am therefore curious to see exactly how Mr Baudet sees this."
ParlaMint-NL_2022-07-06-tweedekamer-5.u39,2022,2022-07,Rob Jetten,Unknown,security,0,"If delivery via Nord Stream is not restarted on 21 July, this will not lead to acute problems, but will entail major risks for reaching the filling levels throughout the European Union. What I myself foresee is that the market will react very restlessly to this, so that the price, which is currently at a very high level, can rise even further."
ParlaMint-NL_2021-06-29-eerstekamer-9.u130,2021,2021-06,Johan Dessing,Unknown,energy-general,2,"I have a question for Mr Raven. I hear him making a warm plea for solar and wind energy. I can also hear him being a warm opponent of coal energy. I can understand that very well, also from his background, with everything that has gone wrong in the past, of course. I also hear he's against gas. My question to Mr Raven is: how does he plan to catch the intermittent current, if there is no sun and no wind?"
ParlaMint-NL_2022-02-09-tweedekamer-5.u182,2022,2022-02,Suzanne Kröger,Unknown,energy-general,0,But that part of that raise from three to seven because of that nitrogen plant is about this gas year. But it is now about saying quite effortlessly that 2022 is not going to work either and that it is going to be 2023. That's about the next gas year. Then that factory is there. Then that factory works. Then why can't the cabinet make it clear to the Groningers today that it just stops in the gas year 2022-2023?
ParlaMint-NL_2022-05-24-eerstekamer-9.u70,2022,2022-05,Rob Jetten,Unknown,energy-general,0,"No, that's the second point I wanted to make. There are many households in the Netherlands, but also small SMEs, who have been having huge problems paying their energy bills for months. The war in Ukraine has greatly strengthened this, but it was already going on because the energy market has been very strong since the revival of the economy after the corona pandemic. Those people are only doing one thing: they would like to conclude a normal energy contract, not a monthly contract, but preferably a long-term contract with certainty, at a much lower price. I myself do not think it is of any interest to those people that we are discussing the guarantees of origin here with each other. They would like to see a quiet energy market in which they can purchase an affordable contract. So I think we should keep two things apart. There is a price for guarantees of origin, in the sense of the administrative burden that companies pay and also pass on to the customer. That's very clear. This concerns the €3 I referred to earlier. And there is a market in which guarantees of origin may be traded. That's where the market value comes in all directions. It's a lot higher sometimes. But that is a business-to-business trade that the consumer does not in principle suffer from. This is purely about the administrative burden, to which Mr Atsma also asked. In my opinion, these are acceptable, because they also speed up the energy transition and give transparency in where the energy comes from."
ParlaMint-NL_2021-10-12-tweedekamer-28.u64,2021,2021-10,Mustafa Amhaouch,Unknown,energy-general,0,"That's exactly what I'm asking you. We had a wake-up call. When Russia turned off the gas tap towards Ukraine, we took action at once. Then there was to be a European Energy Union, built on five pillars. The first pillar is precisely that security of supply. There is also a bit of sustainability and a bit of innovation. It is precisely in this first pillar that I expect something from the European Union. With 27 Member States, you can be complementary. Which buttons can we turn on? Is that storage or risk spreading? We're still dependent on gas in the next few years. But let us not only depend on the Russians, but also make it somewhere else as long as we don't have that transition yet. Those are all buttons we can turn. I would also like to ask the Prime Minister's reflection on this. I have also been briefed when the European Energy Union has reported for the last time. That's 2019. Then we thought: okay, the rest will be fine, that will blow over. So no! We had a wake-up call with Ukraine in 2014. I think this is a second wake-up call. I think that is enough to revive this and to find solutions. I agree with Mr Van der Lee that we need to look for solutions, a toolbox or what we are going to call it, as Europe. Our discussion on raw materials and energy prices is one, but let's do a little rebalancing. This applies to a number of areas, and I shall come back to this in a moment, but on energy we are out of balance."
ParlaMint-NL_2022-02-23-tweedekamer-5.u169,2022,2022-02,Rob Jetten,Unknown,energy-general,0,"Unfortunately, I am not going to give a super-concrete answer to that now, because we are really working on it. We have agreed in the Norg Agreement on how this storage is filled with low-caloric gas for the use for households and hospitals, not only in the Netherlands, but also in Germany and Belgium, which also partly use it. In part, we have what was agreed in the coalition agreement, so fortunately already in practice. There are also other gas deposits in the Netherlands to which you want to impose the mandatory filling more. We haven't finished that legislative change before the summer, so we need to think about other ways to stimulate the market to fill the gas deposits. That's what we're thinking about right now. I'd rather give you a complete answer in that letter of inquiry soon than give you a half answer now."
ParlaMint-NL_2021-12-14-tweedekamer-26.u24,2021,2021-12,Henk Nijboer,Unknown,energy-general,0,"Thank you, Mr. Chairman. A budget debate without the VVD; I have not seen that before. But I think they're still meeting. If I listen to the first messages, Mrs Kaag has delivered a whole pile of melons that they are now devouring there. I look forward to tomorrow, and I hope it is, because there is a lot of work to be done on the VVD's election programme if that is to be a little bearable. Mr. Chairman. I am speaking today on behalf of GroenLinks, because my colleague, Mr Van der Lee, had to be a Member of Parliament with another obligation. I'll start with purchasing power. It's gonna suck for next year. The cabinet has taken some measures, for example for the energy bill. There has also been serious money made available for this. But that does not alter the fact that people are all going backwards next year when you start on the zero line for everyone in the autumn; in the Social Affairs budget that zero line is announced. There is huge inflation and there are energy price increases and higher petrol prices, as the PVV said. There are also higher costs for groceries and the rents go up. Everything's getting more expensive. Then you can say ""I'm a missionary and there's going to be a new cabinet"" but the next cabinet has exactly the same composition. The economy is likely to grow next year, and we need to see that with corona, but we're going to take it from there, and people are going backwards. The PvdA is of course mainly concerned about the tenants, the elderly and the low and middle incomes. My question to the Minister is why he did not prevent this with the cabinet. That's just a political choice. It could've been with Najarsnota. In fact, I argued for this last week with Mr Maatoug. Mr. Chairman. My second main point concerns under-utilisation. That is a financial term, which means that the cabinet had all plans that did not deliver. This is reflected in the broad budget, and it now appears in the Navy's note. About the infrastructure you could say: well, there were very few trains in the corona year and very few cars went by road and that, although it is a miserable reason, is just an opportunity to do extra repair and maintenance. But nothing could be further from the truth. There are all under-utilisations in infrastructure: by rail, by water, across the board. I'm also calling it ""Defense."" It is well known that the Minister is very much in favour of making extra money available for defence, but it is not being spent, not on the military, not on material, not on investment, actually on nothing. On the whole, what was budgeted last year is not being realised. That's what worries me. Or take the subsidies for renewable energy. The climate is not a problem for some parties, but it is a problem for this cabinet. There's 365 million left on the shelf. A large part of the opposition has been warning us all year: be more clear about what you want to stimulate. And now it's just on the shelf. What I found very amazing was the social lawyer, the legal aid. There are huge deficits there. I read an interview this weekend with Anker and Anker, the famous Friesland penalists. They also said: you're actually doing it just because of your social involvement, but for the hours you put in it, of course, you can't do it. And then I don't understand why tens of millions of people are left lying around for social lawyers and haven't been spent on them, when there are such shortages. Or nitrogen. There is a huge problem with housing and the housing shortage; I do not have to convince anyone of that. And there was 133 million available to buy out farmers, I say by heart. That was not so much to buy out those farmers as to make housing possible there. That's what we figured out last year: that's what we're gonna do. But it's not true. And, as is well known in the Finance Committee and, unfortunately, also in the supplement parents, the compensatory allowance is not going as planned either. There was money for that too, to pay out to parents before 1 December. So that doesn't end up in that place. I ask the Minister to go into all seven areas. How is it that the cabinet has such plans, but they are always not being implemented? Mr. Chairman. My third and final point concerns both Groningen and Limburg. Groningen first. It's known that the NAM doesn't want to pay the bills. How does the Minister ensure that NAM continues to fulfil its obligations for years? You see the bill going up. The cabinet's still guessing it'll get the money next year, but you'll just have to see if they'll finally pay. I also have a somewhat more technical question about this. The Navy note says, I believe in the last sentence, that new earthquakes have not yet been taken into account. Well, I can give the Minister one thing on a note: there will be new earthquakes in Groningen. They're still out there every week. If that's not already in the estimates, how does he get the NAM to pay for it? And shouldn't the estimates be adjusted? Mr. Chairman. My final point is Limburg. The cabinet said, because of the floods this summer, that it is going to compensate. We really have the question whether this is enough with the budgets that are now available. I also ask the Minister to respond. Thank you, Mr. Chairman."
ParlaMint-NL_2019-12-10-tweedekamer-32.u85,2019,2019-12,Esther Ouwehand,Unknown,energy-general,0,"Thank you, Mr President. On Twitter, we saw an announcement from the European Commission, and they are quite excited about the fact that they are going to present a new EU Green Deal tomorrow. Maybe you think that's good news, but they're already pointing out that it's a new growth strategy for our economy, our people and our planet. I say to the Prime Minister: that does not go together; there is a very costly mistake in thinking, which, frankly, we cannot afford anymore. A planet that will not grow any further cannot cope with eternal economic growth. When it comes to money, we in Europe have agreed that budget deficits should not exceed 3% per year, but does the Prime Minister happen to know what the annual ecological deficit in the European Union is? This is about the resources that the Earth can provide each year and regenerate on its own. How quickly do we get through this every year in the European Union? Mr. Chairman. As far as the Animal Party is concerned, this great mistake of thinking that the economy must continue to grow must be the first off the table. Economic growth is not the solution but the problem. I would remind the Prime Minister of his words at the national climate summit after the Paris Convention was concluded. He said: there was urgency in the air in Paris; there was a broad shared feeling that the time of waiting has passed and that the time has come to act. I would like the Prime Minister, with that thought in his head, to judge the European Commission's climate plans that are being presented. Because if we do not say goodbye to the idea that we should always grow, and if we do not say goodbye to agricultural subsidies for the next 365 billion a year; and they go to dairy farming to a large extent, while dairy farming is one of the biggest sources of dangerous greenhouse gas emissions in agriculture, so you are subsidising your own climate change for the next seven years. And if you want to achieve a goal in 2030, you have only two years left on 1 January 2029. Mr. Chairman. The European Union will also have to make a real change in its policy on renewable energy. So as long as you continue to call biomass sustainable, you encourage biomass to be used as a sustainable energy source in all Member States, you encourage a country like the Netherlands to grant it 11.4 billion and stimulate forest cover around the world. There are whole forests in biomass plants. Can the Prime Minister promise that he will work to ensure that biomass falls out of the sustainability framework? Mr. Chairman. Then there's the trade deals. If you want to pursue a climate policy as a European Union, you cannot make deals with countries that impose less climate rules on their businesses, ask less of their agriculture than the European Union does, and b directly cause deforestation and threats to human rights. I am referring, for example, to the trade deal with Mercosur, including Brazil. We have already asked the Foreign Trade Minister a few times where she is drawing the line when it comes to human rights. We know that Bolsonaro has said that he considers the indigenous people to be parasites. And we know that violence against these people is increasing. These people have begged the House of Representatives to say no to the Mercosur Treaty. The Foreign Trade Minister has so far not been shrinking while people have been murdered again in the last week. Where does the Prime Minister draw the line when it comes to concluding trade deals with Heads of Government who simply do not care about human rights, climate and the need to protect our forests? And if the Prime Minister has forgotten, I would remind him of his appeal to the European Commission this summer to speed up the Mercosur agreement. That was a letter from Angela Merkel that he signed. Yeah, I get that Angela Merkel wants that, because that's good for the German car industry. But the Prime Minister must stand for the Dutch farmers, mustn't he? And how did his note to the European Commission actually fall to the farmers, whom he has often spoken over the last few days? Farmers are not waiting for unfair competition from cheap products from Brazil. Mr. Chairman. Finally. Today, the First Chamber approved the ban on the use of coal. That in itself is a joyous fact. Now there's one thing in the way. That is the Energy Charter Treaty, which provides investment protection to foreign companies that have invested in Dutch coal plants and are now threatening billions of claims. Is the Prime Minister prepared to call tomorrow in Europe for the withdrawal of that treaty with regard to the Netherlands? The Party for Animals has already asked Parliament questions. I can imagine that the Prime Minister cannot answer all of them at the moment, but that we should get out of that treaty, that seems clear to us. Thank you, Mr. Chairman."
ParlaMint-NL_2019-11-19-tweedekamer-17.u161,2019,2019-11,Agnes Mulder,Unknown,energy-general,2,...to meet our targets for 2020 in the field of renewable energy.
ParlaMint-NL_2022-04-19-tweedekamer-43.u62,2022,2022-04,Hugode Jonge,Unknown,energy-general,0,"Yes. Now I'm getting boring, because I'm also asking for the motion in part No. 1017 to be retained. It's about sun on the roof. I have already announced to you that Mr. Rob Jetten is coming with a solar letter. We come with a solar letter, but he's the first signatory. This will undoubtedly include collective initiatives for rooftop solar panels, but in order to give priority to households in energy poverty, there may well be a very complicated planning issue, which I do not know whether I can live up to. I would also like to say this: would you please take this motion? Then we're gonna go jigsaw puzzles. Now I know what you want and I'll show you what we can do in the solar board."
ParlaMint-NL_2021-01-19-tweedekamer-4.u739,2021,2021-01,Mark Rutte,Unknown,economic,0,"This really needs to be done with the rulers of finance. I don't have the details of this myself. One more thing before I get to the motions. That's about taking over those private debts. I would like to echo what has been said about this by the Secretary of State for Finance. I am very glad that the Dutch Railways have done this now. I also very much support her appeal, on behalf of the entire cabinet, to do the same. This, of course, affects energy companies, housing companies, banks and health insurance companies. That would really help. I'll make that call through the camera of the House of Representatives to the energy companies, the housing corporations, the banks and the health insurance companies. Then there's the motions. The motion in part No. Mr Dijkhoff did not ask for comments from the cabinet. The motion in part No. 8 by Mr Wilders, I advise. The motion in part No. I also advise 9 of Mr Wilders. The Municipal Basic Registration now known as ""Underground Registration"" has been registering only the first nationality since 2014, precisely in order to prevent people with two nationalities across generations from being confronted with that second nationality. I therefore advise against the motion in part No. 9. I also advise against the motion in part No. 10 by Mr Wilders. Recently, in December, the rules of conduct between officials and members of parliament have been relaxed. The cabinet is now much more relaxed in the relations between the Chamber and officials and will give a favourable assessment of any request for contact with officials, but it is important that ministers continue to carry out the ministerial responsibility for the administration. This also follows from our constitutional system of ministerial responsibility. The motion in part No. 10 is therefore dissuaded. The motion in part No. 11 by Mr Omtzigt c.s. It's not up to the cabinet, is it? No. Then I shouldn't say anything about that. I'm not gonna judge that. The motion by Mr Omtzitt/Van Dam in part No. 12 is about the State Commission functioning rule of law. I request that they be retained. The cabinet will come before 17 March with a response to the ROB opinion and the annual report of the Council of State, and in the spring with a response to the documents of the WODC. So I would like to ask for the motion in part No. 12 to be retained. Otherwise, I'm gonna have to dissuade her. Motion in part No. 12, hold on. The motion for a resolution (Doc. 15 gets, as far as I'm concerned, judgment Chamber. The cabinet response has already stated that the principle of proportionality must be guiding. I would therefore like to interpret the motion in such a way that we look at how the general principles can be more firmly anchored in the Awb and that the way and scope are involved. So motion to part No. 15, Judgment Room. The motion-Klaver c.s. in piece No. 16 about the algorithms also gets judgment Room. The Cabinet recognises the need to ensure that algorithms do not discriminate and that the government should be as transparent as possible. I welcome the fact that nationality, ethnicity and place of birth will in principle not be used as an indicator in risk models for combating fraud, unless there is an objective justification for such data processing. By that remark, it receives a ruling from the Court of Justice. That is going to be quite a situation, because it is a lot of information. So we will also have to look at how we can set up a register that describes which complex algorithms the government uses and which have a substantial impact on individuals or society. The motion-Klaver c.s. in piece No. I'd like to advise against 17. Minister Dekker informed the Chamber of the additional budget released for legal aid, in particular in the field of personal and family law, and the adjustments to the system which enabled him to free up funds in a forward-looking manner. The Minister also promised the House of Representatives earlier that this would be his response to the Van der Meer Committee, which asked for 170 million euros. This subject will also be discussed tomorrow in the general consultation on subsidised legal aid. So the motion in part No. 17, dissuade. The motion in part No. 19 on the parliamentary survey does not require an opinion from the cabinet. The motion Segers c.s. in piece No. 25 also does not ask for a reaction from the cabinet. The motion-Van der Staaij c.s. in piece No. 28 is also a motion that does not ask for a reaction from the cabinet. The motion Azarkan/Van Kooten-Ariës in part No. 30, judge Room. As part of the legislative test, this is already done by the Ministry of Justice. The Azarkan motion in part No. 32 I'd like to ask you to hold. I understand his desire to do diversity for the government in this way too, but I would argue that this motion should be held until after the national coordinator's investigation against discrimination, so that we can take it one step at a time. So the motion in part No. 32 I ask you to hold. The motion in part No. 33 is about broad screening discrimination. If I may interpret it in such a way as to involve this in the already announced state committee, I would like to leave the opinion on this motion to the House. The motion Azarkan/Van Kooten-Ariës in part No. 34 I must advise against. If there is an objective justification for the use of nationality or ethnicity, this is permissible, for example when it comes to electoral fraud by individuals from certain countries. However, unjustified use of nationality or ethnicity must be rejected. Of course, we agree on that. The Azarkan motion in part No. 35 I'm judging Chamber. We support the need to look at this. We need to consider what legislation could possibly regulate this. I want to keep the possibility open that we are not laying this down in formal legislation, but first in guidelines, because the issue is so evolving that we need to be able to adapt the standards quickly. The motion Azarkan/Van Kooten-Ariës in part No. 36 doesn't ask for a ruling from the cabinet, I guess. No. The Van Brenk motion in part No. 38 I must advise against. It calls for an independent investigation into the removal of the administrative justice chapter from the Council of State. I have already explained in my first term that we see no reason in the report to review the organisation now. I have also mentioned that the Council of State itself is already in the process of reflecting on this. So motion to part No. 38, not recommended. The motion in part No. 39. Dissuade. The motion in part No. 40, also dissuaded. As a cabinet, we are not going to interfere in the design of the investigation announced by the Council of State. The Krol motion in part No. 41 does not ask for a response from the cabinet. Finally, I would like to make the motion in part No. 42 as this could pose a problem for some members of the cabinet. So motion to part No. 42. Dissuade."
ParlaMint-NL_2019-01-16-tweedekamer-6.u364,2019,2019-01,Henk Nijboer,Unknown,energy-general,0,"Thank you, Mr. Chairman. At the end of the debate, I say it at home: I do not really trust that this approach to the problems in Groningen will work out. I hope I'm wrong, but I'm scared, and I expect we'll be here in a year and no flute yet in Groningen. This is because a model is being used, a technocratic approach is being adopted, damage and recovery are not being combined, and the strengthening and vision of the future of the villages are not being properly regulated either. That's what I'm worried about. Unfortunately, we will talk about it more often here. I have one main motion, supported by the full opposition. Not all parties are present. I hope to receive support from the coalition next Tuesday. [[Motion]] [[The Chamber,]] [[heard the debate,]] [[Whereas the Municipal Councils, the Gas Council and the Groninger Soil Movement have written a compelling letter containing five opinions;]] [[calls on the Cabinet to take full and full account of these five opinions and to implement them;]] [[and goes to the order of the day.]] [[This motion was proposed by Mr Nijboer, Mr Beckerman, Mr Akerboom, Mr Van der Lee, Mr Kops, Mr Stoffer and Mr Van Rooijen.]] [[She's getting No. kst-33529-560]]"
ParlaMint-NL_2022-03-10-tweedekamer-12.u324,2022,2022-03,Tomvander Lee,Unknown,security,1,"Thank you, Mr. Chairman. Many thanks also to the rulers, their assistants and colleagues in the cabinet who work very hard with other colleagues in Europe from other portfolios. This is happening in a united way that GroenLinks wholeheartedly supports. In the debate, however, I insisted on going a little further in a number of areas. This morning we were talking about financial sanctions, and we are getting more information about that. A motion from me was also passed this afternoon. I am also sympathetic to Mr Van Dijk's motion, but I think that is also included in a letter that is to come. Every bit helps. On the other hand, I would like to make the point that if the Netherlands takes steps to restrict imports of fossil energy from Russia, it will need some room within the common market. Hence the following motion: [[Motion]] [[The Chamber,]] [[heard the debate,]] [[Whereas Russian violence in Ukraine is becoming increasingly extreme and the artillery shooting of a children's hospital is clearly a war crime;]] [[Whereas the further reduction of money flows to Russia can force Putin to cease firing more quickly;]] [[Whereas for this reason the US and the UK have decided to boycott fossil imports from Russia;]] [[whereas not all EU Member States can follow this step, but Netherland and some other Member States could do so;]] [[calls on the Government to make every effort to ban the new imports of fossil energy from Russia as soon as possible as the Netherlands does;]] [[calls on the Government to actively launch the dialogue within the European Union and to provide scope for those Member States which wish to take similar steps, but also, of course, to leave room for those Member States which, for understandable reasons, cannot do so,]] [[and goes to the order of the day.]] [[This motion has been proposed by Mr Van der Lee.]] [[She's getting No. kst-36045-23]]"
ParlaMint-NL_2019-02-07-tweedekamer-6.u56,2019,2019-02,Stientjevan Veldhoven,Unknown,energy-general,0,"In this wording, the letter is always there for the votes, but we are really going to try to send the letter before the vote on the rest of the motions. However, I am dependent on the speed with which my colleague can react. In any case, we will ensure that there is an answer to this motion as soon as possible. Mr Ziengs has asked to involve the representatives of the agricultural sector as well. This is indeed crucial, because there are often options to combine, for example, the replacement of an asbestos roof with solar panels. We like to involve the knowledge and expertise of the agricultural sector. LTO is already participating, including the ambassadors, and we are certainly going to involve the agricultural sector in the fund. This brings me to the end of my reply."
ParlaMint-NL_2022-02-23-tweedekamer-6.u43,2022,2022-02,Sigrid Kaag,Unknown,energy-general,0,"No. Then maybe I haven't been sharp enough. That was in response to Mr Van Houwelingen's question when it comes to borrowing for the benefit of the funds. That's what I was talking about. The climate fund and the nitrogen fund still have to pass the Chamber. The Court's budget law is fully respected. At the moment, the Minister for Climate and Energy and the Minister for Nature and Nitrogen are working on the substantive proposals. It looks at how they can get to work as quickly as possible."
ParlaMint-NL_2021-06-16-tweedekamer-9.u187,2021,2021-06,Hans Vijlbrief,Unknown,energy-general,0,"I should have mentioned this. Mr Van Weyenberg is right. This is a correct argument, I think. There were two arguments if you don't set that path right. The first is that you push electricity production across the border, putting security of supply at risk. For all brightness: in peak situations, not direct, not structural. The second argument is that there can be dirty, more CO-intensive energy production in other countries and thus the total production of CO can even increase. Of course that's correct. I did it a little loosely and I shouldn't have."
ParlaMint-NL_2019-10-02-tweedekamer-6.u33,2019,2019-10,Joost Sneller,Unknown,energy-general,0,"So I think it is an excellent idea to invest more. Meanwhile, the government debt continues to fall. Despite commitments in the previous Financial Reviews, a lot of money remains on the shelf. The CBS suggests an even larger surplus. It almost presents us with the luxury problem: how low should public debt become? Is the Minister with Klaas Knot saying that 45% of our national income is enough or is he from the school ""the lower, the better""? I'd like a response. Moreover, Mr Slootweg also asked what exactly happened to the EUR 8 billion that the minister stole abroad? At which banks and companies was that? I come to the second part of my plea to look beyond the buffers. This consists of implementing structural reforms that strengthen our economy. It's more resilient and resilient when it's inconvenient. The cabinet has achieved a major achievement with the Climate and Pension Agreement. Now it is important to go from paper to practice there. However, this minister's stewardship could still use a double dose of reforms, such as the healthcare expenditure that grows further every year and pushes investment or makes it more difficult to reduce burdens. In one of the less clear passages of his School Singing, Hoekstra warned the politician Hoekstra, the CDA'er, as he himself said in Box K, but from the Cabinet I see so few serious initiatives to curb that increase more actively or at least to estimate that increase more accurately, or at least not to raise this crucial debate on the agenda. The same applies to the reform of the housing market. The European Systemic Risk Board says very explicitly to the Netherlands: should they not be reduced a little further? These are adjustments that I believe would also be in our own interest as part of a broader reform, because our house-high debts and our capabilities that are rock-solid make us even more vulnerable in crisis times. In short, there is still a world to be won here. But instead the Minister writes: sorry, Mr. Draghi, we do so much already. So, Minister, the question is how to ensure that we can answer next year: oh, and Mrs Lagarde, thank you for the advice, we are working on it. Reforms must also be accompanied by a sense of urgency, because the moment that we sighed that we should have reformed when the economic tide was in place is getting closer faster than we would have liked. Incited by populism and nationalism, dark clouds are hanging over our economy. They appear from across the Channel and across the ocean. The risks from China and Italy have also been on our radar for some time now. Mr. Chairman. Today I would like to consider another risky region. Today it is exactly a year since Mohammed bin Salman, crown prince of Saudi Arabia had Jamal Khashoggi murdered the journalist. Shortly afterwards, the Minister and I were facing each other in Question Time, after which he finally decided not to act in a panel next to the Crown Prince at a conference organised by the Saudi sovereign wealth fund. This week, a year later, Bin Salman acknowledges full responsibility, but justice is still a long way to go. This year Saudi Arabia will be president of the G20. The Queen already gave an example of how we shouldn't deal with it at the beginning of the summer. My question to the Minister is: how is he going to make sure it doesn't become a business as usual? What is his answer to the question put by his fellow minister above the market: does he think that people who fill their tanks with Saudi oil are responsible for the crimes and crimes of that country? And does he think that the Dutch State is partly responsible because we are making money from the excise duty on that oil? Mr. Chairman. Our addiction to the oil infusion with which we sponsor authoritarian regimes in this region is, of course, terrible. It also makes us financially vulnerable. The drone attack on an oil refinery two weeks ago made that clear again. That is why I have the following request. With so many risks lurking, I would still like to receive that shock test for public finances. But even without these risks, the economy will be reduced once again. Last year, therefore, I asked that we prepare ourselves more seriously for a cyclical change. The terms of reference for the 16 working groups working on this motion are promising. Compliments of the way that was picked up. This year I would like to add to that the Council of State's call for greater attention to be paid to the composition and efficiency of public expenditure on debt instruments, indeed, Mr Snel's special attention to the benefit-burden system. Mr. Chairman. In these calls I take hope from the knowledge that the Minister dares to make big decisions in a short space of time when he has seen the light. For example, we saw this force in the purchase of Air France-KLM shares, while of course we are becoming increasingly curious about the follow-up and when we get certainty about the state guarantees. And yes, as I said to Mr Bruins, it is very important to ensure that there is always a sober person present at such moments. I asked for an exit strategy during the debate on the purchase, because the government is mainly there to be a good partner or market master, but not necessarily to play the small business itself. This question about an exit strategy has again been central to ABN in recent weeks. Since the Minister's arrival, ABN's stock market value has fallen by several billions, while the government agreement states I am pleased that the Minister confirms in the answers that he still wants to sell it as quickly as possible. My question to the Minister is: how exactly can we control what opportunities have been there? Then the Secretary of State. He's like this, contemplating everything, kind of boring about it. But maybe he has bigger challenges. As the Court of Auditors pointed out, it has made improvements and achieved results in the Tax Administration. But the legacy is a heavy burden and solving it really takes a lot of time, while there is yet another ambitious fiscal agenda. I have three questions for him. Firstly, the municipalities, which were also mentioned earlier. They have been given many additional tasks in recent years, but their funding is lagging behind, in terms of stability, in terms of systematic and in terms of size. Municipalities remain very dependent on the Empire and the Empire then adjusts their budgets a few times a year, sometimes even afterwards. The cabinet is now looking at a more stable supply of the Municipal Fund for the coming years. But is the Secretary of State also prepared, as Mr Nijboer rightly asked, to look in the short term to see if the adverse effect of under-utilization by IenW can be reduced? And is he prepared to consider for the longer term whether another system, for example that larger tax area, or any other standard-setting method would be even better? Meanwhile, municipalities suffer from a large bleacher, the scaling-up discount. At first it was introduced as a sweet little leech of about 60 million by Minister Plasterk. But in the meantime, this Plaster stimulus has been quite swollen and in full-grown form it costs almost 1 billion euros a year, while the odd conclusion must be that very, very little has come of this announced scaling-up. Or does the Secretary of State still see any logic? Not only municipalities, more than six million households are dependent on the Empire through the payments to make ends meet, and they too often get caught up in recovery and get into trouble. This system is clearly running against its limits. It needs to be much simpler and it needs to be better. Wide lives the desire to ensure that work pays better and that more work pays more. But we continue to wait for investigations and investigations, and we continue to nudge implementation problems. So what are ambitions and the Secretary of State's plans to make progress here? Wide also lives the desire in the Chamber to reform capitalism to preserve it, except for Mr Alkaya. In our globalised world, this is going to have to appeal to him, because he made a plea for international cooperation. For this we must increase European sovereignty in order to defend our Dutch interests. Whether it's contemporary competition control on tech companies, I see him nodding in agreement or effectively combating tax avoidance, and when it comes to greening our taxes so that pollution of our environment and destruction of our planet will not be so absurdly cheap, European cooperation is crucial."
ParlaMint-NL_2022-02-15-eerstekamer-7.u563,2022,2022-02,Henk Otten,Unknown,energy-general,2,"No. The whole idea was that the gas roundabout, which also runs through Groningen et cetera. It's a roundabout, a circle throughout the Netherlands was meant to secure the energy supply for cases like we now have with Russia and so on. I would therefore ask the Cabinet to pay more attention to this, because this is of great strategic importance for our economy and our energy supply."
ParlaMint-NL_2019-04-03-tweedekamer-7.u89,2019,2019-04,Suzanne Kröger,Unknown,energy-general,0,"Still a question to the VVD about this good news show. Does the VVD recognise that despite the certification, despite the commitment, despite the fact that 90% now use the voluntary certification system in the Netherlands, there are still huge problems in palm oil production and that additional steps are needed?"
ParlaMint-NL_2022-06-15-tweedekamer-8.u48,2022,2022-06,Lilian Marijnissen,Unknown,energy-general,0,"Well, I'd say welcome to a country where you've been running a cabinet for years. Then the Prime Minister comes up with a very nice story about Shell and the importance of the big companies, while my question was precisely about the fact that the Prime Minister has to acknowledge that we are now seeing that this idea and the organization of our economy is not working. We see that, don't we? Shell is incredibly well. There the profits are made and distributed among the shareholders. But we also see that an ever larger group in the Netherlands is simply sinking through the financial soil. That is not just what we say as SP, that is what more and more parties say. That's what the CPB says. That is the great contradiction in the capitalist market organization that shows that it is going wrong and that it does not work for the majority of the Dutch?"
ParlaMint-NL_2021-05-11-tweedekamer-29.u3,2021,2021-05,Raoul Boucke,Unknown,energy-general,0,"Thank you, Mr. Chairman. Before I begin my speech, I wish those who make their maiden speech today every success. We're talking about two esteemed colleagues in a few minutes. Mr. Chairman. Our house is on fire. We need to move. We have made global agreements to reduce our CO emissions. With the law proposed by the Minister, we can take an important step and take action. But the final goal is not yet in sight: to combat climate change. As far as D66 is concerned, it is really painful that a court ruling was necessary to keep the cabinet to its own goals. D66 is very clear: we would have preferred that the judge did not have to use it at all. We must achieve the goals and the Dutch must be able to trust that this will happen. We must take into account the concerns of climate strikers and of the Grandparents for the Climate. What kind of signal are we sending to the next generation, the young people, for which we are doing it? I spoke to the climate strikers last week. Their concerns about the consequences of climate change for their future are great. They're asking politics to take action. That's what we do in this room. Mr. Chairman. This cabinet is a missionary, but climate change is not a missionary. D66 has put this cabinet in the green, but it is not enough. The whole world is now going for climate action. Joe Biden, on the other side of the ocean, rolls out one ambitious billion-dollar program after another. Germany got a right-wing hit and turned this into action as quickly as possible: 65% in 2030 and climate-neutral in 2045. That's what they decided in a week. Ambitious climate policy is the future. We now need to focus on green recovery. Mr. Chairman. Yesterday, for the first time in history, the CO price was higher than €50 per tonne. I have been able to work on this European system in Brussels for many years. The success was not always visible. There were even voices to stop, but we went through with it. Because for solving complex problems there are no quick fixes. With a sharp rise in CO prices, the urgent need for compensation for energy companies is becoming less and less acute. That's the profit of this system. What CO2 price has the Minister taken into account when drafting this bill, and is that still a real starting point? Because the price has risen very rapidly over the last few weeks. Two. How does the Minister intend to avoid overcompensation? Does the Minister choose to work with forward prizes and, if so, why? Does the Minister agree that the general interest is better served in working with ex post compensation on the basis of real prices? For let me be clear: D66 does not want to pay too much in compensation, not at all as the CO2 price rises. A third question to the Minister is: are the corresponding ETS rights withdrawn from the market in the context of the limitation of coal burning due to the integrity of our European system? Mr. Chairman. The growth of sun and wind is fast. The price of CO is rising; I just said it. There is therefore no point in continuing to subsidise these black coal plants. The already promised subsidy on biomass is a financial infusion for coal-fired power stations, which we have to get rid of in the long term. There are more and more reliable clean alternatives to energy generation. That is what we must do. Can the Minister confirm that biomass is finite and, if so, by when? Mr. Chairman. The intention is now to close all coal plants by 2030. As far as we're concerned, we need to speed this up. With the rapid growth of solar and wind energy in the Netherlands and the rising CO price, we can say goodbye to the coal power plants faster, but to achieve that we need political leadership and a much faster roll-out of wind farms at sea. The report prepared under the direction of Laura van Geest talks about 10 gigawatts when we start the preparations in 2021. Last Sunday, 9 May, it was Europe Day. Then we will look at what Europe has brought us, such as a European prize for pollution. When that CO2 price rises, the business price for fossil energy, such as coal power plants, is getting worse. That brings me to the following three points. Firstly, I would like to ask the Minister how he intends to speed up the closure of coal-fired power stations, so that they close not only in the Netherlands but throughout Europe. Secondly, negotiations are under way for the closure of the Rotterdam coal power station Riverstone. For D66 it is clear: once closed, remains closed. How does the Minister prevent Riverstone from getting back into the hands of some venture capitalist? Thirdly, we need to take care of Riverstone's employees. We must help them to find a new, future-proof job, with the help of a social plan and in consultation with the workers. Is the Minister already discussing a social plan for Riverstone workers with the workers and the workers' organisation? Our group is keen to be clear about this. Mr. Chairman. With the closure of the coal plants we are not yet there. This cabinet and this minister are missionary, but climate change is not missionary. What else is the Minister gonna do? Because we have an expensive duty to the next generations to really work on ambitious climate policies, to work on the further roll-out of sun and wind, to work on the development of sustainable and innovative techniques and to provide jobs for young people with a real, future-proof green job. We have a chance to work right now. With billions of domestic and foreign recovery funds, we can build that green economy of the future. This morning CSR Holland was standing here on our doorstep. They told us that entrepreneurs who are already doing sustainable work are more likely to face the blows of the corona crisis. We'll give it to every entrepreneur. That is why I ask the Minister how he is using national, international and European resources to get greener and thus stronger out of this crisis. We are moving away from coal and need new energy sources. How will the Minister speed up clean energy production? Just now take the chances of accelerating wind energy at sea, my advice to the Minister. There is a chance of 10 gigawatts, for example in the north of the Netherlands. Finally, I ask the Minister to remain in talks with the Urgenda Foundation. I also call on the outgoing Prime Minister to talk to them quickly. I would have liked to have a plenary debate with the Prime Minister, but my appeal to the Prime Minister stands. Mr President, in conclusion."
ParlaMint-NL_2019-03-14-tweedekamer-10.u313,2019,2019-03,Jesse Klaver,Unknown,energy-general,0,"I understand that, but the Prime Minister is talking about 'wide support' and 'provoking the hand', so I was just looking forward to that. Let me just ask you a very specific question. I believe that on 21 March we should sit down with all the parties here in the Chamber who say: we are going to work towards that 49%, and we are going to do so with such a CO levy and with lowering the citizens' energy bill. Can we make that appointment?"
ParlaMint-NL_2019-03-14-tweedekamer-10.u144,2019,2019-03,Thierry Baudet,Unknown,energy-general,0,"As I have indicated and maintained, also in the wake of interruptions, I believe that the costs are enormous, and far greater, wider and more comprehensive than what is sometimes mentioned in one or two reports. We have also discussed the cost of isolation, the cost of a heat pump, in the interrupting debates, but we have not yet discussed the cost of purchasing expensive electric cars. Whatever is mandatory, whatever has to be done, because once again, in 2050 the whole of the Netherlands has to get rid of fossil. That is the harsh demand set out in the Climate Law. So cars need to be replaced. All cars must be replaced. Trucks, tractors, ships, you name it all! Everything's gonna be more expensive, across the board. Food, food, the cost of electricity, driving, flying, renting or buying a house, renting or buying a business property, concrete, steel, medicine, a beer, because that too is brewed with gas. Everything really gets a lot more expensive. We believe that these costs amount to a total of 1,000 billion. The afteraccount can be found on our website. So people's purchasing power will collapse. Purchasing power will collapse. We have no option of investing in education, in care, in infrastructure, in security, in housing. And what's in it for us? If all doomsday scenarios come true, even if you believe what Jetten and Klaver believe, then the Dutch efforts might possibly heat up the earth by 0.00007 ̊C less. So this huge operation is also completely pointless once again. Wherever you put these costs, it is a question of whether we do it to the citizen or to companies that are going to pass it on to the citizen. So the people in the Netherlands pay, via taxes, through more expensive products, through a higher energy bill. Those costs will end up with us. My appeal today is addressed to the coalition, but also to the voters in the Netherlands. Choose the Netherlands. Let the mind speak. Drop the climate bill. Invest the money that is now being thrown away, spent on completely pointless measures, in building a thorium reactor, in research into real innovation, in reducing charges to stimulate activity..."
ParlaMint-NL_2021-05-11-tweedekamer-29.u260,2021,2021-05,Renske Leijten,Unknown,energy-general,2,"The Minister thinks so. CE Delft says to us: that security of supply is greatly overrated. The House has said that we will at least stop subsidies on biomass. That's not controversial. The minister is hiding and sketching a doom: the light goes out or the big industry is out of energy. That is exactly the same line of reasoning that was used at the time, in 2006 and 2007, to build these new coal plants, which we now have to spend billions on to shut them down again. I find it so little substantiated, while this bill does open the door to the cook and to that biomass, which we all say: it doesn't produce anything in the CO targets, it costs us a lot of tax money and it is not an alternative to renewable energy; are you committed to that? That's what the ESC says. And then the Minister says, ""Yes, I think so."""
ParlaMint-NL_2022-03-22-tweedekamer-25.u105,2022,2022-03,Eelco Heinen,Unknown,energy-general,0,"We had municipal elections not that long ago. In that context, I have passed a lot of doors and talked to a lot of people. The image Mr Tony van Dijck sketches here, I honestly do not recognize. I have seen in many conversations the concerns of people who said: this is really going to be a lot, can I still pay? At the same time speaking is also a lot of people who said: I understand that the government cannot compensate everything. We're gonna feel all this. I am also really willing to see where I can reduce myself, but I am also very happy with the compensation that the government gives. I think this is a battle we're fighting together. We need to see what society can carry and what we, as a government, can do about compensation. Can we compensate for everything? I don't think that's gonna work. But can we do everything we can to ease the pain as much as possible? I think so. If we look then... We had the coalition agreement. Not so long after the presentation of that coalition agreement, we have been Chamber-wide in the General Financial Reviews, and I am pleased to see that a package of measures of EUR 3 billion has been enforced to reduce the tax on the energy bill. Now we see that this is not enough and we are adding another EUR 3 billion for VAT and excise duties and giving municipalities the opportunity to compensate households. If I answer Mr Tony van Dijck's question whether we are prepared to do something extra: yes, and we have proved that, because we have already done something extra."
ParlaMint-NL_2020-03-11-tweedekamer-4.u50,2020,2020-03,Carla Dik- Faber,Unknown,energy-general,0,"The second motion concerns the government's information campaign. In general, I have recalled that the government has been extremely successful with the State lottery, which defrauds people's money, but where you never win a prize. If you invest in renewable energy, for example in insulation, you can always make money. [[Motion]] [[The Chamber,]] [[heard the debate,]] [[noting that the government's advertising of the State lottery is extremely effective and even wins prizes like the Golden Loeki;]] [[Whereas the climate campaign ""Everyone does what"" of the government to help citizens and businesses to make sustainable choices is not the case, whereas these investments are always priced;]] [[calls on the Government to inform the Chamber in the short term of how the Cabinet intends to involve citizens and businesses in the energy transition and the development of this campaign and broaden the scope of the campaign,]] [[and goes to the order of the day.]] [[This motion was tabled by Mr Dik-Faber and Mr Sienot. It seems to me that their submission is sufficiently supported.]] [[She's getting No. kst-32813-466]]"
ParlaMint-NL_2022-03-22-tweedekamer-25.u73,2022,2022-03,Stevenvan Weyenberg,Unknown,energy-general,2,"Again, that is why it is good that billions are being released and that no decision has been taken in a few months' time. But one more thing about these climate funds. If there is another great lesson, that is that we are far too dependent on fossil energy, on energy and gas from Russia, and that we must get rid of it. As far as I am concerned, therefore, the urgency of these climate funds has not been reduced, but only increased, because the lesson is that we are still too dependent on Russian gas."
ParlaMint-NL_2022-02-23-tweedekamer-2.u81,2022,2022-02,Arda Gerkens,Unknown,energy-general,0,"Then I must correct what Leijten says, because that is simply not right. The 35 billion is also allocated in part to the insulation of homes and hybrid heat pumps, precisely in the built environment, in the people's home, so that they are warmer at lower costs. We also invest in our own energy production and our own energy system, which makes it more reliable in the long term and can also ensure that we do not face these high prices every year. That also requires investment. That is what the climate fund is trying to do."
ParlaMint-NL_2020-05-28-tweedekamer-6.u161,2020,2020-05,Wouter Koolmees,Unknown,economic,0,"I've had the whole block of dismissal, so I'd like to skip the subject. Mr Van Haga, Mr Van Weyenberg and Mr Aartsen had questions about the NOW and the coincidence with other subsidies. We have, of course, rigged the whole package with wide support schemes. In calculating the turnover reduction for the NOW, subsidies are counted as turnover. Of course, this was done mainly at the beginning, because some sectors simply receive subsidies. In education, art and culture and care there is a subsidy to finance buildings or staff. If you didn't count that, you'd, as it were, double-subsidise. The difficult point is that if we now make new aid measures, such as the fixed-cost allowance, or in the previous round the TOGS, which, of course, are also included as revenue by accountants. You cannot distinguish in an audit what the money is meant for. It's just revenue and therefore revenue. If you make separate categories for this, it is also uncontrollable for accountants. We'll have the risk of fraud. So it's in here. It's all about this. The NOW grant itself does not count in the turnover, because then you get a kind of circular reasoning. So it's not. We have of course read that this week, but that is not the case. There is a lot of uncertainty in the estimates. We have chosen an advance and a reference month and made an estimate of the decrease in sales. In retrospect, it has to prove exactly how much it has been. The risk of set-off, paybacks or defaults is rather high when a company has to estimate in advance how much turnover loss is being made. It's complicated at this time. We have therefore opted for a margin of 80%. So that is not the 100% subsidy, but 80% subsidy, which reduces the risk of post-taxation. We have a different dilemma with that. You can create liquidity problems for entrepreneurs. We therefore have other arrangements from the Minister of EZK, namely the guarantee scheme and that kind of thing. Mr Van Haga and Mr Stoffer had a question about seasonal companies. Of course, in package 1.3, in last week's letter, we found a solution for seasonal companies by moving the reference month from January to March. The question also concerned an alternative calculation of turnover. That's not possible, because then it becomes uncontrollable again. We compare the sales for the months of March, April, May now it will be June, July, August and September with seven months turnover of 2019. Why those 7 months 2019? An audit has been carried out and annual accounts have been established. The following will soon be determined by auditors at the large subsidy amounts, so that you can compare it well with each other. If you have to calculate which part of the turnover is made in which month, it is actually impossible by the large number of companies. We have made it simple, but we have listened carefully to the criticism of the seasonal companies that they had relatively few people on the payroll in January. That is why we added the possibility for March last week. As a result, the most recent wage data ""March"" can now be used for the NOW 1.0 and instantly for the NOW 2.0. Mr. Chairman. I am going to try to get through the questions about employment and labour market policy quickly. Many questions about education have been asked by the Christian Union, the CDA, the Labour Party, 50PLUS, Van Kooten-Arissen and DENK. Of course, we have our regular ""lifelong development"" and education policies. We have the SLIM budget and the STEP budget. Those are all things we have by default. In addition, we also released 50 million for the Netherlands in the support package 2.0 last week. That is not a very large amount, but it is an amount that applies for the second half of this year and that can be deployed quickly. It is actually intended as a kind of lubricating oil to detach the R&D funds in the sectors. It is intended to enable online training. Why? There are a lot of people sitting at home right now and not working. There's an offer, except it's behind a pay wall. Well, make it available to sectors so people can track it. But the intention is, and that was also stated yesterday in the agreements we made with the social partners, that additional agreements will be made in the coming period on the detachment of these R & D funds, something Mr Klaver talked about. We are doing this in order to involve the social partners in this training and retraining policy and to help them move from one job to another. Mr Heerma, for example, referred to part-time work. Mr Terpstra, all kinds of industrial sectors, as well as Willem van der Leegte van VDL, have asked for a part-time WW, so that it can be combined with job retention and room for training. In the agreements we made yesterday, it says that in the coming period, we are going to create a working agenda with the social partners to set up such instruments and to think about how to use them. We would like to join the existing instruments. Another example is cross-sectoral R&D funds. How can you use the money built up in one sector for education and training to retrain you to a job in another sector? All these creative ideas need to be detached in the coming period, together with the trade unions and employers, in order to shape that agenda. I have already promised the Chamber that I will explore the possibility of this part-time WW. That's what we're doing. The truth is that the old part-time WW before the Work and Security Act can no longer be said. I say it to Mr Asscher, but I do not know why! So we're going to have to get to a new design. When you talk about 1.8 million employees, it is complicated to shape that, because you have to keep track of individual WW rights of 1.8 million workers. So it's really a complicated puzzle we're thinking about right now. Mrs Van Brenk asked if the AOW age could be reduced. As she knows, I do not think that is a sensible idea, because of what economists call the ""lump of labor failure."" That is the idea that less offer leads to the filling of vacancies by young people. In the 1980s, this did not work. For example, none of the VRS has had that effect. That is why I am not in favour of this. What I am prepared to do, as I agreed in the pension agreement with the trade union movement and the employers, are agreements on sustainable employability and the possibility of part-time and early retirement. Mr Asscher asked for this and I included it yesterday in the letter with the trade union movement and the employers. Sustainable employability and part-time and early retirement can also play a role in discussions at sectoral level on what is sensible policies for this crisis. As you have read in the newspapers, we are now working on the implementation of the pension agreement, the allocation of this EUR 800 million pot and the legislation for the RVU proposal. That's, I'll say, the fine on early retirement. That will bring us to the Chamber, hopefully soon, as soon as we have the pension agreement. But we are also taking it into account in the work agenda that I agreed with the social partners last night. Mr Asscher stands still!"
ParlaMint-NL_2021-06-29-eerstekamer-9.u123,2021,2021-06,Tineke Huizinga- Heringa,Unknown,energy-general,0,"I'm always happy with the conclusion that insight comes with the years, especially since we're all getting older. I'll leave it to you. Mr. Chairman. Abandoning the law would also save the Secretary of State the difficult determination of the disadvantage compensation. My group welcomes, once again, the amendment adopted in the House of Representatives to refer the method of determining further compensation to the Chamber. Mr Crone asked whether this could be done in the Upper Chamber. That would also be an improvement for my group. For us, the starting point in the assessment is not that compensation should be as low as possible. When companies are disadvantaged by public trading, it is reasonable to compensate them for this. The compensation must be real and pay for the damage actually suffered. It would be difficult to establish whether and how much coal plants have been kept below the production ceiling because of the law, and how much is due to the lower or even negative margins in the market. I'd like a response. Mr. Chairman. One more question about the duration of the change. My group has asked why the amendment does not apply until 2030, if all coal plants have to close down. This gives clarity and certainty to the energy industry. The Secretary of State replied that this is not necessary; from 2025 there is no provision for a ceiling to be set. Does this mean that it is certain that the ceiling will no longer be necessary from 2025 and that the amendment will not be renewed? Then it would be good to include that in the law. Or is it conceivable that in 2024 it will be decided to maintain the change? My group would like a clear answer from the Secretary of State. It is important for the energy industry to know what is going on. Long-term uncertainty and uncertainty are bad for the confidence of the public sector in general. This is certainly true of the companies in the energy sector. As it takes longer before there is a missionary cabinet, the appeal by the cabinet to its own missionary status, which I also encountered in the reply, becomes less strong. At the moment, there is no view of a new cabinet. The coal-fired power stations can expect clarity from the public authorities, including as regards the duration of this change. Mr. Chairman. We look forward to the answer of the Secretary of State."
ParlaMint-NL_2019-12-17-tweedekamer-47.u68,2019,2019-12,Agnes Mulder,Unknown,energy-general,0,"Mr. Chairman. It's restless on the climate front. Our companies and residents are looking for clues, security and direction. For the CDA, the direction is clear, namely that we are going to get Paris. That is why I went with a number of colleagues to the Madrid climate summit. With our own eyes we could see team Holland working there. Compliments for them. Mr. Chairman. Recent IPCC investigations outline black scenarios. On 9 December an article was published in the Volkskrant about a study of climate models. The conclusion of this study was that the climate models have been right for 50 years. Knowing this, I am pleased that Europe has indicated its willingness to increase ambition. If the European Commission's Green Deal is feasible, affordable and contributes to our employment, the CDA will look at it with a positive basis. Our question to the Minister is when we can get an impact analysis of this Green Deal. Mr. Chairman. It is worrying, however, that the rest of the world does not yet show that sense of reality. Countries such as China, Brazil and India still seem to be stuck in the groove at the moment, which will have to supply the developed countries first and they will have to go to work afterwards. This picture also emerged at the meeting of the Interparliamentary Union in Serbia in October this year. The IPU has been in existence for 130 years and more than 160 countries are members. What the United Nations are for governments is the IPU for us as parliaments. At this meeting, I spoke with India on behalf of our geopolitical group of Western countries, because India had submitted an energy item on the climate. My Indian colleague told me that he has the impression that Western countries want to share knowledge, but that they hardly do so in practice. He also indicated that the agreed funds would not be provided. After a tough negotiation, the conclusion was that we should deliver what we agreed in Paris and that, if we want to get below 2°C, the developing countries would have to make their contribution even now. In all conversations, we are a party to the fact that we cannot and will not do without the inhabitants. The same goes for the Indian colleague. He's been facing increasing flooding in his district for seven years. That also makes him and his constituents restless. This is a shared responsibility. Mr. Chairman. This brings me to climate and energy exploration in our own country. There is a Dutch Climate Agreement and a Climate Act. The Planning Office for the Environment has passed on the agreement and there is a reflection by the Council of State. The Council of State states that the first draft climate plan is evidence of a robust climate policy, which is also expected to lead to a significant reduction of greenhouse gases. However, the Council lacks a legislative programme in relation to the future of our society in 2050. I therefore entirely agree with Mr Van der Lee; let us therefore stick together. Does the Minister pick up this glove and, if so, when can we receive it? Mr. Chairman. The Council of State concludes that climate policy remains a paper reality if it is not feasible for citizens, businesses and other public and private organisations for a variety of reasons. That brings me to the question of governance. How does the Minister handle this with society and with the participants at the tables and other parties, such as co-governments? What is the response to the letter from Aedes, which states that the PBL charges too low a cost? Mr. Chairman. In the letter of 1 November we read that the Minister wants more sunshine and that school boards have received a letter on this matter. That is a good thing. They can borrow money for roof insulation and solar panels. How's the mood? And are there any obstacles to these developments? What can the Minister do about it? For example, we read that there are problems with the insurability of solar panels. Mr Ronnes and I have already asked questions about fire and solar panels. Is working with a quality mark, as they do in Belgium, a solution? You get that label when the installation is checked and the panels are properly installed. I would like an answer from the Minister on this point. What they do in Belgium is to recycle the panels. They ask for a recycling contribution in advance. We actually do the same for electronic equipment. So we would like to hear from this minister whether he is prepared to look at this for the solar panels as well. Thank you, Mr. Chairman."
ParlaMint-NL_2021-05-11-eerstekamer-10.u55,2021,2021-05,Atzo Nicolaï,Unknown,climate,0,"Thank you, Mr. Chairman. We are talking today about decentralisation. Anyone who looks at our debate will suspect that we are facing the following questions: is decentralisation good, should it be more, should it be less? I just heard Mr Rombouts say: if we are also going to have a piece of self-reflection as the First Chamber and I think he also means the Second Chamber, then you have to think about whether you really want that decentralisation. As a lawyer, I'm always inclined to look at the rules of Thorbecke's house. I have to say that I came to a surprising conclusion, perhaps even surprising to the minister present here, because the questions'more or less decentralisation' or'must we get rid of it', we can hardly answer when we look at the rules that apply to us. Article 117 of the Municipal Act surprises me: our minister promotes decentralisation for the benefit of municipalities. There is therefore a legal obligation for the Minister to decentralise more and not less. I do not know whether Mr Rombouts is aware of that. The principle that as much as possible should be regulated at a decentralised level also sounds sympathetic. It is also in line with Article 108 of the Constitution, another fundamental rule of our house of Thorbecke. In the first paragraph it is very solemn: the power to regulate and govern the administration of the municipality is left to the municipal administration. Mr. Chairman. The fact that municipalities like to stick to the adagium ""decentrally what can, centrally what needs"" is understandable. In the Interadministrative Relations Code, with the agreement between Rijk, provinces, municipalities and water boards, the adage is also laid down in Article 2. By participating in that Code, the Empire has agreed to that adage. The same applies to the principle set out in Article 1 of that Code that the greatest possible freedom of policy for local authorities should be achieved. When we look at the VNG position paper, they go one step further: strengthening the autonomy of municipalities. Mr. Chairman. Article 117 entered the law 30 years ago by means of an amendment. This led to the Minister's obligation to promote decentralisation. In the desire expressed in the position paper, that principle actually echoes. But, and then I come to the point that I would like to present to myself, to all of us here and to the Minister: is that still from this time? We live in a special time. The corona crisis requires far-reaching measures. The global warming and the loss of nature and biodiversity threaten our survival. The chance of new zoonoses hitting us is real. Growing inequality defies our solidarity. The young people have checked: no homes, a threatening future for themselves or for their children, a society with a lack of culture and a lack of meaning. What can municipalities, using their own freedom of policy, do to solve such problems? Are the challenges facing the public authorities not such as to raise the question of whether the adage of primarily decentralised and autonomous municipalities is still correct? Is it not becoming increasingly clear that more central regulation and control is needed? The Council of State also points out this in its April briefing: ""This call for more central control stems from the large and sometimes conflicting claims to the limited public space available due to the need for much more housing, the spatial effects of the energy transition and the nature conservation challenge as a result of the nitrogen problem."" Doesn't the Council of State say here that thinking about the relationship between central-central and the primacy of decentralised policy freedom and autonomy is somewhat behind the facts? The climate crisis and the prevention of a new pandemic require a substantial reduction in our livestock. As far as our group is concerned, it has to be 75%, other groups have said 50%, and some groups that are very keen to grow up have a percentage off it. But no matter how you turn it, the livestock and agricultural areas will disappear. That requires national direction. It's not municipal, it's rural. The land released can be used for nature and housing, but that also requires national direction. In order to achieve climate requirements, more stringent environmental legislation is needed and the Empire will have to take the lead on monitoring and enforcement. That too is central interference. We have to go to green towns and villages, new buildings must be nature-inclusive, with green roofs and facades, and municipalities will have to meet minimum standards for quality greenery per inhabitant. We need to move towards gas-free houses, insulation, sustainability, in short: towards rural building requirements. Mr. Chairman. Those who use their common sense see that there is no escape. To solve today's and future's needs, many regulations and policies are primarily required at central level. A central control and direction will be inevitable."
ParlaMint-NL_2019-06-04-tweedekamer-21.u286,2019,2019-06,Dilan Yeşilgöz- Zegerius,Unknown,energy-general,0,"Mr. Chairman. As I said in my contribution, Groninger needs and is actually entitled to respect and recognition. Tonight, I heard the Prime Minister apologize. Tonight, I have heard the directors respond extensively to how speed, transparency, direction for the people in Groningen is going to be worked on. I would like to thank them for that. In fact, I would just like to read out the motion I have before me. You have heard, Mr President, that I am under a number of other motions. They are all focused on speed, transparency and direction for Groningers. [[Motion]] [[The Chamber,]] [[heard the debate,]] [[noting that the SodM has recently recommended that no more than 12 billion m of gas be extracted from the Groningengas field in the gas year 2019/2020, based on an average temperature trend;]] [[Whereas the safety of Groningers and security of supply are important interests;]] [[calls on the Government to make every effort to reduce the demand for Groningengas as soon as possible in view of the dilemmas of security of supply to below 12 bcm in the shortest possible time and to inform the Court provisionally and before 1 October,]] [[and goes to the order of the day.]] [[This motion was tabled by Mr Yeşilgöz-Zegerius, Mr Agnes Mulder, Mr Sienot and Mr Dik-Faber. It seems to me that their submission is sufficiently supported.]] [[She's getting No. kst-33529-626]]"
ParlaMint-NL_2021-11-04-tweedekamer-4.u232,2021,2021-11,Dilan Yeşilgöz- Zegerius,Unknown,energy-general,0,"Okay, great. It asks for the grant scheme to open up cooperative energy production with an additional amount. I know that your Chamber has always been very enthusiastic about this arrangement. I understand that, by the way. It is also very good in society. That's why we're always talking about getting cramped. In terms of content, therefore, I think it is a sympathetic arrangement. I would like to make one comment about the coverage. Then I'll do it right. Then I give the judgment Chamber with this remark. It is about an amount to come from the 6.8 billion of the Million Note. That is still in the supplementary heading, but it is clearly intended for climate action. The amendment contributes to this, so I find cover acceptable in this way. With this addition, I have also understood from the financial people, I say it correctly and I can give the amendment judgement Chamber."
ParlaMint-NL_2022-07-11-eerstekamer-3.u77,2022,2022-07,Joris Backer,Unknown,energy-general,0,"There are often voices from my friends across the street that are different from the way people look at them here. This also occurs in other groups. I'm not going to discuss the context of the Energy Charter here, because it's not on the agenda. I don't think that's relevant either. You may be opposed to a particular dispute resolution solution in the context of energy. It could be. Maybe that's why my colleagues across the street voted for it. It could be. I did not talk to them about it, and I cannot really answer your question."
ParlaMint-NL_2020-06-25-tweedekamer-5.u103,2020,2020-06,Roelof Bisschop,Unknown,climate,3,"Madam President, thank you very much. When I look at the pieces, I find a bit of a green blur in the eyes of the European Commission. I also have the impression, however, that this blur has caused the vision of subsidiarity to disappear rather firmly. Of course, on these issues too, European cooperation is urgently needed. Let there be no misunderstanding about that. This is the case for issues such as cross-border energy infrastructure, circular production policy, aviation emissions, car emissions and an effective emissions trading system. That's all true. But the Commission is going a lot further in the Green Deal. I'll mention a few things. A comprehensive review of national energy and agricultural plans; by Brussels. Policies against congestion and air quality problems in cities; checked by Brussels. Survey of national budgets to see if they are green enough; through Brussels. A European competence framework for greener education and education! ........................................................................................................................................................................... Money for the sustainability of school buildings; Brussels involvement. Removing national regulatory barriers to renovation; its implementation controlled by Brussels. A climate pact to convince the public and to encourage citizens' initiatives; Brussels is monitoring it. Addressing energy poverty; Brussels directs. And perhaps as a kind of blow to the head: the task of EU institutions to engage in direct dialogue with our citizens. Isn't that exactly the position from which it's thought? That is contrary to any kind of subsidiarity, isn't it? Mr. Chairman. Maybe this is a lot of useful things here. I don't want to talk about that right now. But does Brussels really think that he knows better on these points and can the Hague or Vienna or Lisbon? Not to mention the European climate law, with which Brussels wishes to claim the power to set individual intermediate targets for CO reductions and to make the far-reaching targets for 2030 and 2050 binding on individual Member States by regulation. Such objectives have a huge impact on our society. They should not be regulated by a European climate law. They are the responsibility of national governments and national parliaments. That is why we find it unimaginable that the cabinet in the BNC sheet is actually criticising subsidiarity in the one paragraph. I am convinced that this does not do justice to the motion adopted about six months ago, the first of which was my name, which calls for an explicit review of the principle of subsidiarity. The cabinet itself has promised a thorough assessment. I guess we still owe it to him. I have a specific question for the Minister: how and when will the cabinet implement it? Does the Brussels cabinet choose a firm, own position, a position against this claimable behavior, rather than moving along with a scratch here and there in the margins? A sustainable course is necessary, but let us not give up the helm. The cabinet is very committed to 55% CO reduction in 2030. Does the Minister know what this means? I will give the answer: no, because there has not even been an impact assessment. It's the reverse world. Then you might also ask yourself whether the Minister really thinks that there will be support for the climate agreement on this point again. What are the good words about feasibility, affordability and acceptance if this unfeasible 55% target in 2030... I say again: an unfeasible objective, as it turns out......................................................................................................................................................................................................... To make a long story short: it's either one or the other. The question is, what does the cabinet choose? Does the SGP opt for green cooperation? Yes. For a green superstate? No. Thank you, Mr President, for your patience as well."
ParlaMint-NL_2021-09-29-tweedekamer-7.u17,2021,2021-09,Laura Bromet,Unknown,energy-general,0,"Mr. Chairman. We talk a lot about mining in Groningen and in the Wadden region, but mining is also taking place in Overijssel. That's what this motion is about. [[Motion]] [[The Chamber,]] [[heard the debate,]] [[Whereas the extraction of oil in Schoonebeek is now stalling, partly because State surveillance of the mines has stopped the injection of waste water into the Twente subsoil;]] [[Whereas the injection well with the highest capacity under State supervision of the Mines has been permanently closed and filled with concrete for safety;]] [[Whereas two injection wells are now available, which have a much smaller capacity and may not be able to store millions of litres of polluted water daily;]] [[Whereas the State surveillance of the Mines reports that the water injection in these two remaining wells is not justified by the NAM;]] [[calls on the oil extraction not to start (s) before the current well investigations have been carried out and the agreed early investigation of what to do with the oil waste water is ready, and to inform the Court thereof,]] [[and goes to the order of the day.]] [[This motion has been proposed by Mr Bromet.]] [[She's getting No. kst-3529-898]]"
ParlaMint-NL_2019-07-03-tweedekamer-15.u129,2019,2019-07,Alexander Kops,Unknown,energy-general,0,"Mr. Chairman. The VVD promised us less immigration, but breaks asylum record after asylum record. At the VVD, the mortgage interest deduction stood as a house, but it is now carefully broken down. And that's how it's gonna be with the billing. A week ago the website of the VVD said: ""We were, are and continue to be charged."" But the way things are going with the VVD there's some kind of investigation now and, pay attention, eventually the road will just come, thanks to the liars of the VVD. Therefore, in conclusion, the PVV says to this cabinet: stop that, stop that climate madness, stop that nonsense and finally deal with the real problems in this country instead of the climate boom. The Netherlands has no climate problem, the Netherlands has no CO2 problem. Among other things, the Netherlands has a problem with Moroccans who make our pools and our streets unsafe. That's a problem! The Netherlands does not need heat pumps, solar panels and electric cars at all. We need closed borders, we need fewer immigration, fewer criminal asylum seekers. In addition, we do not want to take out loans from some vague heat pump fund. The Dutch want their money back. Dutch people crave relief, a little more purchasing power. Get that over with. Put all those billions of green madness in there. That is a sensible policy, which is useful for the Netherlands, and after years of burden increases the Dutch have finally earned rather than that climate madness. Thank you, Mr. Chairman."
ParlaMint-NL_2022-02-09-tweedekamer-5.u38,2022,2022-02,Henk Nijboer,Unknown,energy-general,0,"So I don't believe in that. I don't believe you should reward such companies with a one-off buy-back. I thought the agreement was horrible in general terms; you know that. The distribution of costs and benefits that Shell and Exxon have benefited so much from went more to the government. Let us make laws that are better, namely damage and reinforcement in one hand. So let the Institute not only compensate for the damage caused by private law, but let it deal with it from a village and district renewal perspective as Shaeffer did at the time, and as Eberhard van der Laan did. I think it is a popular housing task, much more than it is a question of safety standards with a tip above it or below it on the basis of models. In my opinion, that is much more the basis of the misery in Groningen than the attitude of the NAM."
ParlaMint-NL_2021-11-23-tweedekamer-15.u3,2021,2021-11,Alexander Kops,Unknown,energy-general,0,"No, Mr. Chairman. I have a question about the first motion. I think Mr Koerhuis is asking for an interim evaluation, an interim examination, in his motion, but that is already there, isn't it? There is already a citizen satisfaction survey and it clearly shows that residents are dissatisfied. The results of the Natural Gas-Free Neighbourhood Programme are also very disappointing. So there's enough research to show you can draw the conclusion that we need to stop. What is the additional interim evaluation of Mr Koerhuis going to add?"
ParlaMint-NL_2022-04-20-tweedekamer-4.u47,2022,2022-04,Rob Jetten,Unknown,energy-general,0,"If you don't mind, I'm going to start by welcoming the other motions and then answer the questions. The motion in part No. Mrs Kröger's 1025 calls for a CSR risk analysis on hydrogen imports. I really thought that was one of the most interesting parts of the committee debate. I have been persuaded by Mrs Kröger that it is very useful to do so, so this motion gets judgment Chamber. The motion in part No. 1026 by Mrs Kröger and others on the hydrogen ladder and also on the motion in part No. 1027 by Mr Dassen and Mr Grinwis on the explicit weighting of hydrogen use I am going to advise against both. I see it as the task of the government to ensure the scaling up of wind at sea and the electrolysis capacity and the construction of hydrogen infrastructure in the coming years. Furthermore, I think it is really up to the market to determine where the hydrogen can best be used. The motion in part No. 1028 from Thijssen and Van Raan asks for the target for electrolysis capacity to double to 1 gigawatt by 2025. I would also like to scale up as quickly as possible, but because the large wind farms in the North Sea really come into operation after that year, I think this will be a very expensive goal to set ourselves. I'd rather go up faster in the years after. The challenge of the Chamber is to go towards 8 gigawatts than raise the target for electrolysis to 1 gigawatts by 2025. So I'm afraid I'm going to have to dissuade this motion."
ParlaMint-NL_2019-02-05-tweedekamer-15.u614,2019,2019-02,Eric Wiebes,Unknown,energy-general,0,"Judgment Room it will be. The motion in part No. 273 instructs me to pass the climate agreement through the shredder. There is no climate agreement yet, so I could request that the motion be held, but since that does not work, I will advise against the motion, because that immediately gives the clarity that this Chamber is asking for. Then the motion to part No. 274. It calls on the government to reduce the energy bill and so on. No, we do purchasing power management annually and overall. We don't specifically do that about the energy bill. Should it be the case that other forms of CO taxation are introduced with such a refund lock, we will see it later. I need the motion in part no. 274, so it's not advisable. The motion in part No. 275 calls for an EU-wide improvement of ETS, including a minimum price for the energy sector, a system that we currently have in the Netherlands. I propose that this motion be left to the discretion of the House. The motion in part No. 276 is not addressed to the government. The motion in part No. 277 calls for the recommendations to be added to the inventory of measures. There is very clear language about this in the coalition agreement. We are now in the process of getting a pass-through and then we will see again. The motion in part No. Thus, 277 is something I must dissuade. The motion in part No."
ParlaMint-NL_2019-06-04-tweedekamer-21.u80,2019,2019-06,Mark Rutte,Unknown,energy-general,0,"I am not apologizing; I want to explain it all. If those words were not well chosen, I should have reworded them. I didn't want to say anything but this. Everyone prefers to turn off the gas valve today, at zero. Not 12 billion, but zero, today, quit, done, over. But I can't. Because if you do that now and you know that an important part of the gas supply in the Netherlands is still dependent on the Groningen gas, then you take risks. That is what I have tried to express with that apparently not very good example. Limburg versus Groningen: it could also be a nursing home in Groningen; that is of course not relevant at all. It's about that, if you do it too fast and there would be a cold winter and you come below a certain level of security of supply, then you run a risk. That's what Wiebes is about, because we're extremely committed to getting that 12 billion next year. Or we can, we really need to look at it together. We cannot say this with each other now: that is a guarantee. It's an effort obligation. It can't be a guarantee, because you have to map how much gas is needed, also taking into account cold weather and so on, and you have to consider how fast you can switch off. That is being worked hard and I would point out that, when the cabinet started, we were on a phasing-out plan, where we were from.. what was it? 23 to 21.3 went. I believe that at the end of the cabinet period we had reached 20 or so. We have made a dramatic decision to do so much faster. As far as I'm concerned tomorrow is zero, but that simply cannot be done. I don't want to go into the technical question of how fast to 12. That's what Wiebes is gonna say. But this is what we want."
ParlaMint-NL_2020-06-02-eerstekamer-8.u25,2020,2020-06,Eric Wiebes,Unknown,energy-general,2,"The delivery costs, not the cost of energy, but the costs associated with specifying the different residents, are not on the invoice, but if the landlord does so, and not a third party, then nothing can be passed on at all. Then those charges for the tenant are zero."
ParlaMint-NL_2021-10-27-tweedekamer-8.u311,2021,2021-10,Dilan Yeşilgöz- Zegerius,Unknown,climate,3,"I will also consider how we can bring less ideology and more facts into the whole climate debate, because that is the only way we are going to do this with each other in a sensible way. I'll be at sea by wind. I'm almost done, Mr. Chairman. I have some things to say about agriculture, but I can be quite brief on this, because that is, of course, from my colleague, the Minister for Agriculture. Mr Boucke says that the energy we use must be clean, preferably generated close to home; how can we tackle the opportunities for better European cooperation in the construction of wind farms at sea? I share the wish that the energy we use may be generated clean and close by. That is why cooperation with neighbouring countries is taking place at three levels: in the European Union with the EU offshore wind strategy. In cooperation with nine countries called North Sea energy cooperation, and in bilateral contacts with neighbouring countries, both EU Member States and the United Kingdom and Norway. With Denmark, for example, we have a cooperation agreement to explore how energy markets can better work together via wind energy at sea and whether an energy island can play a role in this. So this is an important appeal from Mr Boucke, who we are trying to shape and shape in different ways, because this is also shared in all the other countries I have just mentioned. Then Mr Van der Lee had another question about the current cap of 35 terawattures on land. That's not consistent with Fit for 55. It's also a debate we have on a regular basis, Mr. Van der Lee. The current Climate Agreement states that, in the event of an increase in the target, small-scale sunshine and wind at sea will be considered first. It is up to a next cabinet, in consultation with co-governments, to ask you the same question, to determine whether the current target of 35 terawatts on land should be adjusted. Mr. Chairman. On agriculture there were a number of questions, which I will try to answer, but I must say that Mr Agriculture Minister, of course, can do much better. The Animal Party had a question about the common agricultural policy. How are we going to reduce animals, reduce methane emissions, and ensure that there is a real transition in agriculture? As the Netherlands, we are firmly committed to sustainable agriculture, circular agriculture and less greenhouse gas emissions. That is why the cabinet has taken various measures. With part of the money made available by this cabinet, farmers who wish to do so can voluntarily stop or make the switch to less intensive livestock farming. There is, of course, also work at EU level on the transition to climate in agriculture. This is done, among other things, with the new common agricultural policy, the EU-methane strategy and the ""farm-to-table"" strategy. Then there was another question about how protein transition is stimulated. Let me give you some examples of how the cabinet stimulates protein transition. LNV and VWS subsidise campaigns of the Food Centre that encourage consumers to eat according to the Disk of Five. This creates a more sustainable, healthier and plant-based diet, one with a balance in the consumption of animal and plant proteins. The ""Everyone does what"" campaign stimulates the consumption of nuts and pulses. The National Protein Strategy promotes the cultivation, processing and consumption of protein crops. We also support the European Commission in promoting sustainable food consumption from the same Van-Boer-to-Bord strategy in Dutch, they are no better, Mrs Leijten, whom I have just mentioned. Then I had questions from BBB about the reports that the emissions of cows have been overestimated three to four times. I thought Mrs. Van der Plas referred to the IPCC report. The warming effect of methane is powerful. Regardless of the method of calculation and regardless of the source, reduction of methane is an effective way to limit warming. Reducing methane emissions is therefore important in order to achieve global climate change. You will also receive a reply to the written questions you have put to the Minister for Agriculture next week. He'll go into that further. Then Mrs van der Plas said: food is a first need for life, but people must have enough money to buy their food. She asked: what does climate action really mean for the quality of life? Of course, I share Mrs van der Plas' view that food must remain affordable. As far as I'm concerned, we can do the same. I hope I have been able to explain all evening that I stand for climate policy that improves the quality of life, how we live and how we deal with each other. I also really believe that climate policy offers all these opportunities. It's up to us to shape that in a smart way."
ParlaMint-NL_2019-03-26-tweedekamer-4.u4,2019,2019-03,Wouter Koolmees,Unknown,economic,0,"Mr. Chairman. I'm a little confused, because I thought I'd get questions about the CBS investigation. Last week the CBS came up with a survey on income developments in the last ten years, from 2007 to 2017. In that we have seen that incomes have indeed fallen behind during that period. This, of course, was largely due to the financial and economic crisis that has taken place, which has led to a sharp rise in unemployment and a fall in wages. As a result, on balance, there was limited income progress over the whole period. The cabinet said at the start of this cabinet period that it wants to support incomes. That is why, for example, we have included in the coalition agreement measures to reduce the burden of EUR 5.2 billion. That's on balance; that's all pluses and minuses. They are included in the coalition agreement. What is also positive is that this morning the CBS figures for the year 2018 showed that household income has increased significantly again in 2018, as more and more people have found a job. People have either come to work from a benefit or have seen their income rise. Mr De Jong is now asking for a reversal of a number of policy intentions in the government agreement that were discussed on Prinsjesdag, such as the VAT increase and the energy tax. You will understand that I cannot go into all the details during Question Time. In part, it is also the responsibility of other directors. I would like to say, however, that in general this cabinet reduces the burden on balance. Yes, there are measures to increase the bill, such as the VAT increase, but on balance there is a greater reduction in the burden on labour. As a result, according to the most recent insights of the Central Planning Bureau 96% of the Netherlands improves in this year. These are positive developments. Finally, Mr President. We see that in the first two or three months of this year collective wage increases are increasing. I'd almost say: finally! Of course, that took a very long time. The shortage in the labour market also leads to higher collective wage increases, which fortunately increases the disposable income of workers."
ParlaMint-NL_2019-12-03-eerstekamer-4.u51,2019,2019-12,Arda Gerkens,Unknown,energy-general,3,"I think that Mr Pijlman is going to be exactly where I wanted to go, because I was at that debate, with two other colleagues here, in which Minister Brinkhorst then decided to have these coal power stations built. It was not that there was no climate policy. At least there was climate debate and there was already much science of global warming. If we now look back at that debate, in which indeed a minority, but still a serious minority, warned about the consequences of the opening of these coal power stations, how do you judge it?"
ParlaMint-NL_2020-03-10-tweedekamer-26.u114,2020,2020-03,Mahir Alkaya,Unknown,energy-general,0,"Mr. Chairman. Unfortunately, the oral question did not go through. I will also be submitting written questions on this matter today. That is why it is important that we talk about this quickly, not only because of the corona virus but also because of oil prices. So support for the debate. I want the cabinet in the letter that is to be sent also to look at what is happening with oil prices and their impact on the economy."
ParlaMint-NL_2019-12-03-eerstekamer-9.u70,2019,2019-12,Ferd Crone,Unknown,energy-general,0,"Well, I don't think anyone would mind. In that sense, like Mr Van Kesteren, I always want to move along with developments. We can just pass the law. I do not think that companies would mind at all if they were allowed to stay open for longer in any way. We are talking about the period until 2030. So I am not saying that this has to be done after 2030, because the closure of coal is already happening in part before 2030. Let's just wait and see. Now that we have a proposal here that everyone likes and everyone has said ""why aren't we doing it internationally?', Then the first thing we do is put a bear on the road. I do not know Mr Schalk like that, so I am sure you mean to support me with this initiative."
ParlaMint-NL_2022-02-23-tweedekamer-5.u302,2022,2022-02,Chris Stoffer,Unknown,energy-general,0,"Mr. Chairman. I have one short motion, which reads as follows. [[Motion]] [[The Chamber,]] [[heard the debate,]] [[noting that the CPB did not take into account the non-EMU-relevant burdens arising from climate and energy measures when passing on the coalition agreement;]] [[considers that an understanding of the non-EMU-relevant burdens is important for the proper decision-making of energy taxes;]] [[calls on the Government to ensure that the non-EMU-relevant burden of climate action is identified and to inform the Court within six months,]] [[and goes to the order of the day.]] [[This motion has been proposed by Mr Stoffer, Mr Van Haga and Mr Eerdmans.]] [[She's getting No. kst-32813-997]]"
ParlaMint-NL_2022-07-12-eerstekamer-14.u24,2022,2022-07,Toine Beukering,Unknown,security,1,"Thank you, Mr President. We talk about historical and special times. And that's not ironic. The euro is in decline, the cabinet is tripping from crisis to crisis, inflation is getting out of hand, the ECB keeps pushing money, the energy transition does not really want to succeed and immigration figures break all the records. To the extent of disaster, Putin invaded Ukraine for the second time on 24 February. Experts would've warned me about it. Few believed Putin would really be that crazy. Looks like the dictator made a mistake. Especially when you talk about the first weeks of the raid, you can talk about bath planning, but also about bad execution. It seems that he thought he could quickly take a number of cities, drop the government and install a vassal, such as the Belarusian Lukashenko. Ukraine, however, offered very courageous resistance. In the meantime, the West showed a rare consensus: sanctions, military support in the form of weapons and ammunition, but above all the terrifying force of the North Atlantic Treaty Organisation. All were and are factors that have prevented the full Russian annexation of Ukraine to date. But let there be no misunderstanding: it is NATO that guarantees our security. It is therefore logical that NATO should join Finland and Sweden. As far as JA21 is concerned, these countries are of course welcome. I am happy to say this, also to both ambassadors present here. These countries meet the criteria laid down, as Mr Koole has just indicated. As far as we are concerned, the accelerated procedure can certainly be applied. Membership not only offers them the much-needed nuclear umbrella, but it also demonstrates why we should not use a European army. Finland and Sweden choose the strongest partner to ensure their safety. They do not come here to ask to participate in some semi-imaginary European army. My group is therefore in favour of the proposed extension of NATO Quick Reaction Force proposed by Secretary General Rasmussen. The security of the European Union and its countries and the security of the Netherlands and its allies depend on the strength of NATO. That's why Putin has been so miscalculating. As a result of his invasion, he got an upcoming NATO member state on his Russian borders. This was precisely when he wanted to prevent Ukraine from tying itself more closely to the West and thus giving Russia a western threat at its borders. Putin knows that NATO is the great power of the West in the military sense. Sweden knows that, Finland knows that, and my group knows that. That is why we will always argue for the minimum 2% of GDP, not only in promises as made in Wales, but in real doing and delivering now. I would like a reply from the Minister as to whether he agrees with our group. Finally, Mr President, my group is also in favour of rewarding the good and punishing the bad. We are very curious to see what arguments and instruments are being used to ultimately convince Turkey to agree to these two applications for accession. We would also like to hear that from the Minister. We look forward to the answers. Thank you, Mr. Chairman."
ParlaMint-NL_2022-04-13-tweedekamer-11.u89,2022,2022-04,Martin Bosma,Unknown,energy-general,0,"Absolutely. That is, of course, standard procedure. Thom de Graaf invited Anne Frank to put Pim Fortuyn away and eventually to make him ready for slaughter. That's what happened. The D66 youth had a meeting in the Westerpark in Amsterdam where PVV's are called fascists. I remember a debate between Rob Jetten and Mr Baudet, in which the gas chambers immediately joined after two seconds. I remember the Kaagdocumentaire..."
ParlaMint-NL_2020-09-29-tweedekamer-27.u185,2020,2020-09,Farid Azarkan,Unknown,economic,0,"Thank you, Mr. Chairman. We're in the middle of a second corona wave. This has a major impact on our economy. Entrepreneurs indicate that they can carry it harder and harder. They're threatening to fall. And the semi-intelligent lockdown proclaimed by the cabinet will, of course, again be the proverbial neck blow for many entrepreneurs. That actually means that the bad predictions about our economy and our society are coming true. It's getting harder. The second wave scenario of the CPB assumes 1% additional economic contraction and an economic contraction of 3.5% next year instead of the earlier expected economic growth. Unemployment is likely to increase by many percentage points and public debt is 10% higher. It's going to be about 72%. Mr. Chairman. If you were to make a graph of the sovereign debt that is huge and on the other hand make a graph of who is the most popular minister, then Mr.Wopke Hoekstra is on the right as the most popular minister, while he has also spent an enormous amount of money. Unbelievable. I think he spent more money than the entire Den Uyl cabinet sometime in the 1970s. It's unbelievable. Moreover, I do not think there is any coherence there, as Mr Baudet often suggests. At least, there is a connection, but no causality I'm gonna let you get out of there quickly. In any case, a lot of money has been spent. The question is how that's gonna work out. My question is: does the government already have a scenario for how to deal with the budget in the second wave? When will the Chamber be informed? Written questions have been asked. It has been stated that these financial estimates are simply not there. I can't imagine. Otherwise, I'm gonna ask why there aren't. Why haven't the scenarios been calculated? To what extent are the principles and policies presented on Princess Day still realistic after that second wave? We talked about it last week, and we already referred to it then, but when will the corona aid package be reviewed in the light of these changing circumstances? Does the government share the view that, given the second wave, the austerity of the aid package is not at issue and that additional measures may be needed? Today, the last General Financial Reviews, at least that is my expectation, of Minister Hoekstra, are assisted by two State Secretarys. We used to have one, but now we have two. We can take stock of the situation a little bit. If we take that balance, then we can only look at the housekeeping booklet, not only from the Netherlands, but especially from the Dutch. DENK stands for a government that actively wants to ensure that we share the wealth in our country fairly. On this subject, we must note that the cabinet has contributed to greater income inequality. If you want to say it a little scientifically, you actually come to: if you make little money, you get less, and if you make a lot of money, you get more. That's the conclusion. People with a lower income got less from this cabinet at every Princess's Day. Last year and the year before, we had the luxury of talking to each other about 0.5% income growth. Now that's over, too, but I've been doing some math for a while. Someone who earns €75,000 has received almost €1,500 from this cabinet in four years. Someone with an income of €20,000 to €25,000 has had to do it with a small €300. Of course, that has everything to do with the increase in the burden: the increase in the care premium, the absurd increase in the rents, if you can already find a home, the towering own risk and the anti-social increase in the tax on fruit and vegetables. If we include local burdens, such as waste taxes and waste-water taxes, then the low-income people are simply in the dark. The conclusion is therefore that this cabinet has increased income inequality. My first question to the cabinet, or actually the second one by now, is: how do they look back on that? Is the Minister of Finance satisfied with the distribution of income? The greatest form of income inequality is actually in wealth. 1% of the Dutch own 25% of the assets. 10% of the Dutch own 70% of the assets. That's actually absurd. It's actually just unfair. Only in ultra-capitalist countries such as the United States is this inequality even greater. I would therefore like to ask the cabinet what it thinks of this hugely unequal distribution. Despite the fact that the gini coefficient in power has fallen slightly in recent years, it simply cannot be justified and we must also look at what this cabinet has done. It can't be that 10% of the Dutch own 70% of the assets. Then something about the growth fund. What are we supposed to do with that? The Netherlands has had a similar fund. It wasn't exactly a success: the Fund's economic structural strengthening. It existed from 1995 to 2010. There was about 40% of the natural gas benefits in it. The new growth fund is filled with cheap credits. The reason is that the government can borrow so cheaply. Of course there's the following underneath. It sounds so beautiful: we want to increase our earning capacity. But, yeah, how are we gonna do that? Do we not have the same problems as with the FES, namely that the money is looking for projects instead of the other way around? Of course, I'd like to give Wopke and Wiebes their place in history. In that sense, Minister Hoekstra has already earned him. He's seen the biggest sovereign debt ever, including in percentage. I think it was in 1922 that we had 10% deficit, but that was due to sewers and military setbacks. That was 200 million, by the way. This is going a little higher. When it comes to the growth fund, it seems as if the starting point was: the interest rate is low - even negative for the government - we have money and then we are going to do something with it. We have to do something with that. Why is this 20 billion not being invested, for example by Invest-NL or regional development companies? These banks have a little more experience. They're also investment vehicles. They have experience with corporate accounting. Mr. Chairman. Then there is the advisory committee that is going to decide on those projects of 30 million and above. Who see names like Jeroen, Laura, Robbert, Feike? I would say: isn't it time at this time for a little more diversity in that club? I am therefore considering a motion on this point. Mr. Chairman. What is also not going to work to get the Netherlands critical is a blank cheque for the big companies. I already talked about this with the colleague of the VVD. Well, then, of course, I'm talking about the Job-oriented Investment Discount. Two times two billion. That's 4 billion for the years to come. There is no form of elaboration and the cabinet has already decided that the tax rebate for large companies will be introduced. The cheque has already been signed, while it still has to be made clear how the government is going to do it, what the terms will be and whether it is going to do anything at all. I never know why the Minister is prepared to go into his deepest fibers, at least that was the Prime Minister in the dividend tax, who happened to be 2 billion to issue that blank cheque of 4 billion for business. In any case, I hope to be able to get an answer to that before 5 October."
ParlaMint-NL_2019-06-04-tweedekamer-21.u271,2019,2019-06,Alexander Kops,Unknown,energy-general,0,"Mr. Chairman. The apologies are too late, far too late, because for years now it has been known how extensive and hopeless the situation in Groningen is for many people. Let's not forget that in 2013, just after the quake at Huizinge, the gas crane was even opened further. Then the SodM already advised: boys, do not; reduce that gas extraction to the safe level of 12 billion cubic metres. And then the Minister says very nicely: we still have to find out if that is possible, if all this is possible. That's really incomprehensible. I have two motions. [[Motion]] [[The Chamber,]] [[heard the debate,]] [[Calls on the Government to remove the maximum amount of €10,000 from the Groningen reservoir scheme, as proposed by the TCMG, and to introduce the scheme directly and apply it to all those affected, including those claiming after 1 January 2019,]] [[and goes to the order of the day.]] [[Motion]] [[The Chamber,]] [[heard the debate,]] [[calls on the Government to stop waiting for the injured parties who have filed a claim for damages and to proceed immediately with payment or reinforcement,]] [[and goes to the order of the day.]] [[This motion was tabled by Mr Kops, Mr Beckerman, Mr Nijboer and Mr Geleijne. It seems to me that their submission is sufficiently supported.]] [[She's getting No. kst-33529-618]] [[This motion has been proposed by the Member Kops. It seems to me that their submission is sufficiently supported.]] [[She's getting No. kst-33529-619]]"
ParlaMint-NL_2020-12-15-eerstekamer-3.u97,2020,2020-12,Bastiaanvan Apeldoorn,Unknown,energy-general,0,"The Minister says that it is a core task of our diplomats to facilitate action and serve the interests of our companies abroad. But of course it's about what you facilitate and what kind of business you facilitate. If a company like Shell or other fossil industry companies in developing countries say ""it is in our interest to pump as much oil as possible out of the ground here, regardless of its consequences for the environment of the people or whatever it means for human rights and so on,"" it should be that an embassy says: we are not cooperating. If there's a whistleblower who's gonna pay attention to that, shouldn't that find the way up? Does the Minister agree and has this always happened in the past?"
ParlaMint-NL_2019-05-28-eerstekamer-14.u49,2019,2019-05,Stientjevan Veldhoven,Unknown,energy-general,0,"At the autonomous pace of the clean-up, of course, this kind of thing is included. You're assuming that people in the economy make certain trade-offs. But what you see is that the people who are actually hacking into that investment and wondering if they can afford it out of their small savings are not going to get it. Those people will be left with a problem that they cannot solve themselves. The step I would very much like to take with this Chamber is whether we can help those people from the disadvantage they are in to a plus situation, in which you get them off the asbestos roof and in which we make a link with sustainability, which also reduces the energy bill of those people. We do not leave people with a house with a roof that means substantial depreciation, because they cannot get a loan because they cannot be eligible for it from the banks. We are talking about these people, and we could help them with the system that we could actually put together, coupled with this legal basis. I shall deal with this later. It is also good to have a picture of the costs we are talking about. Sometimes the amounts go all the way. It's good to know what we're talking about. Reconditioning costs approximately between €9 and €30 m, depending on the size of a roof. The removal of an asbestos roof is about 25% more expensive than removing a normal roof. Because at some point, you normally have to replace a roof, just as well as you might have to change your window frames. Everyone knows: if you have a merchant house, you have to take into account maintenance at your home at some point in time. Of course, the roof is always a major cost, which we all postpone as long as possible. We could show that kind of behavior at that kind of big expense. But if you look at the extra cost of removing an asbestos roof versus a normal roof, you can see that that saves about 25%. Of course, when you set such a deadline, we ask people to remove something earlier than usual. But then it is important to know that all these roofs are already at least 30 years old and we are 50 years after the peak in delivery. So that means that for a lot of those roofs that moment when something has to happen is getting very close, or actually has already passed. Of course, prices per metre depend on size and circumstances. Some of you have referred to the slate roofs. That is indeed a specific category, a small group, for which it is indeed more expensive. So there are indeed situations where you can say: here is a specific problem. We must pay particular attention to this, so that those people do not feel that they are simply caught in a trap. So we have to do this through customization and support and with a programme-based approach, through coordination, through the programme agency, through a national fund. These are points I would like to mention."
ParlaMint-NL_2019-06-20-tweedekamer-5.u20,2019,2019-06,Tomvander Lee,Unknown,energy-general,2,"Thank you, Mr. Chairman. Then I have another motion. It is about a specific issue that the NVDE, but also parties from the entire solar panels sector are running into. [[Motion]] [[The Chamber,]] [[heard the debate,]] [[noting that when the roof is used for solar panels by a party other than the owner of the building, these solar panels do not count for the energy label of the building in question;]] [[Whereas, therefore, building owners often prefer to wait and place their own solar panels on their roofs and delay the energy transition;]] [[calls on the Government to ensure that solar panels on a roof are always included in the energy label of the building on which the solar panels are located,]] [[and goes to the order of the day.]] [[This motion has been proposed by Members Van der Lee, Moorlag and Beckerman. It seems to me that their submission is sufficiently supported.]] [[She's getting No. kst-30196-662]]"
ParlaMint-NL_2021-05-20-tweedekamer-4.u5,2021,2021-05,Kauthar Bouchallikht,Unknown,climate,0,"Mr. Chairman. It's an honor and a responsibility to stand here, to be elected, to represent, to fix things. But it also feels weird standing here, uncomfortable. Because with this heart of our democracy something is not right. Although this parliament represents the entire Dutch people, it is not obvious that I too stand here today. ""You're a wolf in sheep's clothing,"" I was told. ""A threat to the rule of law,"" was written about me. I'm told time and time again, you don't belong here. That doesn't just happen to me. Structural and institutional is the problem, in this Chamber, in the Chamber and in society. This exclusion has been going on for generations. I grew up with it and my little brother doesn't know any better. The day before the election, he saw me watching a debate. He took a look at the screen and saw Rutte and Wilders talking. Do you know what my little brother asked me then? He asked me if the men tell us to leave again. My brother's 11. It has been said, repeated and repeated to him, to me and to many Dutch people for a long time, that we must fight, adapt and be grateful. We should stop whining, work harder, talk nicely, leave history for what it is and especially not question traditions. It's all supposed to be fun. Be normal. You're lucky you were born here, because that's where it's worse. Shut up. Walking on your toes, but not in those sneakers and not in those pants. Get your hands out of your pocket, but don't put a fist in the air. Just don't be one. What am I gonna tell my little brother? What the hell are we doing? With this country, with each other. How can I change and contribute if I'm not supposed to be there? What am I getting into? I don't have all the answers. It's falling and getting up. But what I can say is that this place is from and for everyone. It should be, but too many Dutch people wonder every day: who can be, who can do and who can talk and decide? But also: who doesn't? At school, in the street and in the office, in the media, at board tables and within institutions: who determines the words that make up reality? And who doesn't? The climate crisis would not be so bad, and we should not complain and complain. It doesn't have to be that fast, does it? That's bullshit. Young people are rising up all over the world. 'Cause why go to school when the world's on fire? Too many people pretend they don't. Too often problems have been reduced in this Chamber and outside, and responsibility should have been taken. I'm part of a generation that grew up in crisis, a generation that doesn't have the luxury to look away from problems, but has to deal with them. We have learned that all forms of injustice are connected and that we should not let ourselves be played against each other. So we get up together. Against exclusion. Against the climate crisis. Against inequality. For an honest society, in which we leave nothing unspoken and hold each other, give and receive space, in which we are there for each other, even when it asks a lot of us and in which we are honest, even when it's complicated. Whether it's about biofuel, like today, about the climate crisis, which affects us all, or about the future we share on this fragile earth, it's all connected. I often think of the British Ella. She was only 9 years old. Ella lived on a busy street where for years the limit on air pollution was constantly exceeded. After a judicial investigation, this was partly recognised as her cause of death. It took far too long for this to happen, because her mother had to fight hard for it between grieving. Three guesses who lives relatively often in this kind of neighborhood, because the homes there are cheaper. Who you are, what you look like and how thick your wallet is, that matters, even in the Netherlands. Since the asthma patient Noëlle moved, she ended up in intensive care three times. Her pulmonary doctor sees a connection to her living environment. Noëlle is 6. She lives in a village near the port of Rotterdam. I have become increasingly aware of how the climate crisis increases existing inequality, how important climate justice is, how important justice is, even when it comes to biofuels. Surely it is not possible for families with less money to be deprived of their right to food because we are going to throw food in the tank here? If we allow palm oil, soya or maize to be grown for biofuels, it will drive up food prices. Forests and forests are also being destroyed for agricultural land. And too often that's land that's been robbed. Fortunately, we are starting to find each other more and more for real change and there is a broad movement emerging with the realization and experience that profit against one form of injustice and exclusion is profit for all of us. Because we may be the generation of the crisis, but we are also the generation of movement and connection. Worldwide, we rise in the footsteps of all who have gone before us, of all who dared to dream, do and be. That can only be done if we do not ignore problems and shift them to the other, to the future. This can only be done if we dare to face up to problems and take responsibility: here and now. That's what this is supposed to be about. So we can fight an intersectional battle, be there for each other, even if it asks a lot of us. So we can be honest, even when it's complicated. Maybe mostly. It should be about how everyone is of value and should be free. Free from worries about the future. Free especially not to be normal. Free to let each other be, even if it's hard, even if it's searching. Falling and getting up together. For the planet and all that lives. Done. For ourselves. For my little brother. For yours. For Ella. For Noelle. For our future. For hope above hatred, from the Chamber to the street. Thank you."
ParlaMint-NL_2021-03-16-eerstekamer-15.u80,2021,2021-03,Kajsa Ollongren,Unknown,energy-general,0,"In my opinion, there are also people who think that we should keep an eye on the viability of other parts of the Netherlands. I am also responsible for spatial planning through the National Environment Vision. In its development, we are actually doing much more on planning and spatial planning than we have done in the Netherlands for years. This is indeed about living, but also about accessibility, the energy transition and also about the point that Mr Raven is making about the viability of the whole country, and about what you should or should not do for it. It's all over the place. I get the point, but I don't think you can simplify it by saying that not building in the Randstad, and that somewhere else, by definition, is in favour of livingability. I believe that this has to do with many more factors, such as accessibility and the wishes of people themselves. Because where do people want to live? We do not know whether this corona crisis, the working at home and all the ways we have now to be productive without having to go to work if you have that type of work offer opportunities for what Mr Raven says. So I think it is wise to take this into account, but I do not think it can only be done on the drawing board."
ParlaMint-NL_2022-03-10-tweedekamer-12.u241,2022,2022-03,Wopke Hoekstra,Unknown,security,0,"Absolutely. Of course, you're not gonna map it out and then do nothing with it. I myself simply do not know the answer to the question of who could provide additional capacity there and what exactly the consequences are. I have heard the figures on the size of cereal exports, but also on sunflower oil, for example, and on the quantity apparently produced. What that means in terms of disruption of the world market and shortages is apparently enormous. By the way, you should probably add the part of the production that Russia is responsible for. You have to ask yourself whether Russia is going to make that available to the West happy. The tragedy is: who gets in trouble first? Those are, of course, people in those countries who are already having a hard time. The Netherlands is not the first country I am concerned about, in any case not given our own agricultural sector, but also not given our common purchasing power and our common ability to sustain this. That's really different in some parts of Africa."
ParlaMint-NL_2021-12-09-tweedekamer-6.u152,2021,2021-12,Henri Bontenbal,Unknown,energy-general,2,"Thank you, Mr. Chairman. I had ten motions, but since the chairman was so strict, I don't have any motions right now. So I'm gonna cut you some slack again! Sometimes, when you look at these kinds of climate debates, it's all trouble and torment. And yes, 20% of electricity is now from renewable electricity sources. This will be over 70% by 2030. So let's be a little optimistic about that. The cabinet that has been there for the past four years has not done anything for nothing. We should be a little proud of that, too. I think the key question of this debate is: how do we link this bill to the policy we are going to have for green hydrogen? The Minister has indicated that Europe is still coming up with a whole story on this issue. We are going to talk about this in the Chamber ourselves for a long time. If I have to make the key question concrete: we will soon be able to hang green guarantees of origin on hydrogen, if it is produced with electricity that also has green guarantees of origin on it. We call it green hydrogen in the Netherlands, but what does it mean that we can call it green hydrogen? Or are we actually saying that we're going to hang these COOs on that hydrogen, but we're not calling it green, and we're not going to do anything with it in policy either? I would like to have a little more clarity about that. Thank you, Mr. Chairman."
ParlaMint-NL_2020-11-11-tweedekamer-11.u49,2020,2020-11,Eric Wiebes,Unknown,energy-general,2,"It is tempting to look only at the energy account within purchasing power and only at the ODE within the energy account, but that is totally inadequate. The ODE is 10% or less of the average energy bill. Again, the total account for a household with average consumption is not higher but lower compared to 15 years ago. It's gonna stay that way. It is still important to look at this as a whole. The Netherlands is not a country that should be ashamed of income differences."
ParlaMint-NL_2019-04-03-tweedekamer-7.u27,2019,2019-04,Mustafa Amhaouch,Unknown,energy-general,0,"We're threatening to repeat ourselves. I have a bit to say about this; perhaps this reassures Mrs Kröger and that we can get a little closer together. Again, we also want 100% sustainable palm oil. We're not there yet based on the RSPO. If there are any further questions, she may ask the question again at once, because I think I will come back to it. It's not like we don't want anything. I need to see where I left off. Indonesia and Malaysia, in particular, are large palm oil producing countries. I focus on Indonesia, where 16 million people make their living. There are major problems with land rights. That has just been discussed in the debate. It is primarily a responsibility of the Indonesian government. But what can we do? Can the Minister comment on this? The Indonesian government has established a three-year halt to the expansion of palm oil plantations. That's some kind of freezing time. This raises a problem for the income of workers and their families. It is sustainable for the climate but socio-economically certainly not sustainable. How can we help bridge years when production is shut down in certain regions in order to catch nature's breath? Can the Minister indicate what other policies Indonesia is taking? Is there a road map, for example? What can we do to support that? Then there is the delegated regulation of the European Commission which identifies palm oil as a threat to sustainability. Indonesia and Malaysia have serious problems with this. I understand that, too. I understand that Indonesia has threatened to stop the negotiations on a trade agreement and even threatens to terminate the Paris climate agreement. The wrongs in the sector can be dealt with precisely by setting conditions for trade together with Indonesia. I would like a response from the Minister as to whether this is the desired effect of these delegated measures. Malaysia would have sent a letter to the Netherlands. What did the Netherlands say to that? Mr. Chairman. Finally, I come to Mr von Martels' motion. The Dutch system remains based on the share of renewable energy and not on CO performance. We would like to move on to a system based on the contribution of biofuels to CO reduction."
ParlaMint-NL_2021-09-22-tweedekamer-5.u155,2021,2021-09,Pieter Heerma,Unknown,energy-general,0,"Mrs Ouwehand is concerned with two subjects, and one of them has just been the subject of a debate with Mr Jetten. That might give me a chance to put down something of a difference of vision. Then I'm going to answer the second part. Mrs Ouwehand just said to Mr Jetten that her criticism of the climate tables was that the government could not throw it over society. Those were about her words. My criticism, when I think about these climate tables, is that society may not have been sufficiently involved and that there was not enough ownership in that society. A city like Amsterdam, a city the CDA likes to criticize, has recently set up a climate council, really for citizens to participate actively. I'm sure Mrs Ouwehand didn't mean to throw society over the fence. No, I think that society itself should be more involved, because a lot of people will benefit if they experience more perspective of action. That's one. Two. When it comes to climate, I must confess that I personally have less sense of this than several people here in this Chamber. I am pleased that Mr Klaver has chosen Mr Jetten for very long discussions on this, but it is a fact that we young CDAs have a lot of knowledge and a lot of energy in it. That was also congratulated by Mr Jetten; thank you, I will pass it on. It has also been seen in our party. Both Derk Boswijk and Henri Bontenbal have deliberately stepped forward on behalf of the group in order to move forward in the field of nitrogen and climate. They show that these are not subjects, of which we are only stuck in 'if there is only support', but that we are also prepared to take a step forward and still say: but it is important that there is support for them."
ParlaMint-NL_2019-10-17-tweedekamer-11.u242,2019,2019-10,Esther Ouwehand,Unknown,economic,0,"Mr President, I would like to respond to that. That is possible, but we have seen that it is really a question of whether you should want those technological solutions to reduce nitrogen emissions from a barn. Those air scrubbers cost a lot of power. So the real question is whether you should want it if we need to save energy. And its yield was assessed more positively than it turned out to be in reality. So the farmers invested, the subsidies went and the Rabobank said: yes, but then you have to take more animals. It seems in the letter that now lies that at least part of the cabinet wants to continue with that policy. And that seems so unwise to me, so I hope that Mrs Dik-Faber and the Christian Union will withdraw from that."
ParlaMint-NL_2022-02-17-tweedekamer-11.u20,2022,2022-02,Alexander Kops,Unknown,energy-general,2,"Depending further on Russia? Then the VVD, Mr Erkens, is probably not really aware, because at the moment about 19% of the gas we consume in the Netherlands comes from Russia, so cut it out. But indeed, gas is a very good import. We do that from countries like Norway, Canada, Great Britain, it can come from anywhere. We can actually pump it up from the North Sea, that's all fine. So we can get it from anywhere. Where we don't have to get it from, it's Groningen. There we must immediately stop the gas extraction, as the PVV has said so many times. But a party like the VVD has trained that for years. It is because of the VVD that has been at the helm here in this country for years that people are in deep trouble."
ParlaMint-NL_2019-04-03-tweedekamer-7.u41,2019,2019-04,Sigrid Kaag,Unknown,climate,0,"I have said from the outset that our policy shows how we feel about our responsibility, how we carry it out and how we try to include others in it. Whether I should take the leap of responsibility immediately afterwards and do as much as possible to legislation or compliance in Indonesia or in Malaysia? That is not feasible, not even for the Dutch Government. You're gonna need international agreements for that. At the moment, we are still committed on a voluntary basis and to the best possible quality. It is also about farmers, about incomes, about very vulnerable families and people. We want to do this thing together, which is the vision of development cooperation, because the voluntary basis is likely to produce much better results in the end. A number of countries have focused on overall sustainability. There's a deal about that. The reason why countries such as Indonesia and Malaysia respond to some of the statements that are being taken, for example from the Dutch public debate, is that they feel that there is inappropriate, unnecessary and unproductive pressure being placed and that they are being made for obligations that they simply cannot fulfil. That can also mean an escape route, which means that you can get more so-called illegal palm oil, so to speak................................................................................................................................................................................................................................................... We want to do this together from a shared responsibility, not from a solo responsibility of the Netherlands alone."
ParlaMint-NL_2022-04-20-tweedekamer-3.u63,2022,2022-04,Vera Bergkamp,Unknown,energy-general,0,"That concludes this two-minute debate. I'll suspend for a few moments and then we'll continue with the same Minister on Hydrogen. We also continue with about the same speakers, so as far as I am concerned we can also proceed immediately. As far as you're concerned, is that okay? Then that's what we're gonna do. Then I'll reopen the meeting right away. Go on, let the bell ring."
ParlaMint-NL_2019-10-02-tweedekamer-3.u103,2019,2019-10,Bart Snels,Unknown,energy-general,0,"Mr Nijboer challenged me, Madam President. I was in fiscal policy. Speaking of the middle class, the dogma of the 1980s was ""lower burdens, smaller government."" In practice, we are seeing a trendal decline in top rates for the highest incomes, a trendal decline in VPB rates and low taxes on capital, but still high workload and a mad marginal pressure on the middle groups. Why does this cabinet stand up for the middle groups? Why a lower top rate, when the real marginal burden is with the middle class? Why at the same time a higher rate for the first disc? We are putting the tariff structure together, with the effect that we are only increasing the problems of marginal burden pressure for the middle class. This fundamental problem remains and is being transferred to another cabinet. If we really want to get rid of the surcharge disaster and the phasing-out routes in tax rebates and still want a fairer tax system, then a flat tax after the introduction of the surcharge system is the worst ideologically motivated idea from the VVD and the CDA. I'd like a response from the State Secretary, please, along the lines of Section 3.1 of the Compatibility Act. And why should lower macro estimated care premiums be compensated with an increase in the rate in the first disk? This affects all people with a lower income or middle income. I have referred to this unfortunate rule in budgetary policy, the closure of the burden framework, earlier. The Council of State is critical of the justification for amending the budgetary rules, but it seems that the Council is calling for an adjustment here. I'd like a response. And then there's the taxes on power. I agree that we wanted a solution for savers, because the capital efficiency tax is unfair, but the current proposal is not a fundamental choice for a tax on real capital gains and does not start until 2022. Why not a quick temporary solution for savers and for the next cabinet period a real plan for taxing wealthy people? 'Cause the power inequality is big. Of all developed countries, this is even greater only in the United States. And let's take a fundamental look at the free power build-up in box 2. Mr. Chairman. We have often talked about burden-sharing between companies and households. Here too, the cabinet has taken a small step to the left. I do not think we should reduce the tax on profits, but the ratio has become somewhat fairer. This has to do, among other things, with the reduction of the energy bill in the mix of green taxes. I'm happy about that. The cuts in the energy discount last year were not sensible. We remember the debates and the attempts to restore some of them. This is where the cabinet turned the Stevens 180 degrees. That's good. Let us look at this with delay as a profit from a democratic debate. It is also a good thing that this cabinet, together with this Secretary of State, is for the first time really working on tackling tax avoidance and basic erosion in large companies. But there is still much to do, internationally and in our own system. Recent research by the IMF shows that 40% of foreign investment worldwide is ghost capital and has nothing to do with real investment, but fiscally motivated. A very large proportion of them fly by Luxembourg and the Netherlands. One of the things we have to do is to limit the regime for liquidation losses, which means that a company like Shell will also pay a profit tax in the Netherlands. I was therefore pleased to be surprised by the fact that the Cabinet intends to take over my proposal for a reduction of the liquidation loss regime. The law had already been co-signed by the SP and the Labour Party, by Mrs Leijten and Mr Nijboer, but that the cabinet now takes over this law is very nice. Large companies are now also going to pay income tax in the Netherlands. I've worked on it with great pleasure. I would like to thank the staff of our Bureau of Legislation. I thank my expert advisor, Professor Jan van de Streek, who was the intellectual driver of this project. I was also very pleased with the expert and creative cooperation of the State Secretary's officials. I've been fascinated by the discussions between them and science. They do not speak in plain language, they speak in judgments of the Court of Justice. I have said it before, but it also appears in this section: the Ministry of Finance remains the best in The Hague. Mr. Chairman. I am pleased to hand over the draft law to the Secretary of State through you. I wish him as much pleasure in bringing this law to the parliamentary conclusion as I have had in preparing the draft. Please."
ParlaMint-NL_2020-11-05-tweedekamer-12.u226,2020,2020-11,Eric Wiebes,Unknown,energy-general,2,"Then I come to Mrs Beckerman's concerns about energy poverty. I said earlier that we are focusing on purchasing power and that we recognise poverty. I don't see specific energy poverty. But first let me focus on the number of 650,000. It is a number from 2014; it comes from a TNO report. More recently, we come up with smaller numbers of people who pay a very large part of their income in energy and who have a payment risk. In the 650,000 there are also people who have a very spacious lifestyle, have a lot of money, open the doors and windows wide open and set them loose. But that is not energy poverty; that may be behavioral poverty at the most. But that is not energy poverty. Mrs Beckerman's implied suggestion is that the energy bill is also rising. That's not true. Indeed, the amount, adjusted for inflation, of the energy account of an average household with average consumption does not increase at all over recent years. There'll be all kinds of households that have different ways... Very large houses that are very poorly isolated, rise considerably. We have just made an ODE shift that has benefited small households in particular and significantly less. So there are all kinds of deviations from that, but it is not right that we have an ever-increasing energy bill for average use, quite the contrary. The suggestion is also that the ODE would be a very important part of the energy bill and completely blown up. In 2005, we had the forerunner of that, the MEP. Now we have the ODE. It's not a big source of rise at all. It could have happened, but for that we have shifted those proportions. We have reduced the taxes on the energy bill of a household with an average consumption by €100. The following year these taxes increased by €0 and next year this increase is very limited, probably a few euros. Nevertheless, it is important to keep thinking about the energy bill, if only because the energy bill is also paying for energy that you may not want to use at all. An important part of the target group referred to by Mrs Beckerman could become part of that start-up engine, in which the corporations play a role. I said once that I would not be surprised if the average corporation house was preserved before the average private house. I hope that doesn't happen, but we brought it in as a starter engine. What could be the solution for households that pay a lot of energy? So what is the purchasing power issue? It's a cliché. Mrs Beckerman already knows the answer, but I fully support it. Every year we have income policies. Every year we do this in the August decision-making process. Energy is part of that and all the other burdens a household has are part of that. That's how we do it. I must therefore discourage the amendment, but that is what she thought. This isn't the way to do it. There are a lot of schemes for households. A limited proportion of households are now able to deal with house charges neutrally, but with this gas price that is only the demand. That means we have to keep an eye on that. That's all true, but cutting off 20% of the SDE is not the way."
ParlaMint-NL_2019-07-03-tweedekamer-15.u96,2019,2019-07,Gert- Jan Segers,Unknown,energy-general,0,"There has been quite a lot of work on this climate agreement by a lot of people. That was just wiped off the table in one go: we are against this climate agreement. Now we already have a bit more nuance around the CO levy: that might work out well. But there are more elements in it. If you are against the Climate Agreement, are you opposed to the ODE tax, the storage on your energy bill, to a third citizen, two thirds of companies instead of 50% citizens, 50% companies? Or does that go off the table with the same speed?"
ParlaMint-NL_2020-03-03-eerstekamer-8.u78,2020,2020-03,Stientjevan Veldhoven,Unknown,energy-general,0,"Since municipalities play such an important role in achieving this energy transition, they also have an interest in ensuring that projects they need for regional energy strategies are not made impossible by stacking. That is certainly an aspect to be taken into account. In these cases, moreover, there is no obligation to provide a cost story, but an opportunity to ask for a financial contribution. If municipalities are of the opinion that this makes the project itself impossible, because, for example, it has been chosen to involve the environment very widely, so that there is little room left in the business case to allow a project to continue, with support of the environment, they are not obliged to go into cost stories. That's a choice. Can cost stories also be used in large infrastructure projects? That's the point of Kornwerderzand. Cost story is possible under the Environmental Law under private law and public law. If infrastructure involves building, costs can be recovered. How this works exactly in the case-Kornwerderzand I did not have any sharpness, but in my promise just now I said that we are going to see how the current system is working out on this kind of specific projects, whether there is a gap there and what the solutions are. Wider, namely in the context of the construction of infrastructure, is the question of how to make this possible with one another. In fact, Mr Crone's question is somewhat in that context. Those were the answers to questions about the cost story. Then I come to questions about lot exchange and then to expropriation. The redevelopment of urban areas may be hampered by fragmented ownership. The urban lot exchange creates an additional opportunity to deal with this. At least three owners can exchange land and/or stables independently and after mutual consultation. This will improve the layout of the area. For two and a half years, together with the Kadaster and a wide-scale sounding board group, the possibilities of urban lot exchange have been tested through the Urban Lot Exchange Stimulation Programme. As the programme's annual report shows, the experience is positive. Urban lot exchange has potential in areas where ownership is fragmented. The programme has fostered awareness and application of lot exchange. A good example, to make it concrete, is the Merwedekanaanzone in Utrecht, where municipalities and owners prepare a new plan, regardless of the limits of ownership. In the meantime, an intention agreement has been signed as a basis for further cooperation and exchange of property. The housing crisis was a good example where a very large number of new homes are realized within the city. The Christian Union asked about the letter from the KNB and my response to it. The letter is known to me. About the boundary between rural and urban areas the following. The notary checks a lot exchange against its description in the bill and against the criteria laid down for the lot exchange rural area. If lots with an urban function are involved in the exchange, there is no lot exchange rural area. The municipality defines what belongs to urban area and the notary is simply going to check which lots it concerns and where they fall under: under the definition of the lot exchange urban area or not. Actually, that's how it is. In the programme Getting started with the Environment Act, particular attention will be paid to lot exchange, and a practical manual will also be published to remove any uncertainties here. The question then was whether registration of the lot exchange agreement was an obligation. The draft law explicitly stipulates that the lot exchange agreement is to be entered in the public registers. As a result, it will have the desired business effect, which means that any successors under special titles will be bound to the lot exchange agreement. It is also stipulated that the subsequent action, resulting in the acquisition of property ownership rights in immovable property, shall be entered in the public registers. The explanatory memorandum to the legislative proposal also makes it clear that the parties have no choice as to the registration in the registers. Then there was the question as to whether it was clear to the notary that he had to investigate in the processing of a re-arrest document. The notary has an obligation to investigate the Land Registry and investigates the legal status of the real estate listed in the Relandings Act. That is, of course, one of the core tasks of the notary. The search for a notary at a re-arrestation certificate is similar to the investigation that takes place during a regular transfer. D66 asked whether the Minister considered it possible for the government to actually make this instrument possible in the event of positive research results regarding the introduction of mandatory urban land consolidation. Yes, the government has an open attitude towards urban land consolidation. It has advantages and disadvantages, but that is why we should also consider what a mandatory urban land consolidation scheme could look like and what its effects would be. If that research is available, we will be happy to discuss it. Then there is the need for improvement in the case of voluntary lot exchange, on which the SGP asked a question. Why is the specific improvement requirement not deleted or the legal text clarifies that the specific improvement requirement does not need to be assessed independently? The improvement requirement for lot exchange is an important requirement in relation to the efficient use of public funds. That requirement is important for exemption from transfer tax. That is why this demand is made for improvement. The exemption therefore applies only to a lot exchange rural area which aims at an improvement. Otherwise, that exemption will not apply. The Tax Administration also checks whether these conditions for exemption from transfer tax are met. Moreover, this improvement requirement is not a new requirement, it is already covered by the current legislation."
ParlaMint-NL_2020-06-11-tweedekamer-9.u89,2020,2020-06,Mark Harbers,Unknown,energy-general,3,"Thank you, Mr. Chairman. At the end of last year, the Supreme Court dismissed the state's appeal against Urgenda and thus the previous judgment became final. The VVD Group would have preferred a different outcome, especially in view of the fact that many measures have been taken to reduce CO emissions in the Netherlands in the coming decades and to reduce them to the Paris target. That transition has now really been deployed, supported by many companies and institutions in the Climate Agreement. But within the Dutch rule of law we accept this judgment. Hence the cabinet's efforts to comply with the verdict. And if that is the case, we also think that it is a good idea that the cabinet has also looked at measures taken to give economic impetus to sectors that are currently struggling as a result of the corona crisis. The same crisis is currently causing a temporary reduction in CO emissions, mainly due to a change in electricity demand. This gives extra importance to the adaptive strategy which the Minister intends to pursue with regard to the reduction of production in coal-fired power stations. This measure is the biggest blow in this package of measures and therefore an inevitable part, but it is important to measure it. After all, even if we do nothing, coal plants will be closed by 2030 anyway. So in order to reduce CO emissions more quickly, the government has to put a fee on the table. I therefore believe that the measure should not go beyond what is necessary to comply with the judgment. So there are just a few more questions about that. The measure will be announced temporarily for a few years. Does the Minister have a picture of how many years that will have to be? What does the intended weighing moment look like? On the basis of what information will the measure be adjusted if it so wishes? The corresponding law is due to enter into force at the end of this year, but now the PBL has published several scenarios, depending on how long the corona crisis lasts. Is there also a possibility of flexibility, for fine-tuning, following the entry into force of the law, depending on CO2 emissions and expectations in 2021 and later? I have a question for the effect, so the answer does not have to be given today. The Minister announced that he would inform the Chamber before the summer. How's it going for the summer? Could he then take the next thought with him? It points out that this measure may also have a nitrogen effect. It is of its nature that this measure is temporary. The government's nitrogen approach has now indicated that the temporary nitrogen reduction may be used for projects, such as sustainability projects, which have only a temporary nitrogen effect. I would ask the Minister to answer the question as to whether this measure can be added to the coal-fired power plant, so that the temporary nitrogen effect can be temporarily used again. Mr. Chairman. The other measures focus not only on being feasible in the short term, but also on seducing people and businesses to reduce CO emissions. That's what got us out of the heart. In our view, it can stimulate people if we take measures that will also have a positive effect on themselves, for example energy savings, which you will find in your energy bill. The goal we support is CO reduction, but in a way that doesn't have to change the way of life for people. A few more questions and comments on the rest of the package of measures. When is the outcome of the exploration for specific measures in industry known? For greenhouse horticulture additional support has now been announced in the form of LED lighting in greenhouses. A good thing, but it is without prejudice to the fact that the cabinet is still engaged in a broader investigation into the impact of the Climate Agreement and the ODE increase on greenhouse horticulture. My question is when it will be ready. Then there is the SDE spring round, which we discussed earlier in a previous Urgenda debate. It was raised in view of the Urgendavonnis. Will the applications that receive a grant on the basis of this round also be subject to the extended implementation period due to the corona crisis? Finally, it is a good thing that funds are available for SMEs. Mrs Mulder and I have already made a commitment to this in the budget debate. It is precisely in these difficult times that the money to invest in renewable energy evaporates or evaporates there, and SMEs would have to face up to the wall if they had to comply with an information requirement for energy saving but then have no chance of taking any action to actually invest and take measures. Apart from the package, I would also like to inform the Minister that this is something he must constantly take into account in the future. Thank you."
ParlaMint-NL_2019-03-13-tweedekamer-14.u3,2019,2019-03,Jessicavan Eijs,Unknown,energy-general,2,"Mr Smeulders talks about 'back to the Energy Index'. Now, fortunately, it has never been completely abolished; so that's nice. He also argues in his motion that the average energy consumption is not now included. That's right, but it's not done in the Energy Index either. So I wonder what exactly Mr Smeulders wants with that."
ParlaMint-NL_2022-03-23-tweedekamer-8.u84,2022,2022-03,Marieke Koekkoek,Unknown,energy-general,0,"I fully agree with Mr Sjoerdsma. That is why, in my first reply, I indicated that there are alternatives, such as those from Algeria. Mr Sjoerdsma indicated that himself. So that's what we're agreed on. I'm trying to point out that maybe I'm repeating a little bit that in times of crisis we're sometimes inclined, with some kind of tunnel vision, to go the way of the least resistance. The path of the least resistance is: back to unsustainable energy. This means, for example, the reopening of coal-fired power stations. I believe that Mr Sjoerdsma and I agree that we do not want that. At the moment when there would be an energy shortage that's already going on and scenarios are already being written for it, Volt says: bet on sustainable alternatives. So instead of opening a coal power plant, go, for example, for unsustainable but better gas from Algeria. That is the short term, but at the same time keep the instruments we have, like those two directives I mentioned, on hand and do not go back to what you already know in a time of crisis."
ParlaMint-NL_2019-05-27-eerstekamer-3.u83,2019,2019-05,Arda Gerkens,Unknown,energy-general,3,We have indeed listened for ten minutes to Mr Bruijn's speech on why this is necessary for the sustainability of public finances. I have also mentioned it in my speech: this is about yields that will emerge in 2060. I remember the cabinet saying that everyone was improving and that the energy bill wouldn't rise. So how sure is it that Mr Bruijn's image is going to take place in this way in 2060? Or does Mr Bruijn also see the possibility that things might be different?
ParlaMint-NL_2019-09-10-tweedekamer-25.u2,2019,2019-09,Tomvander Lee,Unknown,energy-general,0,"Thank you, Mr. Chairman. I'm going to file two motions. The first concerns the issue of the shortage of grid capacity in parts of the Netherlands, which prevents renewable energy from being unlocked. That's a problem. We just got a new letter about that. That's why I changed my motion. It's like this. [[Motion]] [[The Chamber,]] [[heard the debate,]] [[calls on the Government to ensure that when the ACM declares a complaint on a negative transport indication to be well founded, the SDE+ application in question is still dealt with in the same SDE+ round,]] [[and goes to the order of the day.]] [[This motion has been proposed by Mr Van der Lee. It seems to me that their submission is sufficiently supported.]] [[She's getting No. kst-32813-379]]"
ParlaMint-NL_2019-12-18-tweedekamer-7.u62,2019,2019-12,Khadija Arib,Unknown,energy-general,2,Thank you. This brings us to the end of this VAO Climate and Energy.
ParlaMint-NL_2022-03-23-tweedekamer-4.u198,2022,2022-03,Pieter Grinwis,Unknown,energy-general,0,"I thank the Minister for that. The point is that there are, of course, several municipalities which currently have interest to be paid at the Heat Fund or at the Credit Bank, which have to cancel or advance. That's how they help low-income people isolate their homes. That is, of course, one-off investments and years of taking advantage of a lower energy bill. This is now being made impossible for people in debt relief. It is therefore the specific example of municipalities that are already helping these people at the moment. But there is still an obstacle in the regulation. Thank you for the commitment. I welcome the fact that this case has been dealt with."
ParlaMint-NL_2021-06-22-eerstekamer-8.u32,2021,2021-06,Henk Otten,Unknown,energy-general,2,I was very integrated when Mr Van Ballekom of the VVD mentioned the energy mix of the VVD. What does that energy mix look like? Is there room for nuclear power?
ParlaMint-NL_2021-12-15-tweedekamer-4.u23,2021,2021-12,Lammertvan Raan,Unknown,energy-general,0,"It is right that we are concerned about the discharge of polluted water. I have four motions. [[Motion]] [[The Chamber,]] [[heard the debate,]] [[noting that ONE-Dyas has applied for a licence to obtain natural gas in gas field NO5S-A;]] [[Whereas these companies intend, inter alia, to discharge benzene, mercury, zinc and methanol through the production water in the North Sea;]] [[noting that State surveillance of the Mines calls this undesirable, but can do little about it because of the lack of regulation;]] [[noting that the Mines Council expressed concern about the extent of the discharges;]] [[Whereas this is less than 20 kilometres above Schiermonnikoog and threatens a newly restored shellfish reef;]] [[calls on the Government not to allow discharges of contaminated production water,]] [[and goes to the order of the day.]] [[Motion]] [[The Chamber,]] [[heard the debate,]] [[noting that in the file on gas extraction at Ternaard, the cabinet states that it is no different than to comply with the law;]] [[noting that the cabinet says that it is bound by the law and the rule of law, and that it should implement it;]] [[noting that there are companies operating without a natural permit, including Schiphol Airport;]] [[noting that Schiphol was requested to apply for a natural permit as early as 2019;]] [[noting that this State participation is not subject to the law by the Cabinet;]] [[calls on the Government to take enforcement action when a company, and certainly a State participation, does not have the necessary permits,]] [[and goes to the order of the day.]] [[Motion]] [[The Chamber,]] [[heard the debate,]] [[noting that the Minister states that drilling (slope) from outside the Natura 2000 area to extract gas under the Natura 2000 area is not contrary to the principle that gas can no longer be extracted in the Natura 2000 areas of Wadden Sea and North Sea Coastal Zone;]] [[noting that drilling by the Chamber in the Wadden Sea area has made it impossible with Vos's amendment adopted in 2016 (34348, No. 103);]] [[points out that drilling from outside and under the Natura 2000 areas of Wadden Sea and North Sea Coastal Zone is also covered by the Mining Act and that the Cabinet cannot therefore agree to the extraction plan,]] [[and goes to the order of the day.]] [[This motion has been proposed by Members Van Raan and Beckerman.]] [[She's getting No. kst-33529-928]] [[This motion has been proposed by Mr Van Raan.]] [[She's getting No. kst-33529-929]] [[This motion has been proposed by Members Van Raan and Beckerman.]] [[She's getting No. kst-33529-930]]"
ParlaMint-NL_2022-06-09-tweedekamer-8.u87,2022,2022-06,Olaf Ephraim,Unknown,security,0,"Mr. Chairman. The Netherlands has traditionally had a reputation of solidity, economy and thrift, wary of wild business adventures, throwing money over the bar or administrative sloppyness. Well, the state's accounts wouldn't be too bad for a third-rate collection agency by now. Year after year, the General Court has turned a finger on the government. Successive ministers promised to get better: ""Next time we'll do our best to get a good school report from the Court's accountants."" And then it goes wrong again. The ministers remain seated; the same is true of pupils who have not understood the lesson. With the knowledge of today, I would like to ask what the Minister or perhaps the Prime Minister would have done differently. BVNL wants a smaller government and lower taxes. That goes hand in hand. The government costs money and does not generate money. The bigger the government, the bigger the waste. That's what we're seeing for the third year in a row. The ordinary hardworking Dutchman may pay the bill of that spilliness in the form of higher taxes. The growth of the almighty government, which wishes to interfere with every step of the citizen and which determines what is good for the people, continues unbridled. I hold my heart on climate and nitrogen funds, together EUR 60 billion. BVNL is also in favour of climate: a favourable location climate, a friendly tax environment and a fair business environment in which working pays and saving is not penalised. In short, a smaller government, lower charges. Mr. Chairman. The good hardworking citizen is plagued by inflation, housing shortage and towering energy bills and sees Schiphol turn into a day camping. He should not get it in his brain to fill out a form error once or to make an administrative mistake in SMEs, because the distrustful state apparatus will put him in the official meat grinder. But the state continues with flawed accounting, including unlawful obligations. That's about 5% of the total or about 15 billion over 2021. With unlawful income, the State does not have so many problems, but fortunately the Supreme Court has more or less prevented tax robbery in box 3. The fact that the accounts are not correct again cannot be surprising. The government does not have a complete overview of all its assets either. Its value is about 350 billion, as the Court of Auditors reported to us at the end of last year. All of us own ports, real estate, roads, bridges, barracks and so on. All these things add up to about EUR 350 billion, but how this is administered is not entirely clear. Mr. Chairman. If the State were a company, the CFO would have been nail-biting under the valium to await the opinion of the shareholders and the supervisory board. The Commissioners would then first check their liability insurance before giving a judgment. But maybe I'm too strict. Management taking the measure is always easier than self-driving. I would therefore like to repeat the message of the President of the General Court: a paper reality is emerging that is independent of real reality, and this problem is in danger of getting worse. ""On paper, we approve what is not really acceptable,"" the Court of Auditors rightly said. The implementation by the government in relation to its citizens and the provision of public goods are more and more unsatisfactory. Society is changing faster and is becoming more complex. Both the Court of Auditors, the Council of State, the National Ombudsman and senior officials warn time and time again that policy and implementation are increasingly wringing. That is a problem for all of us, including politics. By always demanding exceptions, additions, modifications and adjustments with the best intentions, rules become increasingly complicated and sometimes impossible to implement and enforce. At a bank, the golden rule is that the back office, say the operations, should never lag behind the front office, the commerce, to avoid foreseeable disasters. That's what the government should do. I should like to hear from the cabinet that the feasibility and not necessarily the political will prevails on new proposals. Can the Cabinet undertake to do this? Finally. Too often I read that loyal officials write that it is feasible, provided there are no other priorities, the occupation is improved qualitatively and quantitatively within three months, the absenteeism is halves, the Prime Minister learns Chinese in one week and the Minister of Finance places himself in front of the semi-final mixed double on Wimbledon. The Frisians then say ""I apologize to the Frisian colleagues for my statement it's just pouring. And that's something different than most people think. Thank you."
ParlaMint-NL_2019-04-02-tweedekamer-25.u101,2019,2019-04,Eric Wiebes,Unknown,energy-general,0,"As regards Mr Nijboer's motion on item No. 602 the following. I really want to focus on the cases that are there. I do not think it is possible to re-evaluate cases that have already been carried out. It is also not that there was a black-and-whitening of the contours at the time, not even by the NAM at the time. Seismicity has also been looked at. And there are also a lot of damages paid to people outside those contours. So as black and white as it seemed, it's not over. But I just don't see this as executable. I have to discourage this motion."
ParlaMint-NL_2022-02-09-tweedekamer-5.u12,2022,2022-02,Sandra Beckerman,Unknown,energy-general,0,"More than 400 billion has been made by the State in gas extraction, more than 400 billion. Again, over 400 billion. In the coalition agreement, there is not a penny extra reserved for Groningen. Earn 400 billion, not a penny extra reserved. There will only be extra money if that gas extraction is increased. It's just what you want to stand for."
ParlaMint-NL_2020-01-14-tweedekamer-8.u190,2020,2020-01,Matthijs Sienot,Unknown,energy-general,0,"Mr. Chairman, thank you very much. Thank you also to the Minister for the answers. I think Mrs Beckerman was right to say that we should mainly talk about the law that comes next, the law on strengthening. Then we will also talk more firmly about speeding up. Today we have nevertheless dealt with a necessary law, with an important step: the NAM out. Very good, but now we have to move on. That brings with it a problem, because we organize it differently. The Minister, Mr Van der Lee and I had an interrupting debate on questions for a preliminary ruling. Frankly, I'm still not convinced that we're doing the right thing if we don't fix this, I say to engineer Wiebes. I am pleased that I have tabled a motion together with Mr Van der Lee, with which we have in any case agreed together a development path for how we can solve the problem, which I believe we see together, in such a way that all judges feel that they remain sufficiently in their right, but above all that the defeated Groningers are being helped. Mr President, having said that, I withdraw my amendment to part No. 16 in."
ParlaMint-NL_2021-12-09-tweedekamer-6.u194,2021,2021-12,Dilan Yeşilgöz- Zegerius,Unknown,energy-general,0,"It has become almost as complex as Mr Bontenbal's Escher story, but we could follow this. Then there is the Boucke motion in part No. 12. I'm getting a little mixed up, excuse me. This motion calls for a number of issues in the context of transparency, as we have also discussed in the debate. I'll give it to you as far as I'm concerned, Chamber. Mr. Chairman. If it is all right, I have one more question from Mr Bontenbal. It was specifically about hydrogen. Mr Bontenbal went into that in more detail. For our hydrogen policy and the subsidies, we are looking in particular at the forthcoming regulations from Europe, as I have just said in detail. These guarantees of origin can play an important role in this. What role can we say when the European rules are clear? But I do think it is important to mention once again that we have not lost a moment with that. This is just the order in which it goes. We are all there ourselves and I think we share a lot of starting points. In the meantime, these guarantees of origin can in any case serve to demonstrate what market players are doing and what their commitment is. I think I will conclude with the same words as I started with: it is a first small step, but it is a very important one, so that we can go on and on. I believe that we are also moving in the direction most Members of Parliament wish."
ParlaMint-NL_2022-02-17-tweedekamer-11.u91,2022,2022-02,Hans Vijlbrief,Unknown,energy-general,0,"I will be the last to deny that the amendment proposed by Mrs Kröger is crystal clear. It's crystal clear. But I think the cabinet's position is also crystal clear. This position is also reflected in the coalition agreement. We'll finish the procedure around Ternaard. Which means we're looking at the nature permit right now. I'm Secretary of State for the Cabinet, so I'm just going to repeat the procedure. But I have to say, I didn't taste a majority for drilling through Ternaard in the Wadden debate. Listening to the debate, I think there is no majority in the Chamber. I could also turn the question around: why go straight through it with a change of law, while the cabinet ends a net trial, which minimises the risk of a claim or a lawsuit of the NAM? After all, it is done neatly through the permit. That would be Mrs Kröger's question again. So these are the two opposing positions. I'm just trying to be as clear as I can be."
ParlaMint-NL_2020-06-11-tweedekamer-9.u214,2020,2020-06,Eric Wiebes,Unknown,energy-general,0,"Yes. I'm not much of a campaign strategist either. The biggest dialogue you have with people and which is by far the most decisive factor when it comes to your home, you don't do with a campaign. That dialogue is about the moment you say: the gas is really going off; there must be a different solution in the years to come, but we are starting now. You don't do that with a campaign. Maybe we agree with each other. That's a very special moment. That goes from kitchen table to good information up to and including funding. That's not what the campaign's about. The campaign isn't about buying the refrigerator or the mixer either, because that's what you do when you buy something. It's about the underlying awareness that something's going on. I am aware that Mrs Dik-Faber thinks that this is not very convincing, if I may put it that way. I will pass that on to the people who are thinking about such a campaign, but I do not have the illusion that a campaign is the most important contribution to support. For example, if you speak or go with those who consult with people in Purmerend door on the other heating of their home, including insulation, the hot water solution, the cooking solution and so on, you will see that there is no alternative but to gain support in this way. I refer to Purmerend, because when I came from there, I was very impressed by the person who does. That's, I think, pure support. There's no campaign against that."
ParlaMint-NL_2019-03-14-tweedekamer-10.u32,2019,2019-03,Thierry Baudet,Unknown,energy-general,0,"The billing, or the explanation of how we get at least 1,000 billion, is extended on our site. You'll find that in no time. And the fact that people have to grow all that on their homes is a logical consequence of the gas ban. Because if houses can no longer be heated via central heating boilers, then a heat pump or a heat installation will have to be installed, and that has enormous consequences. The lukewarm water of that heat pump can only heat a house sufficiently if that house is extremely isolated. And so the gap walls have to come out, there has to be a new roof, there has to be underfloor heating everywhere. And the cost of this amounts to tens of thousands of euros per house."
ParlaMint-NL_2019-11-20-tweedekamer-8.u420,2019,2019-11,Agnes Mulder,Unknown,energy-general,2,"Mr President, the second motion. [[Motion]] [[The Chamber,]] [[heard the debate,]] [[Whereas industry should be encouraged to invest here to ensure that sustainable products are produced in the Netherlands and that employment is maintained;]] [[Considering that industry and larger business will contribute significantly more to the storage of renewable energy by 2020;]] [[calls on the government to open up subsidies in the expanded SDE+ to business as soon as possible and, where necessary, to tailor them so that companies can start investing as quickly as possible, including in technologies that are not yet profitable but fit for cost-effective deployment towards 2030,]] [[and goes to the order of the day.]] [[Motion]] [[The Chamber,]] [[heard the debate,]] [[Whereas ways of storing electricity should be sought to avoid congestion and network congestion;]] [[Whereas, among other things, the energy hub Emmen uses green hydrogen and in Drenthe there is also congestion on the electricity grid;]] [[calls on the Government to consider whether the congestion on the electricity grid can be solved by producing hydrogen and, for example, to avoid grid congestion costs,]] [[and goes to the order of the day.]] [[This motion was tabled by Mr Agnes Mulder, Mr Harbers, Mr Sienot and Mr Dik-Faber. It seems to me that their submission is sufficiently supported.]] [[She's getting No. kst-35300-XIII-39]] [[This motion was tabled by Mr Agnes Mulder, Mr Sienot, Mr Harbers and Mr Dik-Faber. It seems to me that their submission is sufficiently supported.]] [[She's getting No. kst-35300-XIII-40]]"
ParlaMint-NL_2020-09-17-tweedekamer-5.u301,2020,2020-09,Jesse Klaver,Unknown,energy-general,2,"It is a very relevant debate, because it is about the future of our society, about the economy, about the energy supply. It is not right for Mr Dijkhoff to say that we have never laid down a final plan. Yes, we did. Hydrogen is indeed not a generator of energy, but a storage capacity. It can carry energy. You do need it to save all the energy you generate at peak moments, so you can use it at other times. Our solution is very simple. You're gonna have to build more windmills at sea faster. You paint an image as if we had to cover all meadows in the Netherlands with solar panels, but on all roofs in the Netherlands we can take another big step. With all these steps, and by saving energy, we can get there without having to build a new nuclear power plant in the Netherlands. If you want, I can submit the plan to you again. That's what we said in the 1990s, and that's what we're saying now."
ParlaMint-NL_2022-03-23-tweedekamer-8.u79,2022,2022-03,Marieke Koekkoek,Unknown,security,1,"Thank you, Mr. Chairman. The European Union has experienced crisis in recent years: Brexit, the corona pandemic and now the war in Ukraine. Time and time again we see European integration and we see a Europe that works together and acts decisively. That makes sense, because together you stand stronger and the European Union faces challenges that can only be tackled cross-border. But as soon as the crisis is less urgent, we can see that national interests are regained and ambitions are weakened, which does not make full use of the strength of the EU. For a strong Union, we need a European vision and we need to ask ourselves what Europe we want to be. This applies to the reaction to the war in Ukraine, to security and defence policy, to our energy policy and to our economy. The war has a human face in the millions of refugees who come to Europe and are taken care of here. We therefore understand that funds must be available for the border countries that are hit hardest. At the same time, we see how in Poland and Hungary Arab and African refugees are being pushed back and violations of the rule of law continue. How credible is it, then, if Europe claims to stand up for democratic values, if it allows those values to be violated in its own Member States? I ask the Prime Minister not to overlook the crisis of the European rule of law and to ensure that funds in countries such as Poland and Hungary reach the local authorities and aid organisations, while ensuring that independent media can do their work in safety. Mr. Chairman. Our reaction to Ukraine is and must also be valued, because war concerns us all. The EU indicates that it is ready to deploy further coordinated sanctions rapidly. There are several proposals for this, such as the imposition of a full embargo on energy imports, a trade embargo and pressure from third countries to impose sanctions. Can the Prime Minister indicate how the Netherlands relates to these proposals? Mr. Chairman. There is a limit to how economic sanctions can influence the progress of the war. That is why I ask the Prime Minister whether he can write back what the effect of the current and proposed sanctions will be, and what impact they will have on the continuation of the war. The sanctions we impose also have a major impact on third countries. For example, sanctions and the ongoing war are causing famine in South Asia, Africa and Latin America. That is why I am asking the Prime Minister: is there any idea of which banks are handling payments for Russian grain, and are they, like the Russian gas and oil banks, excluded from SWIFT sanctions? And what is the Netherlands' position on the recommendations of the Committee on World Food Security, as set out yesterday in the European Parliament? Then there's our energy dependence. This crisis has made it even clearer that we need to diversify our energy supply as quickly as possible, but we now see that Europe and the Netherlands are focusing on unsustainable alternatives, such as American LNG and biogas, and that they are even talking about reopening coal plants. The situation demands real ambition and accelerating the green transition. That is why I ask the Prime Minister: is the Netherlands prepared to increase the ambitions of the Renewable Energy Directive and the Energy Efficiency Directive, and take a leading role in the Council? If the Netherlands is not prepared to do so, why not?"
ParlaMint-NL_2022-06-01-tweedekamer-3.u2,2022,2022-06,Kiki Hagen,Unknown,climate,3,"Thank you, Mr. Chairman. [[Motion]] [[The Chamber,]] [[heard the debate,]] [[Considering that the war in Ukraine and other geopolitical developments put pressure on the security of supply of certain raw materials;]] [[Whereas these raw materials play a crucial role in important societal transitions, including energy transition;]] [[Whereas the transition to a circular economy can help to improve the security of raw materials through, for example, reuse and recycling;]] [[calls on the Government to increase the strategic independence of the Netherlands by developing a raw materials strategy with relevant ministries, with the strategic acceleration of the circular economy, a green industrial policy and the safeguarding of key raw materials for the energy transition,]] [[and goes to the order of the day.]] [[This motion was tabled by Mr Hagen, Mr Haverbort and Mr Agnes Mulder.]] [[She's getting No. kst-32852-192]]"
ParlaMint-NL_2020-02-13-tweedekamer-5.u3,2020,2020-02,Isabelle Diks,Unknown,economic,2,"(NL) Mr President, I would like the motion in part No. 10 would like to change on two points, namely the following. In the observation that the import tariffs on fossil fuels are abolished in CETA, I would like to add ""products of"" for ""fossil fuels."" In the request that ""the government should commit itself to ensuring that trade agreements in which the EU is a partner do not contain a reduction in import tariffs on fossil fuels,"" I would add ""on fossil fuel products... '. Let's see. The trade agreements in which the EU is a partner, reduction of.... Well, I'm sorry. I'm having less lunch, it turns out."
ParlaMint-NL_2020-11-25-tweedekamer-8.u98,2020,2020-11,Michielvan Nispen,Unknown,energy-general,0,"Let me do something unusual: let me compliment the spokesperson of D66 on the fact that he is making an initiative law on an important subject. We have seen that over the past few years it has been very hard on this subject, on Shell's case and possible interference from the Ministry, on the Wilders case in the Ministry's interference. To what extent does Mr Grothuizen's initiative respond to this type of objection? That's what I like to hear about. I have another question that I'd better take with me right away."
ParlaMint-NL_2021-09-16-tweedekamer-4.u46,2021,2021-09,Joost Eerdmans,Unknown,climate,3,"Thank you, Mr President. Residents were concerned and are still concerned about public health near Tata Steel. That also proves to the gallery today. There are several residents of the IJmond, as well as aldermen, I understand, and representatives, council members. People still don't feel comfortable. Despite yesterday's good news that Tata is starting to switch to hydrogen, there is still a lot of urgency. What does this do for our health? What happens to the fabrics? In the very short term in particular, what will happen to the PAHs, to the lead? Are the ZZS being reduced? That is why we are calling on the cabinet today with one motion, which is currently co-signed by Mr Van Haga, but I hope it will be supported more broadly. [[Motion]] [[The Chamber,]] [[heard the debate,]] [[noting that emissions from Tata Steel of substances of high concern are harmful to public health in the immediate vicinity;]] [[noting that Tata Steel is also under great pressure to achieve a significant CO reduction;]] [[noting that Tata Steel indicated that it would choose to reduce CO emissions and reduce harmful emissions by means of the DRI hydrogen technology;]] [[noting that this technique is complex, requires a great deal of time and research and is unfeasible without substantial subsidies from the government;]] [[Whereas the health and interests of residents and employees of Tata Steel deserve priority;]] [[calls on the Government of Tata Steel to focus fully on the rapid and significant reduction of ZZS and not to pay the company off or additional or accelerated CO reduction,]] [[and goes to the order of the day.]] [[This motion was tabled by Mr Eerdmans and Mr Van Haga.]] [[She's getting No. kst-32813-841]]"
ParlaMint-NL_2022-05-10-tweedekamer-33.u15,2022,2022-05,Mahir Alkaya,Unknown,energy-general,0,"Mr. Chairman. Where some parties will say today that it is embarrassing that the Netherlands is so late in presenting and discussing this plan, the SP actually finds it embarrassing that a plan is needed at all to get some of our own money back from Brussels. That's what the interrupting debate was about just now. Solidarity and emergency aid, especially between friendly countries, is of course important when it comes to a crisis situation, but not in this way. Not through Brussels, where a significant part of the money is hanging. Not only on the condition that the political demands of the EU are met and not long after the crisis is over. However, we are here today because this fund was set up. There is therefore no point in constantly holding such a fundamental debate. Now there's a plan. Then it is also logical that we should discuss this plan in the Dutch Parliament. In doing so, I would like to distinguish between the investments that are being proposed and the reforms that the cabinet intends to undertake, whether under Brussels pressure or not. On the investment side, there are good things to do. These are things that should be done in any case and should be done anyway, such as the sustainability and improvement of our inland waterways, wind energy at sea and the improvement of our railways. These are all useful and necessary investments in our own future. My question to the cabinet is whether these investments would have been different, in terms of size or form, if it had not been for the European Corona Restoration Fund. What is the added value of this fund for the Netherlands? How have these investments been adapted, if that is the case, to meet the requirements of Brussels? In addition, the SP wonders whether consideration has also been given to setting the VAT rate for public transport at zero, as recently made possible by the revision of the VAT Directive. Mr. Chairman. The money to invest in this kind of useful and necessary business, which is really just our own money, is not just from Brussels. To do so, we must meet their political demands and implement the reforms they consider desirable. Fortunately, there are also useful and necessary things, for example when it comes to curbing the unhindered housing market in our country. Thanks to the motion of the SP, for example, the jubelton is reduced more quickly and eventually abolished, as stated in the coalition agreement. In this respect, the Cabinet can therefore count on our support. But the cabinet also wants to triple the flight tax, regardless of whether you fly twenty times a year or only once for a well-deserved holiday. The SP doesn't think that's fair. We have said that several times. But what is completely bizarre is that people who switch to Schiphol, who make a transit, and thus add nothing to our society other than pollution and nuisance, do not have to pay the flight tax. Is the Cabinet prepared to make the flight tax fairer by making the transferrs pay as well? Is it willing to include that in this plan? And is the cabinet prepared to investigate whether every Dutchman can fly once a year without paying that flight tax, so an exemption for a well-deserved holiday for everyone? Mr. Chairman. But in fact, I fear that it will not stop at the flight tax, at the cost of driving or at any of the other unpleasant demands that Brussels imposes on us through this cabinet plan. The EU bureaucracy will not easily give up this new power in the form of the Recovery Fund, the SP fears. Is the government therefore prepared to reiterate in the plan that this fund is temporary and exceptional and that the Netherlands will never, but never, support it again in the future? Thank you."
ParlaMint-NL_2022-06-09-tweedekamer-8.u256,2022,2022-06,Pieter Omtzigt,Unknown,energy-general,0,"I understand that, but rather the impression has really been given that it would be dealt with in the spring note. Now, of course, the situation is much more complex than we had all hoped. So I understand that you're trying to change something that's constantly changing; that's not easy. But there really is an assignment. I have just given an example of the fact that the three owners of coal power stations are completely overcompensated. If we can believe the NRC, it happened with nearly 1.5 billion to stop the coal plants. But we won't get that letter until next week. 800,000 households have to do with less than half of that. On the one hand a great over-compensation, on the other hand a CPB that says 1.1 million households are sinking through the ice. Does the government not see the possibility of ensuring that there is no overcompensation for the decommissioning of coal plants? No one makes as much profit as the owners of stationary coal plants in this country. Doesn't the government see any possibility of doing something for those people?"
ParlaMint-NL_2020-03-10-eerstekamer-8.u182,2020,2020-03,Sander Dekker,Unknown,economic,2,"Let me start with the professional standards. The funding for this lies in the agreements we have now reached with the judiciary. That room's here. I think that the campaign 'I myself have recently spoken with Ruth de Bock' very much in line with all the energy we are now putting into improving the zero and the first line in legal aid and legal aid. It should apply not only to people with a small wallet, but to everyone. Just show you when you're in your right and inform people about it. That's definitely something we're picking up."
